"DESCRIPTION","DURATION IN MS","NAME","PARENT SUITE","START TIME","STATUS","STOP TIME","SUB SUITE","SUITE","TEST CLASS","TEST METHOD"
"","462","PoolPointList","ALL API TEST SUITE","2026-05-05","passed","2026-05-05","Negative_Scenario.PoolPoint_Negative","TESTV2","Negative_Scenario.PoolPoint_Negative","PoolPointList"
"","505","PoolPointList","ALL API TEST SUITE","2026-05-05","passed","2026-05-05","Negative_Scenario.PoolPoint_Negative","TESTV2","Negative_Scenario.PoolPoint_Negative","PoolPointList"
"","480","Peformancelist","ALL API TEST SUITE","2026-05-05","passed","2026-05-05","Negative_Scenario.Performance_Negative","TESTV2","Negative_Scenario.Performance_Negative","Peformancelist"
"","627","Route","ALL API TEST SUITE","2026-05-05","passed","2026-05-05","Negative_Scenario.GlobalMap_Negative","TESTV2","Negative_Scenario.GlobalMap_Negative","Route"
"","502","GetTop3EarningsByParticipant","ALL API TEST SUITE","2026-05-05","passed","2026-05-05","Negative_Scenario.Earnings_Negative","TESTV2","Negative_Scenario.Earnings_Negative","GetTop3EarningsByParticipant"
"","466","Earningsdistribution","ALL API TEST SUITE","2026-05-05","passed","2026-05-05","Negative_Scenario.Earnings_Negative","TESTV2","Negative_Scenario.Earnings_Negative","Earningsdistribution"
"","462","FilterData","ALL API TEST SUITE","2026-05-05","passed","2026-05-05","Negative_Scenario.Filter_Negative","TESTV2","Negative_Scenario.Filter_Negative","FilterData"
"","492","FilterData","ALL API TEST SUITE","2026-05-05","passed","2026-05-05","Negative_Scenario.Filter_Negative","TESTV2","Negative_Scenario.Filter_Negative","FilterData"
"","627","ManageDashboard","ALL API TEST SUITE","2026-05-05","passed","2026-05-05","Negative_Scenario.Dashboard_Negative","TESTV2","Negative_Scenario.Dashboard_Negative","ManageDashboard"
"","493","Savenotifications","ALL API TEST SUITE","2026-05-05","failed","2026-05-05","Negative_Scenario.Notifications_Negative","TESTV2","Negative_Scenario.Notifications_Negative","Savenotifications"
"","468","GetMinMaxAvgBySegment","ALL API TEST SUITE","2026-05-05","passed","2026-05-05","Negative_Scenario.Earnings_Negative","TESTV2","Negative_Scenario.Earnings_Negative","GetMinMaxAvgBySegment"
"","485","PoolPointList","ALL API TEST SUITE","2026-05-05","passed","2026-05-05","Negative_Scenario.PoolPoint_Negative","TESTV2","Negative_Scenario.PoolPoint_Negative","PoolPointList"
"","450","SpeedPercentage","ALL API TEST SUITE","2026-05-05","passed","2026-05-05","Negative_Scenario.Performance_Negative","TESTV2","Negative_Scenario.Performance_Negative","SpeedPercentage"
"","481","ProjectedRoute","ALL API TEST SUITE","2026-05-05","passed","2026-05-05","Negative_Scenario.GlobalMap_Negative","TESTV2","Negative_Scenario.GlobalMap_Negative","ProjectedRoute"
"","537","PoolEarnings","ALL API TEST SUITE","2026-05-05","passed","2026-05-05","Negative_Scenario.MarketData_Negative","TESTV2","Negative_Scenario.MarketData_Negative","PoolEarnings"
"","466","ReadUnreadNotifications","ALL API TEST SUITE","2026-05-05","failed","2026-05-05","Negative_Scenario.Notifications_Negative","TESTV2","Negative_Scenario.Notifications_Negative","ReadUnreadNotifications"
"","482","ArchiveNotifications","ALL API TEST SUITE","2026-05-05","passed","2026-05-05","Negative_Scenario.Notifications_Negative","TESTV2","Negative_Scenario.Notifications_Negative","ArchiveNotifications"
"","944","DashboardList","ALL API TEST SUITE","2026-05-05","failed","2026-05-05","Negative_Scenario.Dashboard_Negative","TESTV2","Negative_Scenario.Dashboard_Negative","DashboardList"
"","496","GetEarningsByParticipant","ALL API TEST SUITE","2026-05-05","passed","2026-05-05","Negative_Scenario.Earnings_Negative","TESTV2","Negative_Scenario.Earnings_Negative","GetEarningsByParticipant"
"","1197","Earningsdistribution","ALL API TEST SUITE","2026-05-05","failed","2026-05-05","Negative_Scenario.Earnings_Negative","TESTV2","Negative_Scenario.Earnings_Negative","Earningsdistribution"
"","1001","VoyageTracking","ALL API TEST SUITE","2026-05-05","passed","2026-05-05","Negative_Scenario.Vessel_Negative","TESTV2","Negative_Scenario.Vessel_Negative","VoyageTracking"
"","4197","SailingTime","ALL API TEST SUITE","2026-05-05","passed","2026-05-05","Negative_Scenario.Vessel_Negative","TESTV2","Negative_Scenario.Vessel_Negative","SailingTime"
"","499","GetTop3EarningsByParticipant","ALL API TEST SUITE","2026-05-05","passed","2026-05-05","Negative_Scenario.Earnings_Negative","TESTV2","Negative_Scenario.Earnings_Negative","GetTop3EarningsByParticipant"
"","1627","Peformancelist","ALL API TEST SUITE","2026-05-05","failed","2026-05-05","Negative_Scenario.Performance_Negative","TESTV2","Negative_Scenario.Performance_Negative","Peformancelist"
"","872","PoolPointList","ALL API TEST SUITE","2026-05-05","failed","2026-05-05","Negative_Scenario.PoolPoint_Negative","TESTV2","Negative_Scenario.PoolPoint_Negative","PoolPointList"
"","480","ArchiveNotifications","ALL API TEST SUITE","2026-05-05","passed","2026-05-05","Negative_Scenario.Notifications_Negative","TESTV2","Negative_Scenario.Notifications_Negative","ArchiveNotifications"
"","3472","VesselOverview","ALL API TEST SUITE","2026-05-05","failed","2026-05-05","Negative_Scenario.Vessel_Negative","TESTV2","Negative_Scenario.Vessel_Negative","VesselOverview"
"","486","Earningsdistribution","ALL API TEST SUITE","2026-05-05","passed","2026-05-05","Negative_Scenario.Earnings_Negative","TESTV2","Negative_Scenario.Earnings_Negative","Earningsdistribution"
"","693","GetEarningsByYard","ALL API TEST SUITE","2026-05-05","failed","2026-05-05","Negative_Scenario.Earnings_Negative","TESTV2","Negative_Scenario.Earnings_Negative","GetEarningsByYard"
"","474","SpeedPercentage","ALL API TEST SUITE","2026-05-05","passed","2026-05-05","Negative_Scenario.Performance_Negative","TESTV2","Negative_Scenario.Performance_Negative","SpeedPercentage"
"","529","CompareVessels","ALL API TEST SUITE","2026-05-05","passed","2026-05-05","Negative_Scenario.Compare_Vessels_Negative","TESTV2","Negative_Scenario.Compare_Vessels_Negative","CompareVessels"
"","997","GetEarningsByYard","ALL API TEST SUITE","2026-05-05","failed","2026-05-05","Negative_Scenario.Earnings_Negative","TESTV2","Negative_Scenario.Earnings_Negative","GetEarningsByYard"
"","520","EuetsByPoolcodes","ALL API TEST SUITE","2026-05-05","passed","2026-05-05","Negative_Scenario.EUETS_Negative","TESTV2","Negative_Scenario.EUETS_Negative","EuetsByPoolcodes"
"","491","GetEarningsBySegment","ALL API TEST SUITE","2026-05-05","passed","2026-05-05","Negative_Scenario.Earnings_Negative","TESTV2","Negative_Scenario.Earnings_Negative","GetEarningsBySegment"
"","467","PoolPointList","ALL API TEST SUITE","2026-05-05","passed","2026-05-05","Negative_Scenario.PoolPoint_Negative","TESTV2","Negative_Scenario.PoolPoint_Negative","PoolPointList"
"","519","FilterData","ALL API TEST SUITE","2026-05-05","passed","2026-05-05","Negative_Scenario.Filter_Negative","TESTV2","Negative_Scenario.Filter_Negative","FilterData"
"","655","VesselonMap","ALL API TEST SUITE","2026-05-05","failed","2026-05-05","Negative_Scenario.GlobalMap_Negative","TESTV2","Negative_Scenario.GlobalMap_Negative","VesselonMap"
"","1134","EuetsByParticipants","ALL API TEST SUITE","2026-05-05","failed","2026-05-05","Negative_Scenario.EUETS_Negative","TESTV2","Negative_Scenario.EUETS_Negative","EuetsByParticipants"
"","579","PoolPointMinMaxAvg","ALL API TEST SUITE","2026-05-05","passed","2026-05-05","Negative_Scenario.PoolPoint_Negative","TESTV2","Negative_Scenario.PoolPoint_Negative","PoolPointMinMaxAvg"
"","440","GetNotification","ALL API TEST SUITE","2026-05-05","passed","2026-05-05","Negative_Scenario.Notifications_Negative","TESTV2","Negative_Scenario.Notifications_Negative","GetNotification"
"","477","VesselOverview","ALL API TEST SUITE","2026-05-05","passed","2026-05-05","Negative_Scenario.Vessel_Negative","TESTV2","Negative_Scenario.Vessel_Negative","VesselOverview"
"","916","PoolPointList","ALL API TEST SUITE","2026-05-05","failed","2026-05-05","Negative_Scenario.PoolPoint_Negative","TESTV2","Negative_Scenario.PoolPoint_Negative","PoolPointList"
"","488","GetTop3EarningsByParticipant","ALL API TEST SUITE","2026-05-05","passed","2026-05-05","Negative_Scenario.Earnings_Negative","TESTV2","Negative_Scenario.Earnings_Negative","GetTop3EarningsByParticipant"
"","4664","HoverDetail","ALL API TEST SUITE","2026-05-05","passed","2026-05-05","Negative_Scenario.Vessel_Negative","TESTV2","Negative_Scenario.Vessel_Negative","HoverDetail"
"","1406","SpeedPercentage","ALL API TEST SUITE","2026-05-05","failed","2026-05-05","Negative_Scenario.Performance_Negative","TESTV2","Negative_Scenario.Performance_Negative","SpeedPercentage"
"","505","EuetsList","ALL API TEST SUITE","2026-05-05","passed","2026-05-05","Negative_Scenario.EUETS_Negative","TESTV2","Negative_Scenario.EUETS_Negative","EuetsList"
"","479","SpeedPercentageBucket","ALL API TEST SUITE","2026-05-05","passed","2026-05-05","Negative_Scenario.Performance_Negative","TESTV2","Negative_Scenario.Performance_Negative","SpeedPercentageBucket"
"","507","Earningsdistribution","ALL API TEST SUITE","2026-05-05","passed","2026-05-05","Negative_Scenario.Earnings_Negative","TESTV2","Negative_Scenario.Earnings_Negative","Earningsdistribution"
"","10054","Route","ALL API TEST SUITE","2026-05-05","failed","2026-05-05","Negative_Scenario.GlobalMap_Negative","TESTV2","Negative_Scenario.GlobalMap_Negative","Route"
"","477","SaveNotificationPreference","ALL API TEST SUITE","2026-05-05","passed","2026-05-05","Negative_Scenario.Notifications_Negative","TESTV2","Negative_Scenario.Notifications_Negative","SaveNotificationPreference"
"","474","GetEarningsBySegment","ALL API TEST SUITE","2026-05-05","passed","2026-05-05","Negative_Scenario.Earnings_Negative","TESTV2","Negative_Scenario.Earnings_Negative","GetEarningsBySegment"
"","480","Savenotifications","ALL API TEST SUITE","2026-05-05","passed","2026-05-05","Negative_Scenario.Notifications_Negative","TESTV2","Negative_Scenario.Notifications_Negative","Savenotifications"
"","606","PoolEarnings","ALL API TEST SUITE","2026-05-05","passed","2026-05-05","Negative_Scenario.MarketData_Negative","TESTV2","Negative_Scenario.MarketData_Negative","PoolEarnings"
"","474","Peformancelist","ALL API TEST SUITE","2026-05-05","passed","2026-05-05","Negative_Scenario.Performance_Negative","TESTV2","Negative_Scenario.Performance_Negative","Peformancelist"
"","493","FilterData","ALL API TEST SUITE","2026-05-05","passed","2026-05-05","Negative_Scenario.Filter_Negative","TESTV2","Negative_Scenario.Filter_Negative","FilterData"
"","3915","MonthlyData","ALL API TEST SUITE","2026-05-05","passed","2026-05-05","Negative_Scenario.Vessel_Negative","TESTV2","Negative_Scenario.Vessel_Negative","MonthlyData"
"","3940","SailingTime","ALL API TEST SUITE","2026-05-05","passed","2026-05-05","Negative_Scenario.Vessel_Negative","TESTV2","Negative_Scenario.Vessel_Negative","SailingTime"
"","4536","VesselVoyages","ALL API TEST SUITE","2026-05-05","passed","2026-05-05","Negative_Scenario.Vessel_Negative","TESTV2","Negative_Scenario.Vessel_Negative","VesselVoyages"
"","453","SpeedPercentage","ALL API TEST SUITE","2026-05-05","passed","2026-05-05","Negative_Scenario.Performance_Negative","TESTV2","Negative_Scenario.Performance_Negative","SpeedPercentage"
"","517","PoolPointList","ALL API TEST SUITE","2026-05-05","passed","2026-05-05","Negative_Scenario.PoolPoint_Negative","TESTV2","Negative_Scenario.PoolPoint_Negative","PoolPointList"
"","509","GetMinMaxAvgBySegment","ALL API TEST SUITE","2026-05-05","passed","2026-05-05","Negative_Scenario.Earnings_Negative","TESTV2","Negative_Scenario.Earnings_Negative","GetMinMaxAvgBySegment"
"","468","Earningsdistribution","ALL API TEST SUITE","2026-05-05","passed","2026-05-05","Negative_Scenario.Earnings_Negative","TESTV2","Negative_Scenario.Earnings_Negative","Earningsdistribution"
"","464","BunkerPrice","ALL API TEST SUITE","2026-05-05","passed","2026-05-05","Negative_Scenario.MarketData_Negative","TESTV2","Negative_Scenario.MarketData_Negative","BunkerPrice"
"","527","SpeedPercentageBucket","ALL API TEST SUITE","2026-05-05","passed","2026-05-05","Negative_Scenario.Performance_Negative","TESTV2","Negative_Scenario.Performance_Negative","SpeedPercentageBucket"
"","489","GetEarningsByVessel","ALL API TEST SUITE","2026-05-05","passed","2026-05-05","Negative_Scenario.Earnings_Negative","TESTV2","Negative_Scenario.Earnings_Negative","GetEarningsByVessel"
"","554","GetEarningsByVessel","ALL API TEST SUITE","2026-05-05","passed","2026-05-05","Negative_Scenario.Earnings_Negative","TESTV2","Negative_Scenario.Earnings_Negative","GetEarningsByVessel"
"","586","SpeedPercentageExport","ALL API TEST SUITE","2026-05-05","failed","2026-05-05","Negative_Scenario.Performance_Negative","TESTV2","Negative_Scenario.Performance_Negative","SpeedPercentageExport"
"","599","MapFilter","ALL API TEST SUITE","2026-05-05","failed","2026-05-05","Negative_Scenario.Filter_Negative","TESTV2","Negative_Scenario.Filter_Negative","MapFilter"
"","547","MapFilter","ALL API TEST SUITE","2026-05-05","failed","2026-05-05","Negative_Scenario.Filter_Negative","TESTV2","Negative_Scenario.Filter_Negative","MapFilter"
"","476","FilterData","ALL API TEST SUITE","2026-05-05","passed","2026-05-05","Negative_Scenario.Filter_Negative","TESTV2","Negative_Scenario.Filter_Negative","FilterData"
"","516","Peformancelist","ALL API TEST SUITE","2026-05-05","passed","2026-05-05","Negative_Scenario.Performance_Negative","TESTV2","Negative_Scenario.Performance_Negative","Peformancelist"
"","475","EarningsExport","ALL API TEST SUITE","2026-05-05","passed","2026-05-05","Negative_Scenario.Earnings_Negative","TESTV2","Negative_Scenario.Earnings_Negative","EarningsExport"
"","450","VesselPositions","ALL API TEST SUITE","2026-05-05","passed","2026-05-05","Negative_Scenario.MarketData_Negative","TESTV2","Negative_Scenario.MarketData_Negative","VesselPositions"
"","468","VesselPositions","ALL API TEST SUITE","2026-05-05","passed","2026-05-05","Negative_Scenario.MarketData_Negative","TESTV2","Negative_Scenario.MarketData_Negative","VesselPositions"
"","599","DashboardList","ALL API TEST SUITE","2026-05-05","failed","2026-05-05","Negative_Scenario.Dashboard_Negative","TESTV2","Negative_Scenario.Dashboard_Negative","DashboardList"
"","474","Eventtypes","ALL API TEST SUITE","2026-05-05","passed","2026-05-05","Negative_Scenario.Filter_Negative","TESTV2","Negative_Scenario.Filter_Negative","Eventtypes"
"","4537","VesselVoyages","ALL API TEST SUITE","2026-05-05","failed","2026-05-05","Negative_Scenario.Vessel_Negative","TESTV2","Negative_Scenario.Vessel_Negative","VesselVoyages"
"","702","GetEarningsByVessel","ALL API TEST SUITE","2026-05-05","failed","2026-05-05","Negative_Scenario.Earnings_Negative","TESTV2","Negative_Scenario.Earnings_Negative","GetEarningsByVessel"
"","4505","MonthlyData","ALL API TEST SUITE","2026-05-05","failed","2026-05-05","Negative_Scenario.Vessel_Negative","TESTV2","Negative_Scenario.Vessel_Negative","MonthlyData"
"","480","GetNotification","ALL API TEST SUITE","2026-05-05","failed","2026-05-05","Negative_Scenario.Notifications_Negative","TESTV2","Negative_Scenario.Notifications_Negative","GetNotification"
"","492","GetEarningsBySegment","ALL API TEST SUITE","2026-05-05","passed","2026-05-05","Negative_Scenario.Earnings_Negative","TESTV2","Negative_Scenario.Earnings_Negative","GetEarningsBySegment"
"","908","DashboardList","ALL API TEST SUITE","2026-05-05","failed","2026-05-05","Negative_Scenario.Dashboard_Negative","TESTV2","Negative_Scenario.Dashboard_Negative","DashboardList"
"","3892","MonthlyData","ALL API TEST SUITE","2026-05-05","passed","2026-05-05","Negative_Scenario.Vessel_Negative","TESTV2","Negative_Scenario.Vessel_Negative","MonthlyData"
"","511","PoolPointMinMaxAvg","ALL API TEST SUITE","2026-05-05","passed","2026-05-05","Negative_Scenario.PoolPoint_Negative","TESTV2","Negative_Scenario.PoolPoint_Negative","PoolPointMinMaxAvg"
"","4881","VesselVoyages","ALL API TEST SUITE","2026-05-05","failed","2026-05-05","Negative_Scenario.Vessel_Negative","TESTV2","Negative_Scenario.Vessel_Negative","VesselVoyages"
"","712","GetEarningsByVessel","ALL API TEST SUITE","2026-05-05","failed","2026-05-05","Negative_Scenario.Earnings_Negative","TESTV2","Negative_Scenario.Earnings_Negative","GetEarningsByVessel"
"","523","CompareVessels","ALL API TEST SUITE","2026-05-05","passed","2026-05-05","Negative_Scenario.Compare_Vessels_Negative","TESTV2","Negative_Scenario.Compare_Vessels_Negative","CompareVessels"
"","478","FuelEuByVessel","ALL API TEST SUITE","2026-05-05","passed","2026-05-05","Negative_Scenario.FuelEU_Negative","TESTV2","Negative_Scenario.FuelEU_Negative","FuelEuByVessel"
"","506","EuetsByParticipants","ALL API TEST SUITE","2026-05-05","passed","2026-05-05","Negative_Scenario.EUETS_Negative","TESTV2","Negative_Scenario.EUETS_Negative","EuetsByParticipants"
"","537","CompareVessels","ALL API TEST SUITE","2026-05-05","passed","2026-05-05","Negative_Scenario.Compare_Vessels_Negative","TESTV2","Negative_Scenario.Compare_Vessels_Negative","CompareVessels"
"","603","SpeedPercentageBucket","ALL API TEST SUITE","2026-05-05","failed","2026-05-05","Negative_Scenario.Performance_Negative","TESTV2","Negative_Scenario.Performance_Negative","SpeedPercentageBucket"
"","462","SpeedPercentage","ALL API TEST SUITE","2026-05-05","passed","2026-05-05","Negative_Scenario.Performance_Negative","TESTV2","Negative_Scenario.Performance_Negative","SpeedPercentage"
"","492","EarningsExport","ALL API TEST SUITE","2026-05-05","passed","2026-05-05","Negative_Scenario.Earnings_Negative","TESTV2","Negative_Scenario.Earnings_Negative","EarningsExport"
"","499","SpeedPercentageExport","ALL API TEST SUITE","2026-05-05","passed","2026-05-05","Negative_Scenario.Performance_Negative","TESTV2","Negative_Scenario.Performance_Negative","SpeedPercentageExport"
"","459","Earningsdistribution","ALL API TEST SUITE","2026-05-05","passed","2026-05-05","Negative_Scenario.Earnings_Negative","TESTV2","Negative_Scenario.Earnings_Negative","Earningsdistribution"
"","4981","VesselVoyages","ALL API TEST SUITE","2026-05-05","failed","2026-05-05","Negative_Scenario.Vessel_Negative","TESTV2","Negative_Scenario.Vessel_Negative","VesselVoyages"
"","512","DashboardRemove","ALL API TEST SUITE","2026-05-05","passed","2026-05-05","Negative_Scenario.Dashboard_Negative","TESTV2","Negative_Scenario.Dashboard_Negative","DashboardRemove"
"","541","GetEarningsByParticipant","ALL API TEST SUITE","2026-05-05","passed","2026-05-05","Negative_Scenario.Earnings_Negative","TESTV2","Negative_Scenario.Earnings_Negative","GetEarningsByParticipant"
"","3981","HoverDetail","ALL API TEST SUITE","2026-05-05","passed","2026-05-05","Negative_Scenario.Vessel_Negative","TESTV2","Negative_Scenario.Vessel_Negative","HoverDetail"
"","622","FuelEuByMonth","ALL API TEST SUITE","2026-05-05","failed","2026-05-05","Negative_Scenario.FuelEU_Negative","TESTV2","Negative_Scenario.FuelEU_Negative","FuelEuByMonth"
"","1042","EuetsByParticipants","ALL API TEST SUITE","2026-05-05","failed","2026-05-05","Negative_Scenario.EUETS_Negative","TESTV2","Negative_Scenario.EUETS_Negative","EuetsByParticipants"
"","446","SegmentsPools","ALL API TEST SUITE","2026-05-05","passed","2026-05-05","Negative_Scenario.MarketData_Negative","TESTV2","Negative_Scenario.MarketData_Negative","SegmentsPools"
"","476","GetMinMaxAvgBySegment","ALL API TEST SUITE","2026-05-05","passed","2026-05-05","Negative_Scenario.Earnings_Negative","TESTV2","Negative_Scenario.Earnings_Negative","GetMinMaxAvgBySegment"
"","497","FilterData","ALL API TEST SUITE","2026-05-05","passed","2026-05-05","Negative_Scenario.Filter_Negative","TESTV2","Negative_Scenario.Filter_Negative","FilterData"
"","1043","GetEarningsByYard","ALL API TEST SUITE","2026-05-05","failed","2026-05-05","Negative_Scenario.Earnings_Negative","TESTV2","Negative_Scenario.Earnings_Negative","GetEarningsByYard"
"","574","Peformancelist","ALL API TEST SUITE","2026-05-05","passed","2026-05-05","Negative_Scenario.Performance_Negative","TESTV2","Negative_Scenario.Performance_Negative","Peformancelist"
"","525","PoolPointMinMaxAvg","ALL API TEST SUITE","2026-05-05","passed","2026-05-05","Negative_Scenario.PoolPoint_Negative","TESTV2","Negative_Scenario.PoolPoint_Negative","PoolPointMinMaxAvg"
"","4021","SailingTime","ALL API TEST SUITE","2026-05-05","failed","2026-05-05","Negative_Scenario.Vessel_Negative","TESTV2","Negative_Scenario.Vessel_Negative","SailingTime"
"","528","CompareVessels","ALL API TEST SUITE","2026-05-05","passed","2026-05-05","Negative_Scenario.Compare_Vessels_Negative","TESTV2","Negative_Scenario.Compare_Vessels_Negative","CompareVessels"
"","1034","GetEarningsBySegment","ALL API TEST SUITE","2026-05-05","failed","2026-05-05","Negative_Scenario.Earnings_Negative","TESTV2","Negative_Scenario.Earnings_Negative","GetEarningsBySegment"
"","539","VesselAllEventSummary","ALL API TEST SUITE","2026-05-05","passed","2026-05-05","Negative_Scenario.Vessel_Negative","TESTV2","Negative_Scenario.Vessel_Negative","VesselAllEventSummary"
"","614","SpeedPercentageBucket","ALL API TEST SUITE","2026-05-05","failed","2026-05-05","Negative_Scenario.Performance_Negative","TESTV2","Negative_Scenario.Performance_Negative","SpeedPercentageBucket"
"","516","UpdateHistoricalRouteFromSearchRoute","ALL API TEST SUITE","2026-05-05","passed","2026-05-05","Negative_Scenario.GlobalMap_Negative","TESTV2","Negative_Scenario.GlobalMap_Negative","UpdateHistoricalRouteFromSearchRoute"
"","597","GetMinMaxAvgBySegment","ALL API TEST SUITE","2026-05-05","failed","2026-05-05","Negative_Scenario.Earnings_Negative","TESTV2","Negative_Scenario.Earnings_Negative","GetMinMaxAvgBySegment"
"","471","SpeedPercentageBucket","ALL API TEST SUITE","2026-05-05","passed","2026-05-05","Negative_Scenario.Performance_Negative","TESTV2","Negative_Scenario.Performance_Negative","SpeedPercentageBucket"
"","780","PoolPointMinMaxAvg","ALL API TEST SUITE","2026-05-05","failed","2026-05-05","Negative_Scenario.PoolPoint_Negative","TESTV2","Negative_Scenario.PoolPoint_Negative","PoolPointMinMaxAvg"
"","442","FuelEughglimits","ALL API TEST SUITE","2026-05-05","passed","2026-05-05","Negative_Scenario.FuelEU_Negative","TESTV2","Negative_Scenario.FuelEU_Negative","FuelEughglimits"
"","489","FilterData","ALL API TEST SUITE","2026-05-05","passed","2026-05-05","Negative_Scenario.Filter_Negative","TESTV2","Negative_Scenario.Filter_Negative","FilterData"
"","468","FilterData","ALL API TEST SUITE","2026-05-05","passed","2026-05-05","Negative_Scenario.Filter_Negative","TESTV2","Negative_Scenario.Filter_Negative","FilterData"
"","724","UpdateHistoricalRouteFromSearchRoute","ALL API TEST SUITE","2026-05-05","passed","2026-05-05","Negative_Scenario.GlobalMap_Negative","TESTV2","Negative_Scenario.GlobalMap_Negative","UpdateHistoricalRouteFromSearchRoute"
"","658","ManageDashboard","ALL API TEST SUITE","2026-05-05","failed","2026-05-05","Negative_Scenario.Dashboard_Negative","TESTV2","Negative_Scenario.Dashboard_Negative","ManageDashboard"
"","527","ManageWidget","ALL API TEST SUITE","2026-05-05","failed","2026-05-05","Negative_Scenario.Dashboard_Negative","TESTV2","Negative_Scenario.Dashboard_Negative","ManageWidget"
"","467","BunkerPrice","ALL API TEST SUITE","2026-05-05","passed","2026-05-05","Negative_Scenario.MarketData_Negative","TESTV2","Negative_Scenario.MarketData_Negative","BunkerPrice"
"","505","GetEarningsByParticipant","ALL API TEST SUITE","2026-05-05","passed","2026-05-05","Negative_Scenario.Earnings_Negative","TESTV2","Negative_Scenario.Earnings_Negative","GetEarningsByParticipant"
"","515","GetTop3EarningsByParticipant","ALL API TEST SUITE","2026-05-05","passed","2026-05-05","Negative_Scenario.Earnings_Negative","TESTV2","Negative_Scenario.Earnings_Negative","GetTop3EarningsByParticipant"
"","484","GetEarningsByYard","ALL API TEST SUITE","2026-05-05","passed","2026-05-05","Negative_Scenario.Earnings_Negative","TESTV2","Negative_Scenario.Earnings_Negative","GetEarningsByYard"
"","483","VesselonMap","ALL API TEST SUITE","2026-05-05","passed","2026-05-05","Negative_Scenario.GlobalMap_Negative","TESTV2","Negative_Scenario.GlobalMap_Negative","VesselonMap"
"","530","GetMinMaxAvgBySegment","ALL API TEST SUITE","2026-05-05","passed","2026-05-05","Negative_Scenario.Earnings_Negative","TESTV2","Negative_Scenario.Earnings_Negative","GetMinMaxAvgBySegment"
"","590","GetEarningsByYard","ALL API TEST SUITE","2026-05-05","passed","2026-05-05","Negative_Scenario.Earnings_Negative","TESTV2","Negative_Scenario.Earnings_Negative","GetEarningsByYard"
"","500","SpeedPercentageBucket","ALL API TEST SUITE","2026-05-05","passed","2026-05-05","Negative_Scenario.Performance_Negative","TESTV2","Negative_Scenario.Performance_Negative","SpeedPercentageBucket"
"","934","VoyageTracking","ALL API TEST SUITE","2026-05-05","passed","2026-05-05","Negative_Scenario.Vessel_Negative","TESTV2","Negative_Scenario.Vessel_Negative","VoyageTracking"
"","742","SpeedPercentageExport","ALL API TEST SUITE","2026-05-05","failed","2026-05-05","Negative_Scenario.Performance_Negative","TESTV2","Negative_Scenario.Performance_Negative","SpeedPercentageExport"
"","475","PoolPointList","ALL API TEST SUITE","2026-05-05","passed","2026-05-05","Negative_Scenario.PoolPoint_Negative","TESTV2","Negative_Scenario.PoolPoint_Negative","PoolPointList"
"","629","GetMinMaxAvgBySegment","ALL API TEST SUITE","2026-05-05","failed","2026-05-05","Negative_Scenario.Earnings_Negative","TESTV2","Negative_Scenario.Earnings_Negative","GetMinMaxAvgBySegment"
"","819","NoonReport","ALL API TEST SUITE","2026-05-05","failed","2026-05-05","Negative_Scenario.GlobalMap_Negative","TESTV2","Negative_Scenario.GlobalMap_Negative","NoonReport"
"","540","FuelEuByMonth","ALL API TEST SUITE","2026-05-05","failed","2026-05-05","Negative_Scenario.FuelEU_Negative","TESTV2","Negative_Scenario.FuelEU_Negative","FuelEuByMonth"
"","1041","EuetsByParticipants","ALL API TEST SUITE","2026-05-05","failed","2026-05-05","Negative_Scenario.EUETS_Negative","TESTV2","Negative_Scenario.EUETS_Negative","EuetsByParticipants"
"","524","GetEarningsBySegment","ALL API TEST SUITE","2026-05-05","failed","2026-05-05","Negative_Scenario.Earnings_Negative","TESTV2","Negative_Scenario.Earnings_Negative","GetEarningsBySegment"
"","621","GetTop3EarningsByParticipant","ALL API TEST SUITE","2026-05-05","passed","2026-05-05","Negative_Scenario.Earnings_Negative","TESTV2","Negative_Scenario.Earnings_Negative","GetTop3EarningsByParticipant"
"","1107","GetEarningsByYard","ALL API TEST SUITE","2026-05-05","failed","2026-05-05","Negative_Scenario.Earnings_Negative","TESTV2","Negative_Scenario.Earnings_Negative","GetEarningsByYard"
"","461","SpeedPercentageExport","ALL API TEST SUITE","2026-05-05","passed","2026-05-05","Negative_Scenario.Performance_Negative","TESTV2","Negative_Scenario.Performance_Negative","SpeedPercentageExport"
"","488","Peformancelist","ALL API TEST SUITE","2026-05-05","passed","2026-05-05","Negative_Scenario.Performance_Negative","TESTV2","Negative_Scenario.Performance_Negative","Peformancelist"
"","489","EuetsByPoolcodes","ALL API TEST SUITE","2026-05-05","failed","2026-05-05","Negative_Scenario.EUETS_Negative","TESTV2","Negative_Scenario.EUETS_Negative","EuetsByPoolcodes"
"","5512","VesselVoyages","ALL API TEST SUITE","2026-05-05","passed","2026-05-05","Negative_Scenario.Vessel_Negative","TESTV2","Negative_Scenario.Vessel_Negative","VesselVoyages"
"","480","SpeedPercentageBucket","ALL API TEST SUITE","2026-05-05","passed","2026-05-05","Negative_Scenario.Performance_Negative","TESTV2","Negative_Scenario.Performance_Negative","SpeedPercentageBucket"
"","530","EarningsExport","ALL API TEST SUITE","2026-05-05","passed","2026-05-05","Negative_Scenario.Earnings_Negative","TESTV2","Negative_Scenario.Earnings_Negative","EarningsExport"
"","527","PoolPointList","ALL API TEST SUITE","2026-05-05","passed","2026-05-05","Negative_Scenario.PoolPoint_Negative","TESTV2","Negative_Scenario.PoolPoint_Negative","PoolPointList"
"","462","BunkerPrice","ALL API TEST SUITE","2026-05-05","passed","2026-05-05","Negative_Scenario.MarketData_Negative","TESTV2","Negative_Scenario.MarketData_Negative","BunkerPrice"
"","506","SpeedPercentageBucket","ALL API TEST SUITE","2026-05-05","passed","2026-05-05","Negative_Scenario.Performance_Negative","TESTV2","Negative_Scenario.Performance_Negative","SpeedPercentageBucket"
"","617","GetEarningsByYard","ALL API TEST SUITE","2026-05-05","passed","2026-05-05","Negative_Scenario.Earnings_Negative","TESTV2","Negative_Scenario.Earnings_Negative","GetEarningsByYard"
"","460","SpeedPercentage","ALL API TEST SUITE","2026-05-05","passed","2026-05-05","Negative_Scenario.Performance_Negative","TESTV2","Negative_Scenario.Performance_Negative","SpeedPercentage"
"","468","PoolindexFilter","ALL API TEST SUITE","2026-05-05","passed","2026-05-05","Negative_Scenario.Filter_Negative","TESTV2","Negative_Scenario.Filter_Negative","PoolindexFilter"
"","3879","MonthlyData","ALL API TEST SUITE","2026-05-05","passed","2026-05-05","Negative_Scenario.Vessel_Negative","TESTV2","Negative_Scenario.Vessel_Negative","MonthlyData"
"","488","FuelEuByMonth","ALL API TEST SUITE","2026-05-05","passed","2026-05-05","Negative_Scenario.FuelEU_Negative","TESTV2","Negative_Scenario.FuelEU_Negative","FuelEuByMonth"
"","1036","EuetsByParticipants","ALL API TEST SUITE","2026-05-05","failed","2026-05-05","Negative_Scenario.EUETS_Negative","TESTV2","Negative_Scenario.EUETS_Negative","EuetsByParticipants"
"","580","GetNotification","ALL API TEST SUITE","2026-05-05","failed","2026-05-05","Negative_Scenario.Notifications_Negative","TESTV2","Negative_Scenario.Notifications_Negative","GetNotification"
"","1321","EarningsExport","ALL API TEST SUITE","2026-05-05","failed","2026-05-05","Negative_Scenario.Earnings_Negative","TESTV2","Negative_Scenario.Earnings_Negative","EarningsExport"
"","482","Peformancelist","ALL API TEST SUITE","2026-05-05","passed","2026-05-05","Negative_Scenario.Performance_Negative","TESTV2","Negative_Scenario.Performance_Negative","Peformancelist"
"","450","ArchiveNotifications","ALL API TEST SUITE","2026-05-05","passed","2026-05-05","Negative_Scenario.Notifications_Negative","TESTV2","Negative_Scenario.Notifications_Negative","ArchiveNotifications"
"","447","ReadUnreadNotifications","ALL API TEST SUITE","2026-05-05","passed","2026-05-05","Negative_Scenario.Notifications_Negative","TESTV2","Negative_Scenario.Notifications_Negative","ReadUnreadNotifications"
"","505","VesselOverview","ALL API TEST SUITE","2026-05-05","passed","2026-05-05","Negative_Scenario.Vessel_Negative","TESTV2","Negative_Scenario.Vessel_Negative","VesselOverview"
"","992","MarketReport","ALL API TEST SUITE","2026-05-05","passed","2026-05-05","Negative_Scenario.MarketData_Negative","TESTV2","Negative_Scenario.MarketData_Negative","MarketReport"
"","3962","SailingTime","ALL API TEST SUITE","2026-05-05","passed","2026-05-05","Negative_Scenario.Vessel_Negative","TESTV2","Negative_Scenario.Vessel_Negative","SailingTime"
"","504","FilterData","ALL API TEST SUITE","2026-05-05","passed","2026-05-05","Negative_Scenario.Filter_Negative","TESTV2","Negative_Scenario.Filter_Negative","FilterData"
"","501","FilterData","ALL API TEST SUITE","2026-05-05","passed","2026-05-05","Negative_Scenario.Filter_Negative","TESTV2","Negative_Scenario.Filter_Negative","FilterData"
"","747","ManageWidget","ALL API TEST SUITE","2026-05-05","passed","2026-05-05","Negative_Scenario.Dashboard_Negative","TESTV2","Negative_Scenario.Dashboard_Negative","ManageWidget"
"","483","FilterData","ALL API TEST SUITE","2026-05-05","passed","2026-05-05","Negative_Scenario.Filter_Negative","TESTV2","Negative_Scenario.Filter_Negative","FilterData"
"","460","SpeedPercentageExport","ALL API TEST SUITE","2026-05-05","passed","2026-05-05","Negative_Scenario.Performance_Negative","TESTV2","Negative_Scenario.Performance_Negative","SpeedPercentageExport"
"","563","FuelEuByMonth","ALL API TEST SUITE","2026-05-05","passed","2026-05-05","Negative_Scenario.FuelEU_Negative","TESTV2","Negative_Scenario.FuelEU_Negative","FuelEuByMonth"
"","463","UnreadNotificationCount","ALL API TEST SUITE","2026-05-05","failed","2026-05-05","Negative_Scenario.Notifications_Negative","TESTV2","Negative_Scenario.Notifications_Negative","UnreadNotificationCount"
"","466","SegmentsPools","ALL API TEST SUITE","2026-05-05","passed","2026-05-05","Negative_Scenario.MarketData_Negative","TESTV2","Negative_Scenario.MarketData_Negative","SegmentsPools"
"","553","SpeedPercentageExport","ALL API TEST SUITE","2026-05-05","passed","2026-05-05","Negative_Scenario.Performance_Negative","TESTV2","Negative_Scenario.Performance_Negative","SpeedPercentageExport"
"","487","MarketReportFile","ALL API TEST SUITE","2026-05-05","passed","2026-05-05","Negative_Scenario.PoolDocuments_Negative","TESTV2","Negative_Scenario.PoolDocuments_Negative","MarketReportFile"
"","477","GetEarningsByVessel","ALL API TEST SUITE","2026-05-05","passed","2026-05-05","Negative_Scenario.Earnings_Negative","TESTV2","Negative_Scenario.Earnings_Negative","GetEarningsByVessel"
"","558","Earningsdistribution","ALL API TEST SUITE","2026-05-05","passed","2026-05-05","Negative_Scenario.Earnings_Negative","TESTV2","Negative_Scenario.Earnings_Negative","Earningsdistribution"
"","494","MapFilter","ALL API TEST SUITE","2026-05-05","failed","2026-05-05","Negative_Scenario.Filter_Negative","TESTV2","Negative_Scenario.Filter_Negative","MapFilter"
"","484","SpeedPercentageBucket","ALL API TEST SUITE","2026-05-05","passed","2026-05-05","Negative_Scenario.Performance_Negative","TESTV2","Negative_Scenario.Performance_Negative","SpeedPercentageBucket"
"","512","CompareVessels","ALL API TEST SUITE","2026-05-05","passed","2026-05-05","Negative_Scenario.Compare_Vessels_Negative","TESTV2","Negative_Scenario.Compare_Vessels_Negative","CompareVessels"
"","459","MarketReportFile","ALL API TEST SUITE","2026-05-05","passed","2026-05-05","Negative_Scenario.PoolDocuments_Negative","TESTV2","Negative_Scenario.PoolDocuments_Negative","MarketReportFile"
"","462","DashboardRemove","ALL API TEST SUITE","2026-05-05","passed","2026-05-05","Negative_Scenario.Dashboard_Negative","TESTV2","Negative_Scenario.Dashboard_Negative","DashboardRemove"
"","467","FuelEuByMonth","ALL API TEST SUITE","2026-05-05","passed","2026-05-05","Negative_Scenario.FuelEU_Negative","TESTV2","Negative_Scenario.FuelEU_Negative","FuelEuByMonth"
"","643","GetEarningsBySegment","ALL API TEST SUITE","2026-05-05","failed","2026-05-05","Negative_Scenario.Earnings_Negative","TESTV2","Negative_Scenario.Earnings_Negative","GetEarningsBySegment"
"","626","CompareVessels","ALL API TEST SUITE","2026-05-05","passed","2026-05-05","Negative_Scenario.Compare_Vessels_Negative","TESTV2","Negative_Scenario.Compare_Vessels_Negative","CompareVessels"
"","644","ManageDashboard","ALL API TEST SUITE","2026-05-05","passed","2026-05-05","Negative_Scenario.Dashboard_Negative","TESTV2","Negative_Scenario.Dashboard_Negative","ManageDashboard"
"","493","GetEarningsByParticipant","ALL API TEST SUITE","2026-05-05","passed","2026-05-05","Negative_Scenario.Earnings_Negative","TESTV2","Negative_Scenario.Earnings_Negative","GetEarningsByParticipant"
"","492","MarketReportFile","ALL API TEST SUITE","2026-05-05","passed","2026-05-05","Negative_Scenario.PoolDocuments_Negative","TESTV2","Negative_Scenario.PoolDocuments_Negative","MarketReportFile"
"","491","GetEarningsByParticipant","ALL API TEST SUITE","2026-05-05","passed","2026-05-05","Negative_Scenario.Earnings_Negative","TESTV2","Negative_Scenario.Earnings_Negative","GetEarningsByParticipant"
"","501","GetMinMaxAvgBySegment","ALL API TEST SUITE","2026-05-05","passed","2026-05-05","Negative_Scenario.Earnings_Negative","TESTV2","Negative_Scenario.Earnings_Negative","GetMinMaxAvgBySegment"
"","489","FuelEuByMonth","ALL API TEST SUITE","2026-05-05","passed","2026-05-05","Negative_Scenario.FuelEU_Negative","TESTV2","Negative_Scenario.FuelEU_Negative","FuelEuByMonth"
"","5789","VesselVoyages","ALL API TEST SUITE","2026-05-05","failed","2026-05-05","Negative_Scenario.Vessel_Negative","TESTV2","Negative_Scenario.Vessel_Negative","VesselVoyages"
"","473","ArchiveNotifications","ALL API TEST SUITE","2026-05-05","failed","2026-05-05","Negative_Scenario.Notifications_Negative","TESTV2","Negative_Scenario.Notifications_Negative","ArchiveNotifications"
"","568","SpeedPercentageExport","ALL API TEST SUITE","2026-05-05","failed","2026-05-05","Negative_Scenario.Performance_Negative","TESTV2","Negative_Scenario.Performance_Negative","SpeedPercentageExport"
"","465","Earningsdistribution","ALL API TEST SUITE","2026-05-05","passed","2026-05-05","Negative_Scenario.Earnings_Negative","TESTV2","Negative_Scenario.Earnings_Negative","Earningsdistribution"
"","685","PoolPointMinMaxAvg","ALL API TEST SUITE","2026-05-05","failed","2026-05-05","Negative_Scenario.PoolPoint_Negative","TESTV2","Negative_Scenario.PoolPoint_Negative","PoolPointMinMaxAvg"
"","478","GetEarningsBySegment","ALL API TEST SUITE","2026-05-05","passed","2026-05-05","Negative_Scenario.Earnings_Negative","TESTV2","Negative_Scenario.Earnings_Negative","GetEarningsBySegment"
"","478","PoolPointList","ALL API TEST SUITE","2026-05-05","passed","2026-05-05","Negative_Scenario.PoolPoint_Negative","TESTV2","Negative_Scenario.PoolPoint_Negative","PoolPointList"
"","495","Earningsdistribution","ALL API TEST SUITE","2026-05-05","passed","2026-05-05","Negative_Scenario.Earnings_Negative","TESTV2","Negative_Scenario.Earnings_Negative","Earningsdistribution"
"","466","Earningsdistribution","ALL API TEST SUITE","2026-05-05","passed","2026-05-05","Negative_Scenario.Earnings_Negative","TESTV2","Negative_Scenario.Earnings_Negative","Earningsdistribution"
"","530","VesselonMap","ALL API TEST SUITE","2026-05-05","passed","2026-05-05","Negative_Scenario.GlobalMap_Negative","TESTV2","Negative_Scenario.GlobalMap_Negative","VesselonMap"
"","521","ArchiveNotifications","ALL API TEST SUITE","2026-05-05","passed","2026-05-05","Negative_Scenario.Notifications_Negative","TESTV2","Negative_Scenario.Notifications_Negative","ArchiveNotifications"
"","528","MarketReportFile","ALL API TEST SUITE","2026-05-05","passed","2026-05-05","Negative_Scenario.PoolDocuments_Negative","TESTV2","Negative_Scenario.PoolDocuments_Negative","MarketReportFile"
"","446","Eventtypes","ALL API TEST SUITE","2026-05-05","passed","2026-05-05","Negative_Scenario.Filter_Negative","TESTV2","Negative_Scenario.Filter_Negative","Eventtypes"
"","512","EuetsList","ALL API TEST SUITE","2026-05-05","passed","2026-05-05","Negative_Scenario.EUETS_Negative","TESTV2","Negative_Scenario.EUETS_Negative","EuetsList"
"","592","GetEarningsByYard","ALL API TEST SUITE","2026-05-05","passed","2026-05-05","Negative_Scenario.Earnings_Negative","TESTV2","Negative_Scenario.Earnings_Negative","GetEarningsByYard"
"","485","FuelEuByMonth","ALL API TEST SUITE","2026-05-05","passed","2026-05-05","Negative_Scenario.FuelEU_Negative","TESTV2","Negative_Scenario.FuelEU_Negative","FuelEuByMonth"
"","489","FilterData","ALL API TEST SUITE","2026-05-05","passed","2026-05-05","Negative_Scenario.Filter_Negative","TESTV2","Negative_Scenario.Filter_Negative","FilterData"
"","492","ManageDashboard","ALL API TEST SUITE","2026-05-05","passed","2026-05-05","Negative_Scenario.Dashboard_Negative","TESTV2","Negative_Scenario.Dashboard_Negative","ManageDashboard"
"","760","VesselonMap","ALL API TEST SUITE","2026-05-05","failed","2026-05-05","Negative_Scenario.GlobalMap_Negative","TESTV2","Negative_Scenario.GlobalMap_Negative","VesselonMap"
"","4088","HoverDetail","ALL API TEST SUITE","2026-05-05","passed","2026-05-05","Negative_Scenario.Vessel_Negative","TESTV2","Negative_Scenario.Vessel_Negative","HoverDetail"
"","483","VesselDetails","ALL API TEST SUITE","2026-05-05","passed","2026-05-05","Negative_Scenario.Vessel_Negative","TESTV2","Negative_Scenario.Vessel_Negative","VesselDetails"
"","1230","GetEarningsByYard","ALL API TEST SUITE","2026-05-05","failed","2026-05-05","Negative_Scenario.Earnings_Negative","TESTV2","Negative_Scenario.Earnings_Negative","GetEarningsByYard"
"","480","ReadUnreadNotifications","ALL API TEST SUITE","2026-05-05","passed","2026-05-05","Negative_Scenario.Notifications_Negative","TESTV2","Negative_Scenario.Notifications_Negative","ReadUnreadNotifications"
"","797","MapFilter","ALL API TEST SUITE","2026-05-05","failed","2026-05-05","Negative_Scenario.Filter_Negative","TESTV2","Negative_Scenario.Filter_Negative","MapFilter"
"","678","ManageDashboard","ALL API TEST SUITE","2026-05-05","passed","2026-05-05","Negative_Scenario.Dashboard_Negative","TESTV2","Negative_Scenario.Dashboard_Negative","ManageDashboard"
"","484","Peformancelist","ALL API TEST SUITE","2026-05-05","passed","2026-05-05","Negative_Scenario.Performance_Negative","TESTV2","Negative_Scenario.Performance_Negative","Peformancelist"
"","3944","SailingTime","ALL API TEST SUITE","2026-05-05","passed","2026-05-05","Negative_Scenario.Vessel_Negative","TESTV2","Negative_Scenario.Vessel_Negative","SailingTime"
"","508","FilterData","ALL API TEST SUITE","2026-05-05","passed","2026-05-05","Negative_Scenario.Filter_Negative","TESTV2","Negative_Scenario.Filter_Negative","FilterData"
"","490","PoolPointList","ALL API TEST SUITE","2026-05-05","passed","2026-05-05","Negative_Scenario.PoolPoint_Negative","TESTV2","Negative_Scenario.PoolPoint_Negative","PoolPointList"
"","478","EuetsByParticipants","ALL API TEST SUITE","2026-05-05","passed","2026-05-05","Negative_Scenario.EUETS_Negative","TESTV2","Negative_Scenario.EUETS_Negative","EuetsByParticipants"
"","11811","Route","ALL API TEST SUITE","2026-05-05","failed","2026-05-05","Negative_Scenario.GlobalMap_Negative","TESTV2","Negative_Scenario.GlobalMap_Negative","Route"
"","542","EuetsList","ALL API TEST SUITE","2026-05-05","passed","2026-05-05","Negative_Scenario.EUETS_Negative","TESTV2","Negative_Scenario.EUETS_Negative","EuetsList"
"","565","FuelEuByVessel","ALL API TEST SUITE","2026-05-05","passed","2026-05-05","Negative_Scenario.FuelEU_Negative","TESTV2","Negative_Scenario.FuelEU_Negative","FuelEuByVessel"
"","507","PoolindexFilter","ALL API TEST SUITE","2026-05-05","failed","2026-05-05","Negative_Scenario.Filter_Negative","TESTV2","Negative_Scenario.Filter_Negative","PoolindexFilter"
"","491","GetEarningsByVessel","ALL API TEST SUITE","2026-05-05","passed","2026-05-05","Negative_Scenario.Earnings_Negative","TESTV2","Negative_Scenario.Earnings_Negative","GetEarningsByVessel"
"","4023","SailingTime","ALL API TEST SUITE","2026-05-05","failed","2026-05-05","Negative_Scenario.Vessel_Negative","TESTV2","Negative_Scenario.Vessel_Negative","SailingTime"
"","538","VesselonMap","ALL API TEST SUITE","2026-05-05","passed","2026-05-05","Negative_Scenario.GlobalMap_Negative","TESTV2","Negative_Scenario.GlobalMap_Negative","VesselonMap"
"","3921","SailingTime","ALL API TEST SUITE","2026-05-05","passed","2026-05-05","Negative_Scenario.Vessel_Negative","TESTV2","Negative_Scenario.Vessel_Negative","SailingTime"
"","476","GetNotification","ALL API TEST SUITE","2026-05-05","passed","2026-05-05","Negative_Scenario.Notifications_Negative","TESTV2","Negative_Scenario.Notifications_Negative","GetNotification"
"","6968","MonthlyData","ALL API TEST SUITE","2026-05-05","failed","2026-05-05","Negative_Scenario.Vessel_Negative","TESTV2","Negative_Scenario.Vessel_Negative","MonthlyData"
"","500","FilterData","ALL API TEST SUITE","2026-05-05","passed","2026-05-05","Negative_Scenario.Filter_Negative","TESTV2","Negative_Scenario.Filter_Negative","FilterData"
"","501","Peformancelist","ALL API TEST SUITE","2026-05-05","passed","2026-05-05","Negative_Scenario.Performance_Negative","TESTV2","Negative_Scenario.Performance_Negative","Peformancelist"
"","4654","MonthlyData","ALL API TEST SUITE","2026-05-05","failed","2026-05-05","Negative_Scenario.Vessel_Negative","TESTV2","Negative_Scenario.Vessel_Negative","MonthlyData"
"","483","GetMinMaxAvgBySegment","ALL API TEST SUITE","2026-05-05","passed","2026-05-05","Negative_Scenario.Earnings_Negative","TESTV2","Negative_Scenario.Earnings_Negative","GetMinMaxAvgBySegment"
"","5196","VesselVoyages","ALL API TEST SUITE","2026-05-05","failed","2026-05-05","Negative_Scenario.Vessel_Negative","TESTV2","Negative_Scenario.Vessel_Negative","VesselVoyages"
"","776","VesselEvents","ALL API TEST SUITE","2026-05-05","failed","2026-05-05","Negative_Scenario.Vessel_Negative","TESTV2","Negative_Scenario.Vessel_Negative","VesselEvents"
"","521","PoolindexFilter","ALL API TEST SUITE","2026-05-05","failed","2026-05-05","Negative_Scenario.Filter_Negative","TESTV2","Negative_Scenario.Filter_Negative","PoolindexFilter"
"","662","ManageDashboard","ALL API TEST SUITE","2026-05-05","failed","2026-05-05","Negative_Scenario.Dashboard_Negative","TESTV2","Negative_Scenario.Dashboard_Negative","ManageDashboard"
"","500","GetEarningsByYard","ALL API TEST SUITE","2026-05-05","passed","2026-05-05","Negative_Scenario.Earnings_Negative","TESTV2","Negative_Scenario.Earnings_Negative","GetEarningsByYard"
"","1353","Earningsdistribution","ALL API TEST SUITE","2026-05-05","failed","2026-05-05","Negative_Scenario.Earnings_Negative","TESTV2","Negative_Scenario.Earnings_Negative","Earningsdistribution"
"","489","PoolEarnings","ALL API TEST SUITE","2026-05-05","passed","2026-05-05","Negative_Scenario.MarketData_Negative","TESTV2","Negative_Scenario.MarketData_Negative","PoolEarnings"
"","499","SpeedPercentageExport","ALL API TEST SUITE","2026-05-05","passed","2026-05-05","Negative_Scenario.Performance_Negative","TESTV2","Negative_Scenario.Performance_Negative","SpeedPercentageExport"
"","568","GetEarningsByYard","ALL API TEST SUITE","2026-05-05","passed","2026-05-05","Negative_Scenario.Earnings_Negative","TESTV2","Negative_Scenario.Earnings_Negative","GetEarningsByYard"
"","519","Peformancelist","ALL API TEST SUITE","2026-05-05","passed","2026-05-05","Negative_Scenario.Performance_Negative","TESTV2","Negative_Scenario.Performance_Negative","Peformancelist"
"","500","MarketReportFile","ALL API TEST SUITE","2026-05-05","passed","2026-05-05","Negative_Scenario.PoolDocuments_Negative","TESTV2","Negative_Scenario.PoolDocuments_Negative","MarketReportFile"
"","491","GetTop3EarningsByParticipant","ALL API TEST SUITE","2026-05-05","passed","2026-05-05","Negative_Scenario.Earnings_Negative","TESTV2","Negative_Scenario.Earnings_Negative","GetTop3EarningsByParticipant"
"","470","VesselOverview","ALL API TEST SUITE","2026-05-05","passed","2026-05-05","Negative_Scenario.Vessel_Negative","TESTV2","Negative_Scenario.Vessel_Negative","VesselOverview"
"","1280","Peformancelist","ALL API TEST SUITE","2026-05-05","failed","2026-05-05","Negative_Scenario.Performance_Negative","TESTV2","Negative_Scenario.Performance_Negative","Peformancelist"
"","537","EarningsExport","ALL API TEST SUITE","2026-05-05","passed","2026-05-05","Negative_Scenario.Earnings_Negative","TESTV2","Negative_Scenario.Earnings_Negative","EarningsExport"
"","515","GetEarningsBySegment","ALL API TEST SUITE","2026-05-05","passed","2026-05-05","Negative_Scenario.Earnings_Negative","TESTV2","Negative_Scenario.Earnings_Negative","GetEarningsBySegment"
"","503","EuetsList","ALL API TEST SUITE","2026-05-05","passed","2026-05-05","Negative_Scenario.EUETS_Negative","TESTV2","Negative_Scenario.EUETS_Negative","EuetsList"
"","473","SpeedPercentage","ALL API TEST SUITE","2026-05-05","passed","2026-05-05","Negative_Scenario.Performance_Negative","TESTV2","Negative_Scenario.Performance_Negative","SpeedPercentage"
"","993","MarketReport","ALL API TEST SUITE","2026-05-05","passed","2026-05-05","Negative_Scenario.MarketData_Negative","TESTV2","Negative_Scenario.MarketData_Negative","MarketReport"
"","631","FuelEuByMonth","ALL API TEST SUITE","2026-05-05","passed","2026-05-05","Negative_Scenario.FuelEU_Negative","TESTV2","Negative_Scenario.FuelEU_Negative","FuelEuByMonth"
"","492","GetEarningsByParticipant","ALL API TEST SUITE","2026-05-05","passed","2026-05-05","Negative_Scenario.Earnings_Negative","TESTV2","Negative_Scenario.Earnings_Negative","GetEarningsByParticipant"
"","493","VesselOverview","ALL API TEST SUITE","2026-05-05","passed","2026-05-05","Negative_Scenario.Vessel_Negative","TESTV2","Negative_Scenario.Vessel_Negative","VesselOverview"
"","485","GetMinMaxAvgBySegment","ALL API TEST SUITE","2026-05-05","passed","2026-05-05","Negative_Scenario.Earnings_Negative","TESTV2","Negative_Scenario.Earnings_Negative","GetMinMaxAvgBySegment"
"","578","PoolindexFilter","ALL API TEST SUITE","2026-05-05","failed","2026-05-05","Negative_Scenario.Filter_Negative","TESTV2","Negative_Scenario.Filter_Negative","PoolindexFilter"
"","477","SpeedPercentageExport","ALL API TEST SUITE","2026-05-05","passed","2026-05-05","Negative_Scenario.Performance_Negative","TESTV2","Negative_Scenario.Performance_Negative","SpeedPercentageExport"
"","482","GetEarningsByVessel","ALL API TEST SUITE","2026-05-05","passed","2026-05-05","Negative_Scenario.Earnings_Negative","TESTV2","Negative_Scenario.Earnings_Negative","GetEarningsByVessel"
"","478","EuetsByPoolcodes","ALL API TEST SUITE","2026-05-05","passed","2026-05-05","Negative_Scenario.EUETS_Negative","TESTV2","Negative_Scenario.EUETS_Negative","EuetsByPoolcodes"
"","530","EuetsByPoolcodes","ALL API TEST SUITE","2026-05-05","passed","2026-05-05","Negative_Scenario.EUETS_Negative","TESTV2","Negative_Scenario.EUETS_Negative","EuetsByPoolcodes"
"","574","GetTop3EarningsByParticipant","ALL API TEST SUITE","2026-05-05","failed","2026-05-05","Negative_Scenario.Earnings_Negative","TESTV2","Negative_Scenario.Earnings_Negative","GetTop3EarningsByParticipant"
"","534","GetEarningsBySegment","ALL API TEST SUITE","2026-05-05","passed","2026-05-05","Negative_Scenario.Earnings_Negative","TESTV2","Negative_Scenario.Earnings_Negative","GetEarningsBySegment"
"","464","UnreadNotificationCount","ALL API TEST SUITE","2026-05-05","failed","2026-05-05","Negative_Scenario.Notifications_Negative","TESTV2","Negative_Scenario.Notifications_Negative","UnreadNotificationCount"
"","532","EuetsByParticipants","ALL API TEST SUITE","2026-05-05","passed","2026-05-05","Negative_Scenario.EUETS_Negative","TESTV2","Negative_Scenario.EUETS_Negative","EuetsByParticipants"
"","488","CompareVessels","ALL API TEST SUITE","2026-05-05","passed","2026-05-05","Negative_Scenario.Compare_Vessels_Negative","TESTV2","Negative_Scenario.Compare_Vessels_Negative","CompareVessels"
"","15155","Route","ALL API TEST SUITE","2026-05-05","failed","2026-05-05","Negative_Scenario.GlobalMap_Negative","TESTV2","Negative_Scenario.GlobalMap_Negative","Route"
"","459","SpeedPercentage","ALL API TEST SUITE","2026-05-05","passed","2026-05-05","Negative_Scenario.Performance_Negative","TESTV2","Negative_Scenario.Performance_Negative","SpeedPercentage"
"","832","GetEarningsByYard","ALL API TEST SUITE","2026-05-05","passed","2026-05-05","Negative_Scenario.Earnings_Negative","TESTV2","Negative_Scenario.Earnings_Negative","GetEarningsByYard"
"","469","GetEarningsByVessel","ALL API TEST SUITE","2026-05-05","passed","2026-05-05","Negative_Scenario.Earnings_Negative","TESTV2","Negative_Scenario.Earnings_Negative","GetEarningsByVessel"
"","571","VesselonMap","ALL API TEST SUITE","2026-05-05","passed","2026-05-05","Negative_Scenario.GlobalMap_Negative","TESTV2","Negative_Scenario.GlobalMap_Negative","VesselonMap"
"","5009","SailingTime","ALL API TEST SUITE","2026-05-05","failed","2026-05-05","Negative_Scenario.Vessel_Negative","TESTV2","Negative_Scenario.Vessel_Negative","SailingTime"
"","485","SpeedPercentageBucket","ALL API TEST SUITE","2026-05-05","passed","2026-05-05","Negative_Scenario.Performance_Negative","TESTV2","Negative_Scenario.Performance_Negative","SpeedPercentageBucket"
"","540","EuetsByPoolcodes","ALL API TEST SUITE","2026-05-05","failed","2026-05-05","Negative_Scenario.EUETS_Negative","TESTV2","Negative_Scenario.EUETS_Negative","EuetsByPoolcodes"
"","1053","EuetsByParticipants","ALL API TEST SUITE","2026-05-05","failed","2026-05-05","Negative_Scenario.EUETS_Negative","TESTV2","Negative_Scenario.EUETS_Negative","EuetsByParticipants"
"","577","GetEarningsByParticipant","ALL API TEST SUITE","2026-05-05","passed","2026-05-05","Negative_Scenario.Earnings_Negative","TESTV2","Negative_Scenario.Earnings_Negative","GetEarningsByParticipant"
"","853","GetEarningsByVessel","ALL API TEST SUITE","2026-05-05","failed","2026-05-05","Negative_Scenario.Earnings_Negative","TESTV2","Negative_Scenario.Earnings_Negative","GetEarningsByVessel"
"","576","PoolPointMinMaxAvg","ALL API TEST SUITE","2026-05-05","passed","2026-05-05","Negative_Scenario.PoolPoint_Negative","TESTV2","Negative_Scenario.PoolPoint_Negative","PoolPointMinMaxAvg"
"","567","Eventtypes","ALL API TEST SUITE","2026-05-05","passed","2026-05-05","Negative_Scenario.Filter_Negative","TESTV2","Negative_Scenario.Filter_Negative","Eventtypes"
"","963","MarketReport","ALL API TEST SUITE","2026-05-05","passed","2026-05-05","Negative_Scenario.MarketData_Negative","TESTV2","Negative_Scenario.MarketData_Negative","MarketReport"
"","499","VesselEvents","ALL API TEST SUITE","2026-05-05","passed","2026-05-05","Negative_Scenario.Vessel_Negative","TESTV2","Negative_Scenario.Vessel_Negative","VesselEvents"
"","677","MapFilter","ALL API TEST SUITE","2026-05-05","failed","2026-05-05","Negative_Scenario.Filter_Negative","TESTV2","Negative_Scenario.Filter_Negative","MapFilter"
"","953","MarketReport","ALL API TEST SUITE","2026-05-05","passed","2026-05-05","Negative_Scenario.MarketData_Negative","TESTV2","Negative_Scenario.MarketData_Negative","MarketReport"
"","1239","VesselReport","ALL API TEST SUITE","2026-05-05","passed","2026-05-05","Negative_Scenario.MarketData_Negative","TESTV2","Negative_Scenario.MarketData_Negative","VesselReport"
"","497","EarningsExport","ALL API TEST SUITE","2026-05-05","passed","2026-05-05","Negative_Scenario.Earnings_Negative","TESTV2","Negative_Scenario.Earnings_Negative","EarningsExport"
"","518","SpeedPercentageExport","ALL API TEST SUITE","2026-05-05","passed","2026-05-05","Negative_Scenario.Performance_Negative","TESTV2","Negative_Scenario.Performance_Negative","SpeedPercentageExport"
"","468","FuelEuByVessel","ALL API TEST SUITE","2026-05-05","passed","2026-05-05","Negative_Scenario.FuelEU_Negative","TESTV2","Negative_Scenario.FuelEU_Negative","FuelEuByVessel"
"","547","VesselonMap","ALL API TEST SUITE","2026-05-05","passed","2026-05-05","Negative_Scenario.GlobalMap_Negative","TESTV2","Negative_Scenario.GlobalMap_Negative","VesselonMap"
"","3854","SailingTime","ALL API TEST SUITE","2026-05-05","passed","2026-05-05","Negative_Scenario.Vessel_Negative","TESTV2","Negative_Scenario.Vessel_Negative","SailingTime"
"","456","Savenotifications","ALL API TEST SUITE","2026-05-05","failed","2026-05-05","Negative_Scenario.Notifications_Negative","TESTV2","Negative_Scenario.Notifications_Negative","Savenotifications"
"","507","MapFilter","ALL API TEST SUITE","2026-05-05","passed","2026-05-05","Negative_Scenario.Filter_Negative","TESTV2","Negative_Scenario.Filter_Negative","MapFilter"
"","653","CompareVessels","ALL API TEST SUITE","2026-05-05","passed","2026-05-05","Negative_Scenario.Compare_Vessels_Negative","TESTV2","Negative_Scenario.Compare_Vessels_Negative","CompareVessels"
"","497","Comments","ALL API TEST SUITE","2026-05-05","passed","2026-05-05","Negative_Scenario.MarketData_Negative","TESTV2","Negative_Scenario.MarketData_Negative","Comments"
"","478","GetUserNotificationPreference","ALL API TEST SUITE","2026-05-05","passed","2026-05-05","Negative_Scenario.Notifications_Negative","TESTV2","Negative_Scenario.Notifications_Negative","GetUserNotificationPreference"
"","15184","Route","ALL API TEST SUITE","2026-05-05","failed","2026-05-05","Negative_Scenario.GlobalMap_Negative","TESTV2","Negative_Scenario.GlobalMap_Negative","Route"
"","532","VesselonMap","ALL API TEST SUITE","2026-05-05","passed","2026-05-05","Negative_Scenario.GlobalMap_Negative","TESTV2","Negative_Scenario.GlobalMap_Negative","VesselonMap"
"","502","FuelEuByMonth","ALL API TEST SUITE","2026-05-05","passed","2026-05-05","Negative_Scenario.FuelEU_Negative","TESTV2","Negative_Scenario.FuelEU_Negative","FuelEuByMonth"
"","488","GetEarningsByYard","ALL API TEST SUITE","2026-05-05","passed","2026-05-05","Negative_Scenario.Earnings_Negative","TESTV2","Negative_Scenario.Earnings_Negative","GetEarningsByYard"
"","654","GetTop3EarningsByParticipant","ALL API TEST SUITE","2026-05-05","failed","2026-05-05","Negative_Scenario.Earnings_Negative","TESTV2","Negative_Scenario.Earnings_Negative","GetTop3EarningsByParticipant"
"","4156","SailingTime","ALL API TEST SUITE","2026-05-05","passed","2026-05-05","Negative_Scenario.Vessel_Negative","TESTV2","Negative_Scenario.Vessel_Negative","SailingTime"
"","568","GetEarningsBySegment","ALL API TEST SUITE","2026-05-05","passed","2026-05-05","Negative_Scenario.Earnings_Negative","TESTV2","Negative_Scenario.Earnings_Negative","GetEarningsBySegment"
"","472","MarketReportFile","ALL API TEST SUITE","2026-05-05","passed","2026-05-05","Negative_Scenario.PoolDocuments_Negative","TESTV2","Negative_Scenario.PoolDocuments_Negative","MarketReportFile"
"","549","GetMinMaxAvgBySegment","ALL API TEST SUITE","2026-05-05","passed","2026-05-05","Negative_Scenario.Earnings_Negative","TESTV2","Negative_Scenario.Earnings_Negative","GetMinMaxAvgBySegment"
"","467","SpeedPercentageExport","ALL API TEST SUITE","2026-05-05","passed","2026-05-05","Negative_Scenario.Performance_Negative","TESTV2","Negative_Scenario.Performance_Negative","SpeedPercentageExport"
"","614","VesselonMap","ALL API TEST SUITE","2026-05-05","failed","2026-05-05","Negative_Scenario.GlobalMap_Negative","TESTV2","Negative_Scenario.GlobalMap_Negative","VesselonMap"
"","517","EuetsByParticipants","ALL API TEST SUITE","2026-05-05","passed","2026-05-05","Negative_Scenario.EUETS_Negative","TESTV2","Negative_Scenario.EUETS_Negative","EuetsByParticipants"
"","620","ManageDashboard","ALL API TEST SUITE","2026-05-05","passed","2026-05-05","Negative_Scenario.Dashboard_Negative","TESTV2","Negative_Scenario.Dashboard_Negative","ManageDashboard"
"","577","ManageWidget","ALL API TEST SUITE","2026-05-05","failed","2026-05-05","Negative_Scenario.Dashboard_Negative","TESTV2","Negative_Scenario.Dashboard_Negative","ManageWidget"
"","563","ManageWidget","ALL API TEST SUITE","2026-05-05","passed","2026-05-05","Negative_Scenario.Dashboard_Negative","TESTV2","Negative_Scenario.Dashboard_Negative","ManageWidget"
"","515","VesselAllEventSummary","ALL API TEST SUITE","2026-05-05","passed","2026-05-05","Negative_Scenario.Vessel_Negative","TESTV2","Negative_Scenario.Vessel_Negative","VesselAllEventSummary"
"","500","SpeedPercentage","ALL API TEST SUITE","2026-05-05","passed","2026-05-05","Negative_Scenario.Performance_Negative","TESTV2","Negative_Scenario.Performance_Negative","SpeedPercentage"
"","820","MapFilter","ALL API TEST SUITE","2026-05-05","failed","2026-05-05","Negative_Scenario.Filter_Negative","TESTV2","Negative_Scenario.Filter_Negative","MapFilter"
"","3904","SailingTime","ALL API TEST SUITE","2026-05-05","passed","2026-05-05","Negative_Scenario.Vessel_Negative","TESTV2","Negative_Scenario.Vessel_Negative","SailingTime"
"","449","GetNotification","ALL API TEST SUITE","2026-05-05","passed","2026-05-05","Negative_Scenario.Notifications_Negative","TESTV2","Negative_Scenario.Notifications_Negative","GetNotification"
"","560","GetMinMaxAvgBySegment","ALL API TEST SUITE","2026-05-05","failed","2026-05-05","Negative_Scenario.Earnings_Negative","TESTV2","Negative_Scenario.Earnings_Negative","GetMinMaxAvgBySegment"
"","508","GetEarningsByYard","ALL API TEST SUITE","2026-05-05","passed","2026-05-05","Negative_Scenario.Earnings_Negative","TESTV2","Negative_Scenario.Earnings_Negative","GetEarningsByYard"
"","496","CompareVessels","ALL API TEST SUITE","2026-05-05","passed","2026-05-05","Negative_Scenario.Compare_Vessels_Negative","TESTV2","Negative_Scenario.Compare_Vessels_Negative","CompareVessels"
"","585","SpeedPercentageExport","ALL API TEST SUITE","2026-05-05","failed","2026-05-05","Negative_Scenario.Performance_Negative","TESTV2","Negative_Scenario.Performance_Negative","SpeedPercentageExport"
"","1262","EuetsList","ALL API TEST SUITE","2026-05-05","failed","2026-05-05","Negative_Scenario.EUETS_Negative","TESTV2","Negative_Scenario.EUETS_Negative","EuetsList"
"","490","GetEarningsByYard","ALL API TEST SUITE","2026-05-05","passed","2026-05-05","Negative_Scenario.Earnings_Negative","TESTV2","Negative_Scenario.Earnings_Negative","GetEarningsByYard"
"","468","GetNotification","ALL API TEST SUITE","2026-05-05","passed","2026-05-05","Negative_Scenario.Notifications_Negative","TESTV2","Negative_Scenario.Notifications_Negative","GetNotification"
"","1005","VesselReport","ALL API TEST SUITE","2026-05-05","passed","2026-05-05","Negative_Scenario.MarketData_Negative","TESTV2","Negative_Scenario.MarketData_Negative","VesselReport"
"","4566","VesselVoyages","ALL API TEST SUITE","2026-05-05","passed","2026-05-05","Negative_Scenario.Vessel_Negative","TESTV2","Negative_Scenario.Vessel_Negative","VesselVoyages"
"","511","PoolPointMinMaxAvg","ALL API TEST SUITE","2026-05-05","passed","2026-05-05","Negative_Scenario.PoolPoint_Negative","TESTV2","Negative_Scenario.PoolPoint_Negative","PoolPointMinMaxAvg"
"","547","CompareVessels","ALL API TEST SUITE","2026-05-05","passed","2026-05-05","Negative_Scenario.Compare_Vessels_Negative","TESTV2","Negative_Scenario.Compare_Vessels_Negative","CompareVessels"
"","508","GetEarningsByParticipant","ALL API TEST SUITE","2026-05-05","passed","2026-05-05","Negative_Scenario.Earnings_Negative","TESTV2","Negative_Scenario.Earnings_Negative","GetEarningsByParticipant"
"","481","SpeedPercentage","ALL API TEST SUITE","2026-05-05","passed","2026-05-05","Negative_Scenario.Performance_Negative","TESTV2","Negative_Scenario.Performance_Negative","SpeedPercentage"
"","550","PoolPointMinMaxAvg","ALL API TEST SUITE","2026-05-05","passed","2026-05-05","Negative_Scenario.PoolPoint_Negative","TESTV2","Negative_Scenario.PoolPoint_Negative","PoolPointMinMaxAvg"
"","4556","VesselVoyages","ALL API TEST SUITE","2026-05-05","failed","2026-05-05","Negative_Scenario.Vessel_Negative","TESTV2","Negative_Scenario.Vessel_Negative","VesselVoyages"
"","488","GetEarningsBySegment","ALL API TEST SUITE","2026-05-05","passed","2026-05-05","Negative_Scenario.Earnings_Negative","TESTV2","Negative_Scenario.Earnings_Negative","GetEarningsBySegment"
"","507","GetEarningsByVessel","ALL API TEST SUITE","2026-05-05","passed","2026-05-05","Negative_Scenario.Earnings_Negative","TESTV2","Negative_Scenario.Earnings_Negative","GetEarningsByVessel"
"","552","GetTop3EarningsByParticipant","ALL API TEST SUITE","2026-05-05","failed","2026-05-05","Negative_Scenario.Earnings_Negative","TESTV2","Negative_Scenario.Earnings_Negative","GetTop3EarningsByParticipant"
"","541","MarketReportFile","ALL API TEST SUITE","2026-05-05","passed","2026-05-05","Negative_Scenario.PoolDocuments_Negative","TESTV2","Negative_Scenario.PoolDocuments_Negative","MarketReportFile"
"","556","EuetsByParticipants","ALL API TEST SUITE","2026-05-05","passed","2026-05-05","Negative_Scenario.EUETS_Negative","TESTV2","Negative_Scenario.EUETS_Negative","EuetsByParticipants"
"","3903","MonthlyData","ALL API TEST SUITE","2026-05-05","passed","2026-05-05","Negative_Scenario.Vessel_Negative","TESTV2","Negative_Scenario.Vessel_Negative","MonthlyData"
"","1049","EuetsByParticipants","ALL API TEST SUITE","2026-05-05","failed","2026-05-05","Negative_Scenario.EUETS_Negative","TESTV2","Negative_Scenario.EUETS_Negative","EuetsByParticipants"
"","4499","VesselVoyages","ALL API TEST SUITE","2026-05-05","passed","2026-05-05","Negative_Scenario.Vessel_Negative","TESTV2","Negative_Scenario.Vessel_Negative","VesselVoyages"
"","485","MarketReport","ALL API TEST SUITE","2026-05-05","passed","2026-05-05","Negative_Scenario.MarketData_Negative","TESTV2","Negative_Scenario.MarketData_Negative","MarketReport"
"","493","EuetsByPoolcodes","ALL API TEST SUITE","2026-05-05","passed","2026-05-05","Negative_Scenario.EUETS_Negative","TESTV2","Negative_Scenario.EUETS_Negative","EuetsByPoolcodes"
"","493","EarningsExport","ALL API TEST SUITE","2026-05-05","passed","2026-05-05","Negative_Scenario.Earnings_Negative","TESTV2","Negative_Scenario.Earnings_Negative","EarningsExport"
"","1024","VoyageTracking","ALL API TEST SUITE","2026-05-05","passed","2026-05-05","Negative_Scenario.Vessel_Negative","TESTV2","Negative_Scenario.Vessel_Negative","VoyageTracking"
"","503","GetEarningsByYard","ALL API TEST SUITE","2026-05-05","passed","2026-05-05","Negative_Scenario.Earnings_Negative","TESTV2","Negative_Scenario.Earnings_Negative","GetEarningsByYard"
"","466","VesselEvents","ALL API TEST SUITE","2026-05-05","passed","2026-05-05","Negative_Scenario.Vessel_Negative","TESTV2","Negative_Scenario.Vessel_Negative","VesselEvents"
"","514","Earningsdistribution","ALL API TEST SUITE","2026-05-05","failed","2026-05-05","Negative_Scenario.Earnings_Negative","TESTV2","Negative_Scenario.Earnings_Negative","Earningsdistribution"
"","484","FuelEuByVessel","ALL API TEST SUITE","2026-05-05","passed","2026-05-05","Negative_Scenario.FuelEU_Negative","TESTV2","Negative_Scenario.FuelEU_Negative","FuelEuByVessel"
"","4635","MonthlyData","ALL API TEST SUITE","2026-05-05","failed","2026-05-05","Negative_Scenario.Vessel_Negative","TESTV2","Negative_Scenario.Vessel_Negative","MonthlyData"
"","592","Route","ALL API TEST SUITE","2026-05-05","failed","2026-05-05","Negative_Scenario.GlobalMap_Negative","TESTV2","Negative_Scenario.GlobalMap_Negative","Route"
"","469","BunkerPrice","ALL API TEST SUITE","2026-05-05","passed","2026-05-05","Negative_Scenario.MarketData_Negative","TESTV2","Negative_Scenario.MarketData_Negative","BunkerPrice"
"","643","ManageDashboard","ALL API TEST SUITE","2026-05-05","passed","2026-05-05","Negative_Scenario.Dashboard_Negative","TESTV2","Negative_Scenario.Dashboard_Negative","ManageDashboard"
"","538","MapFilter","ALL API TEST SUITE","2026-05-05","failed","2026-05-05","Negative_Scenario.Filter_Negative","TESTV2","Negative_Scenario.Filter_Negative","MapFilter"
"","502","GetNotification","ALL API TEST SUITE","2026-05-05","passed","2026-05-05","Negative_Scenario.Notifications_Negative","TESTV2","Negative_Scenario.Notifications_Negative","GetNotification"
"","520","FilterData","ALL API TEST SUITE","2026-05-05","passed","2026-05-05","Negative_Scenario.Filter_Negative","TESTV2","Negative_Scenario.Filter_Negative","FilterData"
"","463","ReadUnreadNotifications","ALL API TEST SUITE","2026-05-05","passed","2026-05-05","Negative_Scenario.Notifications_Negative","TESTV2","Negative_Scenario.Notifications_Negative","ReadUnreadNotifications"
"","458","SpeedPercentageBucket","ALL API TEST SUITE","2026-05-05","passed","2026-05-05","Negative_Scenario.Performance_Negative","TESTV2","Negative_Scenario.Performance_Negative","SpeedPercentageBucket"
"","530","SpeedPercentageExport","ALL API TEST SUITE","2026-05-05","passed","2026-05-05","Negative_Scenario.Performance_Negative","TESTV2","Negative_Scenario.Performance_Negative","SpeedPercentageExport"
"","550","GetEarningsByYard","ALL API TEST SUITE","2026-05-05","passed","2026-05-05","Negative_Scenario.Earnings_Negative","TESTV2","Negative_Scenario.Earnings_Negative","GetEarningsByYard"
"","543","GetEarningsByVessel","ALL API TEST SUITE","2026-05-05","passed","2026-05-05","Negative_Scenario.Earnings_Negative","TESTV2","Negative_Scenario.Earnings_Negative","GetEarningsByVessel"
"","468","FilterData","ALL API TEST SUITE","2026-05-05","passed","2026-05-05","Negative_Scenario.Filter_Negative","TESTV2","Negative_Scenario.Filter_Negative","FilterData"
"","491","FuelEuByVessel","ALL API TEST SUITE","2026-05-05","passed","2026-05-05","Negative_Scenario.FuelEU_Negative","TESTV2","Negative_Scenario.FuelEU_Negative","FuelEuByVessel"
"","493","PoolPointMinMaxAvg","ALL API TEST SUITE","2026-05-05","passed","2026-05-05","Negative_Scenario.PoolPoint_Negative","TESTV2","Negative_Scenario.PoolPoint_Negative","PoolPointMinMaxAvg"
"","536","EuetsByPoolcodes","ALL API TEST SUITE","2026-05-05","passed","2026-05-05","Negative_Scenario.EUETS_Negative","TESTV2","Negative_Scenario.EUETS_Negative","EuetsByPoolcodes"
"","557","GetMinMaxAvgBySegment","ALL API TEST SUITE","2026-05-05","passed","2026-05-05","Negative_Scenario.Earnings_Negative","TESTV2","Negative_Scenario.Earnings_Negative","GetMinMaxAvgBySegment"
"","458","SpeedPercentageExport","ALL API TEST SUITE","2026-05-05","passed","2026-05-05","Negative_Scenario.Performance_Negative","TESTV2","Negative_Scenario.Performance_Negative","SpeedPercentageExport"
"","531","EuetsList","ALL API TEST SUITE","2026-05-05","passed","2026-05-05","Negative_Scenario.EUETS_Negative","TESTV2","Negative_Scenario.EUETS_Negative","EuetsList"
"","466","GetNotification","ALL API TEST SUITE","2026-05-05","passed","2026-05-05","Negative_Scenario.Notifications_Negative","TESTV2","Negative_Scenario.Notifications_Negative","GetNotification"
"","1022","VesselReport","ALL API TEST SUITE","2026-05-05","passed","2026-05-05","Negative_Scenario.MarketData_Negative","TESTV2","Negative_Scenario.MarketData_Negative","VesselReport"
"","499","FuelEuByVessel","ALL API TEST SUITE","2026-05-05","passed","2026-05-05","Negative_Scenario.FuelEU_Negative","TESTV2","Negative_Scenario.FuelEU_Negative","FuelEuByVessel"
"","516","FilterData","ALL API TEST SUITE","2026-05-05","passed","2026-05-05","Negative_Scenario.Filter_Negative","TESTV2","Negative_Scenario.Filter_Negative","FilterData"
"","478","SpeedPercentageBucket","ALL API TEST SUITE","2026-05-05","passed","2026-05-05","Negative_Scenario.Performance_Negative","TESTV2","Negative_Scenario.Performance_Negative","SpeedPercentageBucket"
"","1043","Earningsdistribution","ALL API TEST SUITE","2026-05-05","failed","2026-05-05","Negative_Scenario.Earnings_Negative","TESTV2","Negative_Scenario.Earnings_Negative","Earningsdistribution"
"","512","EuetsList","ALL API TEST SUITE","2026-05-05","passed","2026-05-05","Negative_Scenario.EUETS_Negative","TESTV2","Negative_Scenario.EUETS_Negative","EuetsList"
"","529","GetMinMaxAvgBySegment","ALL API TEST SUITE","2026-05-05","failed","2026-05-05","Negative_Scenario.Earnings_Negative","TESTV2","Negative_Scenario.Earnings_Negative","GetMinMaxAvgBySegment"
"","645","PoolPointList","ALL API TEST SUITE","2026-05-05","passed","2026-05-05","Negative_Scenario.PoolPoint_Negative","TESTV2","Negative_Scenario.PoolPoint_Negative","PoolPointList"
"","603","Route","ALL API TEST SUITE","2026-05-05","passed","2026-05-05","Negative_Scenario.GlobalMap_Negative","TESTV2","Negative_Scenario.GlobalMap_Negative","Route"
"","4682","MonthlyData","ALL API TEST SUITE","2026-05-05","failed","2026-05-05","Negative_Scenario.Vessel_Negative","TESTV2","Negative_Scenario.Vessel_Negative","MonthlyData"
"","1108","EuetsByParticipants","ALL API TEST SUITE","2026-05-05","failed","2026-05-05","Negative_Scenario.EUETS_Negative","TESTV2","Negative_Scenario.EUETS_Negative","EuetsByParticipants"
"","607","GetMinMaxAvgBySegment","ALL API TEST SUITE","2026-05-05","passed","2026-05-05","Negative_Scenario.Earnings_Negative","TESTV2","Negative_Scenario.Earnings_Negative","GetMinMaxAvgBySegment"
"","3984","HoverDetail","ALL API TEST SUITE","2026-05-05","passed","2026-05-05","Negative_Scenario.Vessel_Negative","TESTV2","Negative_Scenario.Vessel_Negative","HoverDetail"
"","4513","HoverDetail","ALL API TEST SUITE","2026-05-05","passed","2026-05-05","Negative_Scenario.Vessel_Negative","TESTV2","Negative_Scenario.Vessel_Negative","HoverDetail"
"","512","EuetsByParticipants","ALL API TEST SUITE","2026-05-05","passed","2026-05-05","Negative_Scenario.EUETS_Negative","TESTV2","Negative_Scenario.EUETS_Negative","EuetsByParticipants"
"","908","GetEarningsByParticipant","ALL API TEST SUITE","2026-05-05","failed","2026-05-05","Negative_Scenario.Earnings_Negative","TESTV2","Negative_Scenario.Earnings_Negative","GetEarningsByParticipant"
"","513","FuelEuByVessel","ALL API TEST SUITE","2026-05-05","passed","2026-05-05","Negative_Scenario.FuelEU_Negative","TESTV2","Negative_Scenario.FuelEU_Negative","FuelEuByVessel"
"","991","MarketReport","ALL API TEST SUITE","2026-05-05","passed","2026-05-05","Negative_Scenario.MarketData_Negative","TESTV2","Negative_Scenario.MarketData_Negative","MarketReport"
"","463","GetEarningsBySegment","ALL API TEST SUITE","2026-05-05","passed","2026-05-05","Negative_Scenario.Earnings_Negative","TESTV2","Negative_Scenario.Earnings_Negative","GetEarningsBySegment"
"","477","VesselOverview","ALL API TEST SUITE","2026-05-05","passed","2026-05-05","Negative_Scenario.Vessel_Negative","TESTV2","Negative_Scenario.Vessel_Negative","VesselOverview"
"","453","GetUserNotificationPreference","ALL API TEST SUITE","2026-05-05","passed","2026-05-05","Negative_Scenario.Notifications_Negative","TESTV2","Negative_Scenario.Notifications_Negative","GetUserNotificationPreference"
"","541","GetTop3EarningsByParticipant","ALL API TEST SUITE","2026-05-05","passed","2026-05-05","Negative_Scenario.Earnings_Negative","TESTV2","Negative_Scenario.Earnings_Negative","GetTop3EarningsByParticipant"
"","476","FilterData","ALL API TEST SUITE","2026-05-05","passed","2026-05-05","Negative_Scenario.Filter_Negative","TESTV2","Negative_Scenario.Filter_Negative","FilterData"
"","603","FuelEuByMonth","ALL API TEST SUITE","2026-05-05","passed","2026-05-05","Negative_Scenario.FuelEU_Negative","TESTV2","Negative_Scenario.FuelEU_Negative","FuelEuByMonth"
"","572","FuelEuByMonth","ALL API TEST SUITE","2026-05-05","passed","2026-05-05","Negative_Scenario.FuelEU_Negative","TESTV2","Negative_Scenario.FuelEU_Negative","FuelEuByMonth"
"","480","Peformancelist","ALL API TEST SUITE","2026-05-05","passed","2026-05-05","Negative_Scenario.Performance_Negative","TESTV2","Negative_Scenario.Performance_Negative","Peformancelist"
"","1235","EarningsExport","ALL API TEST SUITE","2026-05-05","failed","2026-05-05","Negative_Scenario.Earnings_Negative","TESTV2","Negative_Scenario.Earnings_Negative","EarningsExport"
"","521","SpeedPercentageExport","ALL API TEST SUITE","2026-05-05","failed","2026-05-05","Negative_Scenario.Performance_Negative","TESTV2","Negative_Scenario.Performance_Negative","SpeedPercentageExport"
"","493","EarningsExport","ALL API TEST SUITE","2026-05-05","passed","2026-05-05","Negative_Scenario.Earnings_Negative","TESTV2","Negative_Scenario.Earnings_Negative","EarningsExport"
"","480","Peformancelist","ALL API TEST SUITE","2026-05-05","passed","2026-05-05","Negative_Scenario.Performance_Negative","TESTV2","Negative_Scenario.Performance_Negative","Peformancelist"
"","638","CompareVessels","ALL API TEST SUITE","2026-05-05","passed","2026-05-05","Negative_Scenario.Compare_Vessels_Negative","TESTV2","Negative_Scenario.Compare_Vessels_Negative","CompareVessels"
"","472","VesselOverview","ALL API TEST SUITE","2026-05-05","passed","2026-05-05","Negative_Scenario.Vessel_Negative","TESTV2","Negative_Scenario.Vessel_Negative","VesselOverview"
"","494","Earningsdistribution","ALL API TEST SUITE","2026-05-05","passed","2026-05-05","Negative_Scenario.Earnings_Negative","TESTV2","Negative_Scenario.Earnings_Negative","Earningsdistribution"
"","503","GetTop3EarningsByParticipant","ALL API TEST SUITE","2026-05-05","passed","2026-05-05","Negative_Scenario.Earnings_Negative","TESTV2","Negative_Scenario.Earnings_Negative","GetTop3EarningsByParticipant"
"","459","Peformancelist","ALL API TEST SUITE","2026-05-05","passed","2026-05-05","Negative_Scenario.Performance_Negative","TESTV2","Negative_Scenario.Performance_Negative","Peformancelist"
"","500","EuetsByPoolcodes","ALL API TEST SUITE","2026-05-05","passed","2026-05-05","Negative_Scenario.EUETS_Negative","TESTV2","Negative_Scenario.EUETS_Negative","EuetsByPoolcodes"
"","534","VesselonMap","ALL API TEST SUITE","2026-05-05","passed","2026-05-05","Negative_Scenario.GlobalMap_Negative","TESTV2","Negative_Scenario.GlobalMap_Negative","VesselonMap"
"","463","ArchiveNotifications","ALL API TEST SUITE","2026-05-05","passed","2026-05-05","Negative_Scenario.Notifications_Negative","TESTV2","Negative_Scenario.Notifications_Negative","ArchiveNotifications"
"","519","CompareVessels","ALL API TEST SUITE","2026-05-05","passed","2026-05-05","Negative_Scenario.Compare_Vessels_Negative","TESTV2","Negative_Scenario.Compare_Vessels_Negative","CompareVessels"
"","456","Peformancelist","ALL API TEST SUITE","2026-05-05","passed","2026-05-05","Negative_Scenario.Performance_Negative","TESTV2","Negative_Scenario.Performance_Negative","Peformancelist"
"","532","SpeedPercentageExport","ALL API TEST SUITE","2026-05-05","passed","2026-05-05","Negative_Scenario.Performance_Negative","TESTV2","Negative_Scenario.Performance_Negative","SpeedPercentageExport"
"","3970","SailingTime","ALL API TEST SUITE","2026-05-05","passed","2026-05-05","Negative_Scenario.Vessel_Negative","TESTV2","Negative_Scenario.Vessel_Negative","SailingTime"
"","3976","SailingTime","ALL API TEST SUITE","2026-05-05","passed","2026-05-05","Negative_Scenario.Vessel_Negative","TESTV2","Negative_Scenario.Vessel_Negative","SailingTime"
"","534","FilterData","ALL API TEST SUITE","2026-05-05","passed","2026-05-05","Negative_Scenario.Filter_Negative","TESTV2","Negative_Scenario.Filter_Negative","FilterData"
"","525","CompareVessels","ALL API TEST SUITE","2026-05-05","passed","2026-05-05","Negative_Scenario.Compare_Vessels_Negative","TESTV2","Negative_Scenario.Compare_Vessels_Negative","CompareVessels"
"","497","GetMinMaxAvgBySegment","ALL API TEST SUITE","2026-05-05","failed","2026-05-05","Negative_Scenario.Earnings_Negative","TESTV2","Negative_Scenario.Earnings_Negative","GetMinMaxAvgBySegment"
"","483","FilterData","ALL API TEST SUITE","2026-05-05","passed","2026-05-05","Negative_Scenario.Filter_Negative","TESTV2","Negative_Scenario.Filter_Negative","FilterData"
"","473","FuelEughglimits","ALL API TEST SUITE","2026-05-05","passed","2026-05-05","Negative_Scenario.FuelEU_Negative","TESTV2","Negative_Scenario.FuelEU_Negative","FuelEughglimits"
"","475","MarketReportFile","ALL API TEST SUITE","2026-05-05","failed","2026-05-05","Negative_Scenario.PoolDocuments_Negative","TESTV2","Negative_Scenario.PoolDocuments_Negative","MarketReportFile"
"","496","SpeedPercentageBucket","ALL API TEST SUITE","2026-05-05","passed","2026-05-05","Negative_Scenario.Performance_Negative","TESTV2","Negative_Scenario.Performance_Negative","SpeedPercentageBucket"
"","511","SpeedPercentageExport","ALL API TEST SUITE","2026-05-05","passed","2026-05-05","Negative_Scenario.Performance_Negative","TESTV2","Negative_Scenario.Performance_Negative","SpeedPercentageExport"
"","598","GetEarningsBySegment","ALL API TEST SUITE","2026-05-05","failed","2026-05-05","Negative_Scenario.Earnings_Negative","TESTV2","Negative_Scenario.Earnings_Negative","GetEarningsBySegment"
"","4398","VesselVoyages","ALL API TEST SUITE","2026-05-05","passed","2026-05-05","Negative_Scenario.Vessel_Negative","TESTV2","Negative_Scenario.Vessel_Negative","VesselVoyages"
"","458","SpeedPercentage","ALL API TEST SUITE","2026-05-05","passed","2026-05-05","Negative_Scenario.Performance_Negative","TESTV2","Negative_Scenario.Performance_Negative","SpeedPercentage"
"","477","SpeedPercentage","ALL API TEST SUITE","2026-05-05","failed","2026-05-05","Negative_Scenario.Performance_Negative","TESTV2","Negative_Scenario.Performance_Negative","SpeedPercentage"
"","474","FilterData","ALL API TEST SUITE","2026-05-05","passed","2026-05-05","Negative_Scenario.Filter_Negative","TESTV2","Negative_Scenario.Filter_Negative","FilterData"
"","710","FuelEuByMonth","ALL API TEST SUITE","2026-05-05","passed","2026-05-05","Negative_Scenario.FuelEU_Negative","TESTV2","Negative_Scenario.FuelEU_Negative","FuelEuByMonth"
"","510","FilterData","ALL API TEST SUITE","2026-05-05","passed","2026-05-05","Negative_Scenario.Filter_Negative","TESTV2","Negative_Scenario.Filter_Negative","FilterData"
"","472","PoolPointList","ALL API TEST SUITE","2026-05-05","passed","2026-05-05","Negative_Scenario.PoolPoint_Negative","TESTV2","Negative_Scenario.PoolPoint_Negative","PoolPointList"
"","485","MarketReportFile","ALL API TEST SUITE","2026-05-05","failed","2026-05-05","Negative_Scenario.PoolDocuments_Negative","TESTV2","Negative_Scenario.PoolDocuments_Negative","MarketReportFile"
"","540","FilterData","ALL API TEST SUITE","2026-05-05","passed","2026-05-05","Negative_Scenario.Filter_Negative","TESTV2","Negative_Scenario.Filter_Negative","FilterData"
"","573","GetEarningsBySegment","ALL API TEST SUITE","2026-05-05","passed","2026-05-05","Negative_Scenario.Earnings_Negative","TESTV2","Negative_Scenario.Earnings_Negative","GetEarningsBySegment"
"","488","CompareVessels","ALL API TEST SUITE","2026-05-05","passed","2026-05-05","Negative_Scenario.Compare_Vessels_Negative","TESTV2","Negative_Scenario.Compare_Vessels_Negative","CompareVessels"
"","696","ManageDashboard","ALL API TEST SUITE","2026-05-05","failed","2026-05-05","Negative_Scenario.Dashboard_Negative","TESTV2","Negative_Scenario.Dashboard_Negative","ManageDashboard"
"","1096","EuetsByParticipants","ALL API TEST SUITE","2026-05-05","failed","2026-05-05","Negative_Scenario.EUETS_Negative","TESTV2","Negative_Scenario.EUETS_Negative","EuetsByParticipants"
"","4195","HoverDetail","ALL API TEST SUITE","2026-05-05","passed","2026-05-05","Negative_Scenario.Vessel_Negative","TESTV2","Negative_Scenario.Vessel_Negative","HoverDetail"
"","587","ProjectedRoute","ALL API TEST SUITE","2026-05-05","passed","2026-05-05","Negative_Scenario.GlobalMap_Negative","TESTV2","Negative_Scenario.GlobalMap_Negative","ProjectedRoute"
"","519","GetEarningsByParticipant","ALL API TEST SUITE","2026-05-05","passed","2026-05-05","Negative_Scenario.Earnings_Negative","TESTV2","Negative_Scenario.Earnings_Negative","GetEarningsByParticipant"
"","506","DashboardWidgets","ALL API TEST SUITE","2026-05-05","passed","2026-05-05","Negative_Scenario.Dashboard_Negative","TESTV2","Negative_Scenario.Dashboard_Negative","DashboardWidgets"
"","486","Eventtypes","ALL API TEST SUITE","2026-05-05","failed","2026-05-05","Negative_Scenario.Filter_Negative","TESTV2","Negative_Scenario.Filter_Negative","Eventtypes"
"","491","EuetsByPoolcodes","ALL API TEST SUITE","2026-05-05","passed","2026-05-05","Negative_Scenario.EUETS_Negative","TESTV2","Negative_Scenario.EUETS_Negative","EuetsByPoolcodes"
"","498","EarningsExport","ALL API TEST SUITE","2026-05-05","passed","2026-05-05","Negative_Scenario.Earnings_Negative","TESTV2","Negative_Scenario.Earnings_Negative","EarningsExport"
"","538","VesselonMap","ALL API TEST SUITE","2026-05-05","passed","2026-05-05","Negative_Scenario.GlobalMap_Negative","TESTV2","Negative_Scenario.GlobalMap_Negative","VesselonMap"
"","516","FuelEuByVessel","ALL API TEST SUITE","2026-05-05","passed","2026-05-05","Negative_Scenario.FuelEU_Negative","TESTV2","Negative_Scenario.FuelEU_Negative","FuelEuByVessel"
"","557","MarketReportFile","ALL API TEST SUITE","2026-05-05","failed","2026-05-05","Negative_Scenario.PoolDocuments_Negative","TESTV2","Negative_Scenario.PoolDocuments_Negative","MarketReportFile"
"","441","SaveNotificationPreference","ALL API TEST SUITE","2026-05-05","passed","2026-05-05","Negative_Scenario.Notifications_Negative","TESTV2","Negative_Scenario.Notifications_Negative","SaveNotificationPreference"
"","807","GetEarningsByParticipant","ALL API TEST SUITE","2026-05-05","failed","2026-05-05","Negative_Scenario.Earnings_Negative","TESTV2","Negative_Scenario.Earnings_Negative","GetEarningsByParticipant"
"","460","VesselReport","ALL API TEST SUITE","2026-05-05","passed","2026-05-05","Negative_Scenario.MarketData_Negative","TESTV2","Negative_Scenario.MarketData_Negative","VesselReport"
"","1293","GetEarningsByYard","ALL API TEST SUITE","2026-05-05","failed","2026-05-05","Negative_Scenario.Earnings_Negative","TESTV2","Negative_Scenario.Earnings_Negative","GetEarningsByYard"
"","592","ProjectedRoute","ALL API TEST SUITE","2026-05-05","passed","2026-05-05","Negative_Scenario.GlobalMap_Negative","TESTV2","Negative_Scenario.GlobalMap_Negative","ProjectedRoute"
"","508","BunkerPrice","ALL API TEST SUITE","2026-05-05","passed","2026-05-05","Negative_Scenario.MarketData_Negative","TESTV2","Negative_Scenario.MarketData_Negative","BunkerPrice"
"","512","ManageWidget","ALL API TEST SUITE","2026-05-05","failed","2026-05-05","Negative_Scenario.Dashboard_Negative","TESTV2","Negative_Scenario.Dashboard_Negative","ManageWidget"
"","4007","SailingTime","ALL API TEST SUITE","2026-05-05","passed","2026-05-05","Negative_Scenario.Vessel_Negative","TESTV2","Negative_Scenario.Vessel_Negative","SailingTime"
"","467","GetMinMaxAvgBySegment","ALL API TEST SUITE","2026-05-05","passed","2026-05-05","Negative_Scenario.Earnings_Negative","TESTV2","Negative_Scenario.Earnings_Negative","GetMinMaxAvgBySegment"
"","648","CompareVessels","ALL API TEST SUITE","2026-05-05","passed","2026-05-05","Negative_Scenario.Compare_Vessels_Negative","TESTV2","Negative_Scenario.Compare_Vessels_Negative","CompareVessels"
"","512","PoolPointMinMaxAvg","ALL API TEST SUITE","2026-05-05","passed","2026-05-05","Negative_Scenario.PoolPoint_Negative","TESTV2","Negative_Scenario.PoolPoint_Negative","PoolPointMinMaxAvg"
"","452","MarketReportFile","ALL API TEST SUITE","2026-05-05","passed","2026-05-05","Negative_Scenario.PoolDocuments_Negative","TESTV2","Negative_Scenario.PoolDocuments_Negative","MarketReportFile"
"","540","VesselonMap","ALL API TEST SUITE","2026-05-05","passed","2026-05-05","Negative_Scenario.GlobalMap_Negative","TESTV2","Negative_Scenario.GlobalMap_Negative","VesselonMap"
"","509","EuetsList","ALL API TEST SUITE","2026-05-05","passed","2026-05-05","Negative_Scenario.EUETS_Negative","TESTV2","Negative_Scenario.EUETS_Negative","EuetsList"
"","4042","HoverDetail","ALL API TEST SUITE","2026-05-05","failed","2026-05-05","Negative_Scenario.Vessel_Negative","TESTV2","Negative_Scenario.Vessel_Negative","HoverDetail"
"","487","Savenotifications","ALL API TEST SUITE","2026-05-05","failed","2026-05-05","Negative_Scenario.Notifications_Negative","TESTV2","Negative_Scenario.Notifications_Negative","Savenotifications"
"","5866","Peformancelist","ALL API TEST SUITE","2026-05-05","failed","2026-05-05","Negative_Scenario.Performance_Negative","TESTV2","Negative_Scenario.Performance_Negative","Peformancelist"
"","459","SpeedPercentage","ALL API TEST SUITE","2026-05-05","passed","2026-05-05","Negative_Scenario.Performance_Negative","TESTV2","Negative_Scenario.Performance_Negative","SpeedPercentage"
"","494","GetEarningsByVessel","ALL API TEST SUITE","2026-05-05","passed","2026-05-05","Negative_Scenario.Earnings_Negative","TESTV2","Negative_Scenario.Earnings_Negative","GetEarningsByVessel"
"","3360","VesselOverview","ALL API TEST SUITE","2026-05-05","failed","2026-05-05","Negative_Scenario.Vessel_Negative","TESTV2","Negative_Scenario.Vessel_Negative","VesselOverview"
"","512","EuetsByParticipants","ALL API TEST SUITE","2026-05-05","passed","2026-05-05","Negative_Scenario.EUETS_Negative","TESTV2","Negative_Scenario.EUETS_Negative","EuetsByParticipants"
"","542","ManageWidget","ALL API TEST SUITE","2026-05-05","passed","2026-05-05","Negative_Scenario.Dashboard_Negative","TESTV2","Negative_Scenario.Dashboard_Negative","ManageWidget"
"","637","ManageDashboard","ALL API TEST SUITE","2026-05-05","passed","2026-05-05","Negative_Scenario.Dashboard_Negative","TESTV2","Negative_Scenario.Dashboard_Negative","ManageDashboard"
"","524","PoolPointMinMaxAvg","ALL API TEST SUITE","2026-05-05","passed","2026-05-05","Negative_Scenario.PoolPoint_Negative","TESTV2","Negative_Scenario.PoolPoint_Negative","PoolPointMinMaxAvg"
"","561","DashboardRemove","ALL API TEST SUITE","2026-05-05","passed","2026-05-05","Negative_Scenario.Dashboard_Negative","TESTV2","Negative_Scenario.Dashboard_Negative","DashboardRemove"
"","557","DashboardWidgets","ALL API TEST SUITE","2026-05-05","passed","2026-05-05","Negative_Scenario.Dashboard_Negative","TESTV2","Negative_Scenario.Dashboard_Negative","DashboardWidgets"
"","529","Route","ALL API TEST SUITE","2026-05-05","passed","2026-05-05","Negative_Scenario.GlobalMap_Negative","TESTV2","Negative_Scenario.GlobalMap_Negative","Route"
"","631","FuelEuByMonth","ALL API TEST SUITE","2026-05-05","passed","2026-05-05","Negative_Scenario.FuelEU_Negative","TESTV2","Negative_Scenario.FuelEU_Negative","FuelEuByMonth"
"","493","GetEarningsByParticipant","ALL API TEST SUITE","2026-05-05","passed","2026-05-05","Negative_Scenario.Earnings_Negative","TESTV2","Negative_Scenario.Earnings_Negative","GetEarningsByParticipant"
"","582","VesselonMap","ALL API TEST SUITE","2026-05-05","passed","2026-05-05","Negative_Scenario.GlobalMap_Negative","TESTV2","Negative_Scenario.GlobalMap_Negative","VesselonMap"
"","482","CompareVessels","ALL API TEST SUITE","2026-05-05","passed","2026-05-05","Negative_Scenario.Compare_Vessels_Negative","TESTV2","Negative_Scenario.Compare_Vessels_Negative","CompareVessels"
"","579","FilterData","ALL API TEST SUITE","2026-05-05","passed","2026-05-05","Negative_Scenario.Filter_Negative","TESTV2","Negative_Scenario.Filter_Negative","FilterData"
"","532","FilterData","ALL API TEST SUITE","2026-05-05","passed","2026-05-05","Negative_Scenario.Filter_Negative","TESTV2","Negative_Scenario.Filter_Negative","FilterData"
"","95264","MonthlyData","ALL API TEST SUITE","2026-05-05","failed","2026-05-05","Negative_Scenario.Vessel_Negative","TESTV2","Negative_Scenario.Vessel_Negative","MonthlyData"
"","539","PoolPointMinMaxAvg","ALL API TEST SUITE","2026-05-05","passed","2026-05-05","Negative_Scenario.PoolPoint_Negative","TESTV2","Negative_Scenario.PoolPoint_Negative","PoolPointMinMaxAvg"
"","576","Route","ALL API TEST SUITE","2026-05-05","passed","2026-05-05","Negative_Scenario.GlobalMap_Negative","TESTV2","Negative_Scenario.GlobalMap_Negative","Route"
"","482","PoolPointList","ALL API TEST SUITE","2026-05-05","passed","2026-05-05","Negative_Scenario.PoolPoint_Negative","TESTV2","Negative_Scenario.PoolPoint_Negative","PoolPointList"
"","520","GetTop3EarningsByParticipant","ALL API TEST SUITE","2026-05-05","passed","2026-05-05","Negative_Scenario.Earnings_Negative","TESTV2","Negative_Scenario.Earnings_Negative","GetTop3EarningsByParticipant"
"","456","ReadUnreadNotifications","ALL API TEST SUITE","2026-05-05","passed","2026-05-05","Negative_Scenario.Notifications_Negative","TESTV2","Negative_Scenario.Notifications_Negative","ReadUnreadNotifications"
"","475","SpeedPercentage","ALL API TEST SUITE","2026-05-05","passed","2026-05-05","Negative_Scenario.Performance_Negative","TESTV2","Negative_Scenario.Performance_Negative","SpeedPercentage"
"","488","GetEarningsBySegment","ALL API TEST SUITE","2026-05-05","passed","2026-05-05","Negative_Scenario.Earnings_Negative","TESTV2","Negative_Scenario.Earnings_Negative","GetEarningsBySegment"
"","884","VesselonMap","ALL API TEST SUITE","2026-05-05","passed","2026-05-05","Negative_Scenario.GlobalMap_Negative","TESTV2","Negative_Scenario.GlobalMap_Negative","VesselonMap"
"","468","SaveNotificationPreference","ALL API TEST SUITE","2026-05-05","failed","2026-05-05","Negative_Scenario.Notifications_Negative","TESTV2","Negative_Scenario.Notifications_Negative","SaveNotificationPreference"
"","596","GetEarningsByVessel","ALL API TEST SUITE","2026-05-05","passed","2026-05-05","Negative_Scenario.Earnings_Negative","TESTV2","Negative_Scenario.Earnings_Negative","GetEarningsByVessel"
"","6559","MonthlyData","ALL API TEST SUITE","2026-05-05","failed","2026-05-05","Negative_Scenario.Vessel_Negative","TESTV2","Negative_Scenario.Vessel_Negative","MonthlyData"
"","508","GetEarningsByVessel","ALL API TEST SUITE","2026-05-05","passed","2026-05-05","Negative_Scenario.Earnings_Negative","TESTV2","Negative_Scenario.Earnings_Negative","GetEarningsByVessel"
"","4055","SailingTime","ALL API TEST SUITE","2026-05-05","passed","2026-05-05","Negative_Scenario.Vessel_Negative","TESTV2","Negative_Scenario.Vessel_Negative","SailingTime"
"","491","EuetsByParticipants","ALL API TEST SUITE","2026-05-05","passed","2026-05-05","Negative_Scenario.EUETS_Negative","TESTV2","Negative_Scenario.EUETS_Negative","EuetsByParticipants"
"","591","GetEarningsByYard","ALL API TEST SUITE","2026-05-05","passed","2026-05-05","Negative_Scenario.Earnings_Negative","TESTV2","Negative_Scenario.Earnings_Negative","GetEarningsByYard"
"","671","SpeedPercentageBucket","ALL API TEST SUITE","2026-05-05","failed","2026-05-05","Negative_Scenario.Performance_Negative","TESTV2","Negative_Scenario.Performance_Negative","SpeedPercentageBucket"
"","681","VesselonMap","ALL API TEST SUITE","2026-05-05","failed","2026-05-05","Negative_Scenario.GlobalMap_Negative","TESTV2","Negative_Scenario.GlobalMap_Negative","VesselonMap"
"","571","VesselonMap","ALL API TEST SUITE","2026-05-05","failed","2026-05-05","Negative_Scenario.GlobalMap_Negative","TESTV2","Negative_Scenario.GlobalMap_Negative","VesselonMap"
"","540","GetEarningsByYard","ALL API TEST SUITE","2026-05-05","passed","2026-05-05","Negative_Scenario.Earnings_Negative","TESTV2","Negative_Scenario.Earnings_Negative","GetEarningsByYard"
"","484","GetNotification","ALL API TEST SUITE","2026-05-05","failed","2026-05-05","Negative_Scenario.Notifications_Negative","TESTV2","Negative_Scenario.Notifications_Negative","GetNotification"
"","455","SpeedPercentageExport","ALL API TEST SUITE","2026-05-05","passed","2026-05-05","Negative_Scenario.Performance_Negative","TESTV2","Negative_Scenario.Performance_Negative","SpeedPercentageExport"
"","571","CompareVessels","ALL API TEST SUITE","2026-05-05","passed","2026-05-05","Negative_Scenario.Compare_Vessels_Negative","TESTV2","Negative_Scenario.Compare_Vessels_Negative","CompareVessels"
"","500","GetEarningsByYard","ALL API TEST SUITE","2026-05-05","passed","2026-05-05","Negative_Scenario.Earnings_Negative","TESTV2","Negative_Scenario.Earnings_Negative","GetEarningsByYard"
"","520","VesselEvents","ALL API TEST SUITE","2026-05-05","passed","2026-05-05","Negative_Scenario.Vessel_Negative","TESTV2","Negative_Scenario.Vessel_Negative","VesselEvents"
"","439","SaveNotificationPreference","ALL API TEST SUITE","2026-05-05","passed","2026-05-05","Negative_Scenario.Notifications_Negative","TESTV2","Negative_Scenario.Notifications_Negative","SaveNotificationPreference"
"","2176","GetEarningsByParticipant","ALL API TEST SUITE","2026-05-05","failed","2026-05-05","Negative_Scenario.Earnings_Negative","TESTV2","Negative_Scenario.Earnings_Negative","GetEarningsByParticipant"
"","555","CompareVessels","ALL API TEST SUITE","2026-05-05","passed","2026-05-05","Negative_Scenario.Compare_Vessels_Negative","TESTV2","Negative_Scenario.Compare_Vessels_Negative","CompareVessels"
"","460","SpeedPercentageBucket","ALL API TEST SUITE","2026-05-05","passed","2026-05-05","Negative_Scenario.Performance_Negative","TESTV2","Negative_Scenario.Performance_Negative","SpeedPercentageBucket"
"","538","VesselEvents","ALL API TEST SUITE","2026-05-05","passed","2026-05-05","Negative_Scenario.Vessel_Negative","TESTV2","Negative_Scenario.Vessel_Negative","VesselEvents"
"","547","GetEarningsByVessel","ALL API TEST SUITE","2026-05-05","passed","2026-05-05","Negative_Scenario.Earnings_Negative","TESTV2","Negative_Scenario.Earnings_Negative","GetEarningsByVessel"
"","584","GetEarningsByYard","ALL API TEST SUITE","2026-05-05","passed","2026-05-05","Negative_Scenario.Earnings_Negative","TESTV2","Negative_Scenario.Earnings_Negative","GetEarningsByYard"
"","4828","VesselVoyages","ALL API TEST SUITE","2026-05-05","passed","2026-05-05","Negative_Scenario.Vessel_Negative","TESTV2","Negative_Scenario.Vessel_Negative","VesselVoyages"
"","15110","Route","ALL API TEST SUITE","2026-05-05","failed","2026-05-05","Negative_Scenario.GlobalMap_Negative","TESTV2","Negative_Scenario.GlobalMap_Negative","Route"
"","491","SpeedPercentageBucket","ALL API TEST SUITE","2026-05-05","passed","2026-05-05","Negative_Scenario.Performance_Negative","TESTV2","Negative_Scenario.Performance_Negative","SpeedPercentageBucket"
"","531","Peformancelist","ALL API TEST SUITE","2026-05-05","passed","2026-05-05","Negative_Scenario.Performance_Negative","TESTV2","Negative_Scenario.Performance_Negative","Peformancelist"
"","628","MapFilter","ALL API TEST SUITE","2026-05-05","failed","2026-05-05","Negative_Scenario.Filter_Negative","TESTV2","Negative_Scenario.Filter_Negative","MapFilter"
"","1421","SpeedPercentage","ALL API TEST SUITE","2026-05-05","failed","2026-05-05","Negative_Scenario.Performance_Negative","TESTV2","Negative_Scenario.Performance_Negative","SpeedPercentage"
"","501","UnreadNotificationCount","ALL API TEST SUITE","2026-05-05","failed","2026-05-05","Negative_Scenario.Notifications_Negative","TESTV2","Negative_Scenario.Notifications_Negative","UnreadNotificationCount"
"","652","EuetsList","ALL API TEST SUITE","2026-05-05","passed","2026-05-05","Negative_Scenario.EUETS_Negative","TESTV2","Negative_Scenario.EUETS_Negative","EuetsList"
"","457","Earningsdistribution","ALL API TEST SUITE","2026-05-05","passed","2026-05-05","Negative_Scenario.Earnings_Negative","TESTV2","Negative_Scenario.Earnings_Negative","Earningsdistribution"
"","496","FilterData","ALL API TEST SUITE","2026-05-05","passed","2026-05-05","Negative_Scenario.Filter_Negative","TESTV2","Negative_Scenario.Filter_Negative","FilterData"
"","476","VesselDetails","ALL API TEST SUITE","2026-05-05","passed","2026-05-05","Negative_Scenario.Vessel_Negative","TESTV2","Negative_Scenario.Vessel_Negative","VesselDetails"
"","463","MarketReportFile","ALL API TEST SUITE","2026-05-05","passed","2026-05-05","Negative_Scenario.PoolDocuments_Negative","TESTV2","Negative_Scenario.PoolDocuments_Negative","MarketReportFile"
"","447","VesselPositions","ALL API TEST SUITE","2026-05-05","passed","2026-05-05","Negative_Scenario.MarketData_Negative","TESTV2","Negative_Scenario.MarketData_Negative","VesselPositions"
"","491","SpeedPercentageBucket","ALL API TEST SUITE","2026-05-05","passed","2026-05-05","Negative_Scenario.Performance_Negative","TESTV2","Negative_Scenario.Performance_Negative","SpeedPercentageBucket"
"","618","CompareVessels","ALL API TEST SUITE","2026-05-05","passed","2026-05-05","Negative_Scenario.Compare_Vessels_Negative","TESTV2","Negative_Scenario.Compare_Vessels_Negative","CompareVessels"
"","536","PoolPointMinMaxAvg","ALL API TEST SUITE","2026-05-05","passed","2026-05-05","Negative_Scenario.PoolPoint_Negative","TESTV2","Negative_Scenario.PoolPoint_Negative","PoolPointMinMaxAvg"
"","740","MapFilter","ALL API TEST SUITE","2026-05-05","failed","2026-05-05","Negative_Scenario.Filter_Negative","TESTV2","Negative_Scenario.Filter_Negative","MapFilter"
"","957","MarketReport","ALL API TEST SUITE","2026-05-05","passed","2026-05-05","Negative_Scenario.MarketData_Negative","TESTV2","Negative_Scenario.MarketData_Negative","MarketReport"
"","509","VesselAllEventSummary","ALL API TEST SUITE","2026-05-05","passed","2026-05-05","Negative_Scenario.Vessel_Negative","TESTV2","Negative_Scenario.Vessel_Negative","VesselAllEventSummary"
"","468","PoolEarnings","ALL API TEST SUITE","2026-05-05","passed","2026-05-05","Negative_Scenario.MarketData_Negative","TESTV2","Negative_Scenario.MarketData_Negative","PoolEarnings"
"","521","EarningsExport","ALL API TEST SUITE","2026-05-05","passed","2026-05-05","Negative_Scenario.Earnings_Negative","TESTV2","Negative_Scenario.Earnings_Negative","EarningsExport"
"","560","Route","ALL API TEST SUITE","2026-05-05","passed","2026-05-05","Negative_Scenario.GlobalMap_Negative","TESTV2","Negative_Scenario.GlobalMap_Negative","Route"
"","637","GetEarningsByParticipant","ALL API TEST SUITE","2026-05-05","failed","2026-05-05","Negative_Scenario.Earnings_Negative","TESTV2","Negative_Scenario.Earnings_Negative","GetEarningsByParticipant"
"","481","VesselPositions","ALL API TEST SUITE","2026-05-05","passed","2026-05-05","Negative_Scenario.MarketData_Negative","TESTV2","Negative_Scenario.MarketData_Negative","VesselPositions"
"","483","FilterData","ALL API TEST SUITE","2026-05-05","passed","2026-05-05","Negative_Scenario.Filter_Negative","TESTV2","Negative_Scenario.Filter_Negative","FilterData"
"","475","EuetsList","ALL API TEST SUITE","2026-05-05","passed","2026-05-05","Negative_Scenario.EUETS_Negative","TESTV2","Negative_Scenario.EUETS_Negative","EuetsList"
"","548","GetTop3EarningsByParticipant","ALL API TEST SUITE","2026-05-05","failed","2026-05-05","Negative_Scenario.Earnings_Negative","TESTV2","Negative_Scenario.Earnings_Negative","GetTop3EarningsByParticipant"
"","482","PoolPointList","ALL API TEST SUITE","2026-05-05","passed","2026-05-05","Negative_Scenario.PoolPoint_Negative","TESTV2","Negative_Scenario.PoolPoint_Negative","PoolPointList"
"","507","EuetsByPoolcodes","ALL API TEST SUITE","2026-05-05","passed","2026-05-05","Negative_Scenario.EUETS_Negative","TESTV2","Negative_Scenario.EUETS_Negative","EuetsByPoolcodes"
"","4926","VesselVoyages","ALL API TEST SUITE","2026-05-05","failed","2026-05-05","Negative_Scenario.Vessel_Negative","TESTV2","Negative_Scenario.Vessel_Negative","VesselVoyages"
"","487","GetEarningsByParticipant","ALL API TEST SUITE","2026-05-05","passed","2026-05-05","Negative_Scenario.Earnings_Negative","TESTV2","Negative_Scenario.Earnings_Negative","GetEarningsByParticipant"
"","522","VesselonMap","ALL API TEST SUITE","2026-05-05","passed","2026-05-05","Negative_Scenario.GlobalMap_Negative","TESTV2","Negative_Scenario.GlobalMap_Negative","VesselonMap"
"","489","SpeedPercentageBucket","ALL API TEST SUITE","2026-05-05","passed","2026-05-05","Negative_Scenario.Performance_Negative","TESTV2","Negative_Scenario.Performance_Negative","SpeedPercentageBucket"
"","482","SpeedPercentageBucket","ALL API TEST SUITE","2026-05-05","passed","2026-05-05","Negative_Scenario.Performance_Negative","TESTV2","Negative_Scenario.Performance_Negative","SpeedPercentageBucket"
"","607","Peformancelist","ALL API TEST SUITE","2026-05-05","passed","2026-05-05","Negative_Scenario.Performance_Negative","TESTV2","Negative_Scenario.Performance_Negative","Peformancelist"
"","513","CompareVessels","ALL API TEST SUITE","2026-05-05","passed","2026-05-05","Negative_Scenario.Compare_Vessels_Negative","TESTV2","Negative_Scenario.Compare_Vessels_Negative","CompareVessels"
"","4051","SailingTime","ALL API TEST SUITE","2026-05-05","failed","2026-05-05","Negative_Scenario.Vessel_Negative","TESTV2","Negative_Scenario.Vessel_Negative","SailingTime"
"","487","Earningsdistribution","ALL API TEST SUITE","2026-05-05","passed","2026-05-05","Negative_Scenario.Earnings_Negative","TESTV2","Negative_Scenario.Earnings_Negative","Earningsdistribution"
"","504","EuetsByPoolcodes","ALL API TEST SUITE","2026-05-05","passed","2026-05-05","Negative_Scenario.EUETS_Negative","TESTV2","Negative_Scenario.EUETS_Negative","EuetsByPoolcodes"
"","557","GetEarningsByParticipant","ALL API TEST SUITE","2026-05-05","passed","2026-05-05","Negative_Scenario.Earnings_Negative","TESTV2","Negative_Scenario.Earnings_Negative","GetEarningsByParticipant"
"","462","SpeedPercentage","ALL API TEST SUITE","2026-05-05","passed","2026-05-05","Negative_Scenario.Performance_Negative","TESTV2","Negative_Scenario.Performance_Negative","SpeedPercentage"
"","482","FuelEuByVessel","ALL API TEST SUITE","2026-05-05","passed","2026-05-05","Negative_Scenario.FuelEU_Negative","TESTV2","Negative_Scenario.FuelEU_Negative","FuelEuByVessel"
"","505","SpeedPercentageExport","ALL API TEST SUITE","2026-05-05","passed","2026-05-05","Negative_Scenario.Performance_Negative","TESTV2","Negative_Scenario.Performance_Negative","SpeedPercentageExport"
"","903","DashboardList","ALL API TEST SUITE","2026-05-05","failed","2026-05-05","Negative_Scenario.Dashboard_Negative","TESTV2","Negative_Scenario.Dashboard_Negative","DashboardList"
"","501","PoolPointList","ALL API TEST SUITE","2026-05-05","passed","2026-05-05","Negative_Scenario.PoolPoint_Negative","TESTV2","Negative_Scenario.PoolPoint_Negative","PoolPointList"
"","564","UpdateHistoricalRouteFromSearchRoute","ALL API TEST SUITE","2026-05-05","passed","2026-05-05","Negative_Scenario.GlobalMap_Negative","TESTV2","Negative_Scenario.GlobalMap_Negative","UpdateHistoricalRouteFromSearchRoute"
"","449","SaveNotificationPreference","ALL API TEST SUITE","2026-05-05","passed","2026-05-05","Negative_Scenario.Notifications_Negative","TESTV2","Negative_Scenario.Notifications_Negative","SaveNotificationPreference"
"","468","SpeedPercentage","ALL API TEST SUITE","2026-05-05","passed","2026-05-05","Negative_Scenario.Performance_Negative","TESTV2","Negative_Scenario.Performance_Negative","SpeedPercentage"
"","942","DashboardList","ALL API TEST SUITE","2026-05-05","failed","2026-05-05","Negative_Scenario.Dashboard_Negative","TESTV2","Negative_Scenario.Dashboard_Negative","DashboardList"
"","4533","VesselVoyages","ALL API TEST SUITE","2026-05-05","passed","2026-05-05","Negative_Scenario.Vessel_Negative","TESTV2","Negative_Scenario.Vessel_Negative","VesselVoyages"
"","3953","HoverDetail","ALL API TEST SUITE","2026-05-05","passed","2026-05-05","Negative_Scenario.Vessel_Negative","TESTV2","Negative_Scenario.Vessel_Negative","HoverDetail"
"","759","GetEarningsByParticipant","ALL API TEST SUITE","2026-05-05","failed","2026-05-05","Negative_Scenario.Earnings_Negative","TESTV2","Negative_Scenario.Earnings_Negative","GetEarningsByParticipant"
"","482","SpeedPercentageBucket","ALL API TEST SUITE","2026-05-05","passed","2026-05-05","Negative_Scenario.Performance_Negative","TESTV2","Negative_Scenario.Performance_Negative","SpeedPercentageBucket"
"","614","GetEarningsByYard","ALL API TEST SUITE","2026-05-05","passed","2026-05-05","Negative_Scenario.Earnings_Negative","TESTV2","Negative_Scenario.Earnings_Negative","GetEarningsByYard"
"","481","EuetsList","ALL API TEST SUITE","2026-05-05","passed","2026-05-05","Negative_Scenario.EUETS_Negative","TESTV2","Negative_Scenario.EUETS_Negative","EuetsList"
"","465","FilterData","ALL API TEST SUITE","2026-05-05","passed","2026-05-05","Negative_Scenario.Filter_Negative","TESTV2","Negative_Scenario.Filter_Negative","FilterData"
"","492","Earningsdistribution","ALL API TEST SUITE","2026-05-05","passed","2026-05-05","Negative_Scenario.Earnings_Negative","TESTV2","Negative_Scenario.Earnings_Negative","Earningsdistribution"
"","4155","HoverDetail","ALL API TEST SUITE","2026-05-05","passed","2026-05-05","Negative_Scenario.Vessel_Negative","TESTV2","Negative_Scenario.Vessel_Negative","HoverDetail"
"","468","Earningsdistribution","ALL API TEST SUITE","2026-05-05","passed","2026-05-05","Negative_Scenario.Earnings_Negative","TESTV2","Negative_Scenario.Earnings_Negative","Earningsdistribution"
"","570","NoonReport","ALL API TEST SUITE","2026-05-05","failed","2026-05-05","Negative_Scenario.GlobalMap_Negative","TESTV2","Negative_Scenario.GlobalMap_Negative","NoonReport"
"","564","DashboardWidgets","ALL API TEST SUITE","2026-05-05","passed","2026-05-05","Negative_Scenario.Dashboard_Negative","TESTV2","Negative_Scenario.Dashboard_Negative","DashboardWidgets"
"","4058","HoverDetail","ALL API TEST SUITE","2026-05-05","passed","2026-05-05","Negative_Scenario.Vessel_Negative","TESTV2","Negative_Scenario.Vessel_Negative","HoverDetail"
"","504","FilterData","ALL API TEST SUITE","2026-05-05","passed","2026-05-05","Negative_Scenario.Filter_Negative","TESTV2","Negative_Scenario.Filter_Negative","FilterData"
"","498","Earningsdistribution","ALL API TEST SUITE","2026-05-05","passed","2026-05-05","Negative_Scenario.Earnings_Negative","TESTV2","Negative_Scenario.Earnings_Negative","Earningsdistribution"
"","474","GetEarningsByParticipant","ALL API TEST SUITE","2026-05-05","passed","2026-05-05","Negative_Scenario.Earnings_Negative","TESTV2","Negative_Scenario.Earnings_Negative","GetEarningsByParticipant"
"","10059","Route","ALL API TEST SUITE","2026-05-05","failed","2026-05-05","Negative_Scenario.GlobalMap_Negative","TESTV2","Negative_Scenario.GlobalMap_Negative","Route"
"","492","FilterData","ALL API TEST SUITE","2026-05-05","passed","2026-05-05","Negative_Scenario.Filter_Negative","TESTV2","Negative_Scenario.Filter_Negative","FilterData"
"","535","GetEarningsByParticipant","ALL API TEST SUITE","2026-05-05","failed","2026-05-05","Negative_Scenario.Earnings_Negative","TESTV2","Negative_Scenario.Earnings_Negative","GetEarningsByParticipant"
"","773","GetEarningsByParticipant","ALL API TEST SUITE","2026-05-05","failed","2026-05-05","Negative_Scenario.Earnings_Negative","TESTV2","Negative_Scenario.Earnings_Negative","GetEarningsByParticipant"
"","1006","MarketReport","ALL API TEST SUITE","2026-05-05","passed","2026-05-05","Negative_Scenario.MarketData_Negative","TESTV2","Negative_Scenario.MarketData_Negative","MarketReport"
"","483","EuetsList","ALL API TEST SUITE","2026-05-05","passed","2026-05-05","Negative_Scenario.EUETS_Negative","TESTV2","Negative_Scenario.EUETS_Negative","EuetsList"
"","511","GetNotification","ALL API TEST SUITE","2026-05-05","passed","2026-05-05","Negative_Scenario.Notifications_Negative","TESTV2","Negative_Scenario.Notifications_Negative","GetNotification"
"","497","GetMinMaxAvgBySegment","ALL API TEST SUITE","2026-05-05","passed","2026-05-05","Negative_Scenario.Earnings_Negative","TESTV2","Negative_Scenario.Earnings_Negative","GetMinMaxAvgBySegment"
"","526","GetEarningsBySegment","ALL API TEST SUITE","2026-05-05","failed","2026-05-05","Negative_Scenario.Earnings_Negative","TESTV2","Negative_Scenario.Earnings_Negative","GetEarningsBySegment"
"","540","GetEarningsBySegment","ALL API TEST SUITE","2026-05-05","failed","2026-05-05","Negative_Scenario.Earnings_Negative","TESTV2","Negative_Scenario.Earnings_Negative","GetEarningsBySegment"
"","499","Route","ALL API TEST SUITE","2026-05-05","passed","2026-05-05","Negative_Scenario.GlobalMap_Negative","TESTV2","Negative_Scenario.GlobalMap_Negative","Route"
"","534","SpeedPercentageExport","ALL API TEST SUITE","2026-05-05","failed","2026-05-05","Negative_Scenario.Performance_Negative","TESTV2","Negative_Scenario.Performance_Negative","SpeedPercentageExport"
"","3107","VesselOverview","ALL API TEST SUITE","2026-05-05","failed","2026-05-05","Negative_Scenario.Vessel_Negative","TESTV2","Negative_Scenario.Vessel_Negative","VesselOverview"
"","466","ReadUnreadNotifications","ALL API TEST SUITE","2026-05-05","passed","2026-05-05","Negative_Scenario.Notifications_Negative","TESTV2","Negative_Scenario.Notifications_Negative","ReadUnreadNotifications"
"","543","GetTop3EarningsByParticipant","ALL API TEST SUITE","2026-05-05","passed","2026-05-05","Negative_Scenario.Earnings_Negative","TESTV2","Negative_Scenario.Earnings_Negative","GetTop3EarningsByParticipant"
"","588","ProjectedRoute","ALL API TEST SUITE","2026-05-05","passed","2026-05-05","Negative_Scenario.GlobalMap_Negative","TESTV2","Negative_Scenario.GlobalMap_Negative","ProjectedRoute"
"","622","GetEarningsByYard","ALL API TEST SUITE","2026-05-05","failed","2026-05-05","Negative_Scenario.Earnings_Negative","TESTV2","Negative_Scenario.Earnings_Negative","GetEarningsByYard"
"","483","GetEarningsBySegment","ALL API TEST SUITE","2026-05-05","passed","2026-05-05","Negative_Scenario.Earnings_Negative","TESTV2","Negative_Scenario.Earnings_Negative","GetEarningsBySegment"
"","517","GetMinMaxAvgBySegment","ALL API TEST SUITE","2026-05-05","passed","2026-05-05","Negative_Scenario.Earnings_Negative","TESTV2","Negative_Scenario.Earnings_Negative","GetMinMaxAvgBySegment"
"","447","GetUserNotificationPreference","ALL API TEST SUITE","2026-05-05","passed","2026-05-05","Negative_Scenario.Notifications_Negative","TESTV2","Negative_Scenario.Notifications_Negative","GetUserNotificationPreference"
"","538","GetEarningsByParticipant","ALL API TEST SUITE","2026-05-05","passed","2026-05-05","Negative_Scenario.Earnings_Negative","TESTV2","Negative_Scenario.Earnings_Negative","GetEarningsByParticipant"
"","1047","EuetsByParticipants","ALL API TEST SUITE","2026-05-05","failed","2026-05-05","Negative_Scenario.EUETS_Negative","TESTV2","Negative_Scenario.EUETS_Negative","EuetsByParticipants"
"","519","EarningsExport","ALL API TEST SUITE","2026-05-05","passed","2026-05-05","Negative_Scenario.Earnings_Negative","TESTV2","Negative_Scenario.Earnings_Negative","EarningsExport"
"","485","PoolPointMinMaxAvg","ALL API TEST SUITE","2026-05-05","passed","2026-05-05","Negative_Scenario.PoolPoint_Negative","TESTV2","Negative_Scenario.PoolPoint_Negative","PoolPointMinMaxAvg"
"","500","FilterData","ALL API TEST SUITE","2026-05-05","passed","2026-05-05","Negative_Scenario.Filter_Negative","TESTV2","Negative_Scenario.Filter_Negative","FilterData"
"","1213","PoolPointList","ALL API TEST SUITE","2026-05-05","failed","2026-05-05","Negative_Scenario.PoolPoint_Negative","TESTV2","Negative_Scenario.PoolPoint_Negative","PoolPointList"
"","4262","VesselVoyages","ALL API TEST SUITE","2026-05-05","passed","2026-05-05","Negative_Scenario.Vessel_Negative","TESTV2","Negative_Scenario.Vessel_Negative","VesselVoyages"
"","501","Savenotifications","ALL API TEST SUITE","2026-05-05","passed","2026-05-05","Negative_Scenario.Notifications_Negative","TESTV2","Negative_Scenario.Notifications_Negative","Savenotifications"
"","557","CompareVessels","ALL API TEST SUITE","2026-05-05","passed","2026-05-05","Negative_Scenario.Compare_Vessels_Negative","TESTV2","Negative_Scenario.Compare_Vessels_Negative","CompareVessels"
"","496","FuelEuByMonth","ALL API TEST SUITE","2026-05-05","passed","2026-05-05","Negative_Scenario.FuelEU_Negative","TESTV2","Negative_Scenario.FuelEU_Negative","FuelEuByMonth"
"","3955","SailingTime","ALL API TEST SUITE","2026-05-05","failed","2026-05-05","Negative_Scenario.Vessel_Negative","TESTV2","Negative_Scenario.Vessel_Negative","SailingTime"
"","541","PoolindexFilter","ALL API TEST SUITE","2026-05-05","failed","2026-05-05","Negative_Scenario.Filter_Negative","TESTV2","Negative_Scenario.Filter_Negative","PoolindexFilter"
"","546","BunkerPrice","ALL API TEST SUITE","2026-05-05","passed","2026-05-05","Negative_Scenario.MarketData_Negative","TESTV2","Negative_Scenario.MarketData_Negative","BunkerPrice"
"","479","GetEarningsByParticipant","ALL API TEST SUITE","2026-05-05","passed","2026-05-05","Negative_Scenario.Earnings_Negative","TESTV2","Negative_Scenario.Earnings_Negative","GetEarningsByParticipant"
"","456","GetEarningsByParticipant","ALL API TEST SUITE","2026-05-05","passed","2026-05-05","Negative_Scenario.Earnings_Negative","TESTV2","Negative_Scenario.Earnings_Negative","GetEarningsByParticipant"
"","501","ArchiveNotifications","ALL API TEST SUITE","2026-05-05","failed","2026-05-05","Negative_Scenario.Notifications_Negative","TESTV2","Negative_Scenario.Notifications_Negative","ArchiveNotifications"
"","4744","VesselVoyages","ALL API TEST SUITE","2026-05-05","passed","2026-05-05","Negative_Scenario.Vessel_Negative","TESTV2","Negative_Scenario.Vessel_Negative","VesselVoyages"
"","506","SpeedPercentageExport","ALL API TEST SUITE","2026-05-05","passed","2026-05-05","Negative_Scenario.Performance_Negative","TESTV2","Negative_Scenario.Performance_Negative","SpeedPercentageExport"
"","627","ManageDashboard","ALL API TEST SUITE","2026-05-05","passed","2026-05-05","Negative_Scenario.Dashboard_Negative","TESTV2","Negative_Scenario.Dashboard_Negative","ManageDashboard"
"","480","GetEarningsByParticipant","ALL API TEST SUITE","2026-05-05","passed","2026-05-05","Negative_Scenario.Earnings_Negative","TESTV2","Negative_Scenario.Earnings_Negative","GetEarningsByParticipant"
"","524","GetMinMaxAvgBySegment","ALL API TEST SUITE","2026-05-05","passed","2026-05-05","Negative_Scenario.Earnings_Negative","TESTV2","Negative_Scenario.Earnings_Negative","GetMinMaxAvgBySegment"
"","522","SpeedPercentage","ALL API TEST SUITE","2026-05-05","passed","2026-05-05","Negative_Scenario.Performance_Negative","TESTV2","Negative_Scenario.Performance_Negative","SpeedPercentage"
"","592","VesselonMap","ALL API TEST SUITE","2026-05-05","failed","2026-05-05","Negative_Scenario.GlobalMap_Negative","TESTV2","Negative_Scenario.GlobalMap_Negative","VesselonMap"
"","580","Route","ALL API TEST SUITE","2026-05-05","passed","2026-05-05","Negative_Scenario.GlobalMap_Negative","TESTV2","Negative_Scenario.GlobalMap_Negative","Route"
"","668","ManageDashboard","ALL API TEST SUITE","2026-05-05","passed","2026-05-05","Negative_Scenario.Dashboard_Negative","TESTV2","Negative_Scenario.Dashboard_Negative","ManageDashboard"
"","503","PoolPointMinMaxAvg","ALL API TEST SUITE","2026-05-05","passed","2026-05-05","Negative_Scenario.PoolPoint_Negative","TESTV2","Negative_Scenario.PoolPoint_Negative","PoolPointMinMaxAvg"
"","508","EuetsList","ALL API TEST SUITE","2026-05-05","passed","2026-05-05","Negative_Scenario.EUETS_Negative","TESTV2","Negative_Scenario.EUETS_Negative","EuetsList"
"","533","EuetsByPoolcodes","ALL API TEST SUITE","2026-05-05","failed","2026-05-05","Negative_Scenario.EUETS_Negative","TESTV2","Negative_Scenario.EUETS_Negative","EuetsByPoolcodes"
"","501","EuetsList","ALL API TEST SUITE","2026-05-05","passed","2026-05-05","Negative_Scenario.EUETS_Negative","TESTV2","Negative_Scenario.EUETS_Negative","EuetsList"
"","537","Route","ALL API TEST SUITE","2026-05-05","passed","2026-05-05","Negative_Scenario.GlobalMap_Negative","TESTV2","Negative_Scenario.GlobalMap_Negative","Route"
"","499","SaveNotificationPreference","ALL API TEST SUITE","2026-05-05","failed","2026-05-05","Negative_Scenario.Notifications_Negative","TESTV2","Negative_Scenario.Notifications_Negative","SaveNotificationPreference"
"","987","VesselReport","ALL API TEST SUITE","2026-05-05","passed","2026-05-05","Negative_Scenario.MarketData_Negative","TESTV2","Negative_Scenario.MarketData_Negative","VesselReport"
"","481","PoolPointMinMaxAvg","ALL API TEST SUITE","2026-05-05","passed","2026-05-05","Negative_Scenario.PoolPoint_Negative","TESTV2","Negative_Scenario.PoolPoint_Negative","PoolPointMinMaxAvg"
"","507","EuetsByPoolcodes","ALL API TEST SUITE","2026-05-05","passed","2026-05-05","Negative_Scenario.EUETS_Negative","TESTV2","Negative_Scenario.EUETS_Negative","EuetsByPoolcodes"
"","3991","SailingTime","ALL API TEST SUITE","2026-05-05","failed","2026-05-05","Negative_Scenario.Vessel_Negative","TESTV2","Negative_Scenario.Vessel_Negative","SailingTime"
"","588","CompareVessels","ALL API TEST SUITE","2026-05-05","passed","2026-05-05","Negative_Scenario.Compare_Vessels_Negative","TESTV2","Negative_Scenario.Compare_Vessels_Negative","CompareVessels"
"","588","GetTop3EarningsByParticipant","ALL API TEST SUITE","2026-05-05","failed","2026-05-05","Negative_Scenario.Earnings_Negative","TESTV2","Negative_Scenario.Earnings_Negative","GetTop3EarningsByParticipant"
"","501","GetEarningsByYard","ALL API TEST SUITE","2026-05-05","passed","2026-05-05","Negative_Scenario.Earnings_Negative","TESTV2","Negative_Scenario.Earnings_Negative","GetEarningsByYard"
"","473","PoolPointMinMaxAvg","ALL API TEST SUITE","2026-05-05","passed","2026-05-05","Negative_Scenario.PoolPoint_Negative","TESTV2","Negative_Scenario.PoolPoint_Negative","PoolPointMinMaxAvg"
"","4589","VesselVoyages","ALL API TEST SUITE","2026-05-05","passed","2026-05-05","Negative_Scenario.Vessel_Negative","TESTV2","Negative_Scenario.Vessel_Negative","VesselVoyages"
"","966","VesselReport","ALL API TEST SUITE","2026-05-05","passed","2026-05-05","Negative_Scenario.MarketData_Negative","TESTV2","Negative_Scenario.MarketData_Negative","VesselReport"
"","488","EuetsList","ALL API TEST SUITE","2026-05-05","passed","2026-05-05","Negative_Scenario.EUETS_Negative","TESTV2","Negative_Scenario.EUETS_Negative","EuetsList"
"","515","VesselOverview","ALL API TEST SUITE","2026-05-05","passed","2026-05-05","Negative_Scenario.Vessel_Negative","TESTV2","Negative_Scenario.Vessel_Negative","VesselOverview"
"","4254","MonthlyData","ALL API TEST SUITE","2026-05-05","passed","2026-05-05","Negative_Scenario.Vessel_Negative","TESTV2","Negative_Scenario.Vessel_Negative","MonthlyData"
"","566","DashboardRemove","ALL API TEST SUITE","2026-05-05","passed","2026-05-05","Negative_Scenario.Dashboard_Negative","TESTV2","Negative_Scenario.Dashboard_Negative","DashboardRemove"
"","6893","MonthlyData","ALL API TEST SUITE","2026-05-05","failed","2026-05-05","Negative_Scenario.Vessel_Negative","TESTV2","Negative_Scenario.Vessel_Negative","MonthlyData"
"","481","SaveNotificationPreference","ALL API TEST SUITE","2026-05-05","passed","2026-05-05","Negative_Scenario.Notifications_Negative","TESTV2","Negative_Scenario.Notifications_Negative","SaveNotificationPreference"
"","737","PoolPointMinMaxAvg","ALL API TEST SUITE","2026-05-05","failed","2026-05-05","Negative_Scenario.PoolPoint_Negative","TESTV2","Negative_Scenario.PoolPoint_Negative","PoolPointMinMaxAvg"
"","572","CompareVessels","ALL API TEST SUITE","2026-05-05","passed","2026-05-05","Negative_Scenario.Compare_Vessels_Negative","TESTV2","Negative_Scenario.Compare_Vessels_Negative","CompareVessels"
"","555","EuetsList","ALL API TEST SUITE","2026-05-05","passed","2026-05-05","Negative_Scenario.EUETS_Negative","TESTV2","Negative_Scenario.EUETS_Negative","EuetsList"
"","502","GetTop3EarningsByParticipant","ALL API TEST SUITE","2026-05-05","passed","2026-05-05","Negative_Scenario.Earnings_Negative","TESTV2","Negative_Scenario.Earnings_Negative","GetTop3EarningsByParticipant"
"","713","VesselDetails","ALL API TEST SUITE","2026-05-05","passed","2026-05-05","Negative_Scenario.Vessel_Negative","TESTV2","Negative_Scenario.Vessel_Negative","VesselDetails"
"","714","ProjectedRoute","ALL API TEST SUITE","2026-05-05","passed","2026-05-05","Negative_Scenario.GlobalMap_Negative","TESTV2","Negative_Scenario.GlobalMap_Negative","ProjectedRoute"
"","1996","GetEarningsByYard","ALL API TEST SUITE","2026-05-05","failed","2026-05-05","Negative_Scenario.Earnings_Negative","TESTV2","Negative_Scenario.Earnings_Negative","GetEarningsByYard"
"","468","Earningsdistribution","ALL API TEST SUITE","2026-05-05","passed","2026-05-05","Negative_Scenario.Earnings_Negative","TESTV2","Negative_Scenario.Earnings_Negative","Earningsdistribution"
"","486","SaveNotificationPreference","ALL API TEST SUITE","2026-05-05","passed","2026-05-05","Negative_Scenario.Notifications_Negative","TESTV2","Negative_Scenario.Notifications_Negative","SaveNotificationPreference"
"","1685","GetEarningsByYard","ALL API TEST SUITE","2026-05-05","failed","2026-05-05","Negative_Scenario.Earnings_Negative","TESTV2","Negative_Scenario.Earnings_Negative","GetEarningsByYard"
"","479","CompareVessels","ALL API TEST SUITE","2026-05-05","passed","2026-05-05","Negative_Scenario.Compare_Vessels_Negative","TESTV2","Negative_Scenario.Compare_Vessels_Negative","CompareVessels"
"","893","ManageDashboard","ALL API TEST SUITE","2026-05-05","passed","2026-05-05","Negative_Scenario.Dashboard_Negative","TESTV2","Negative_Scenario.Dashboard_Negative","ManageDashboard"
"","491","GetNotification","ALL API TEST SUITE","2026-05-05","failed","2026-05-05","Negative_Scenario.Notifications_Negative","TESTV2","Negative_Scenario.Notifications_Negative","GetNotification"
"","538","FuelEuByVessel","ALL API TEST SUITE","2026-05-05","passed","2026-05-05","Negative_Scenario.FuelEU_Negative","TESTV2","Negative_Scenario.FuelEU_Negative","FuelEuByVessel"
"","466","SpeedPercentageBucket","ALL API TEST SUITE","2026-05-05","passed","2026-05-05","Negative_Scenario.Performance_Negative","TESTV2","Negative_Scenario.Performance_Negative","SpeedPercentageBucket"
"","4106","SailingTime","ALL API TEST SUITE","2026-05-05","failed","2026-05-05","Negative_Scenario.Vessel_Negative","TESTV2","Negative_Scenario.Vessel_Negative","SailingTime"
"","4382","VesselVoyages","ALL API TEST SUITE","2026-05-05","passed","2026-05-05","Negative_Scenario.Vessel_Negative","TESTV2","Negative_Scenario.Vessel_Negative","VesselVoyages"
"","557","GetTop3EarningsByParticipant","ALL API TEST SUITE","2026-05-05","passed","2026-05-05","Negative_Scenario.Earnings_Negative","TESTV2","Negative_Scenario.Earnings_Negative","GetTop3EarningsByParticipant"
"","453","GetNotification","ALL API TEST SUITE","2026-05-05","passed","2026-05-05","Negative_Scenario.Notifications_Negative","TESTV2","Negative_Scenario.Notifications_Negative","GetNotification"
"","533","GetTop3EarningsByParticipant","ALL API TEST SUITE","2026-05-05","passed","2026-05-05","Negative_Scenario.Earnings_Negative","TESTV2","Negative_Scenario.Earnings_Negative","GetTop3EarningsByParticipant"
"","618","GetEarningsByVessel","ALL API TEST SUITE","2026-05-05","passed","2026-05-05","Negative_Scenario.Earnings_Negative","TESTV2","Negative_Scenario.Earnings_Negative","GetEarningsByVessel"
"","504","MarketReportFile","ALL API TEST SUITE","2026-05-05","passed","2026-05-05","Negative_Scenario.PoolDocuments_Negative","TESTV2","Negative_Scenario.PoolDocuments_Negative","MarketReportFile"
"","516","EuetsByParticipants","ALL API TEST SUITE","2026-05-05","passed","2026-05-05","Negative_Scenario.EUETS_Negative","TESTV2","Negative_Scenario.EUETS_Negative","EuetsByParticipants"
"","481","EuetsByPoolcodes","ALL API TEST SUITE","2026-05-05","passed","2026-05-05","Negative_Scenario.EUETS_Negative","TESTV2","Negative_Scenario.EUETS_Negative","EuetsByPoolcodes"
"","1020","MarketReport","ALL API TEST SUITE","2026-05-05","passed","2026-05-05","Negative_Scenario.MarketData_Negative","TESTV2","Negative_Scenario.MarketData_Negative","MarketReport"
"","493","FilterData","ALL API TEST SUITE","2026-05-05","passed","2026-05-05","Negative_Scenario.Filter_Negative","TESTV2","Negative_Scenario.Filter_Negative","FilterData"
"","467","SpeedPercentageExport","ALL API TEST SUITE","2026-05-05","passed","2026-05-05","Negative_Scenario.Performance_Negative","TESTV2","Negative_Scenario.Performance_Negative","SpeedPercentageExport"
"","529","PoolEarnings","ALL API TEST SUITE","2026-05-05","passed","2026-05-05","Negative_Scenario.MarketData_Negative","TESTV2","Negative_Scenario.MarketData_Negative","PoolEarnings"
"","503","EuetsList","ALL API TEST SUITE","2026-05-05","passed","2026-05-05","Negative_Scenario.EUETS_Negative","TESTV2","Negative_Scenario.EUETS_Negative","EuetsList"
"","610","Route","ALL API TEST SUITE","2026-05-05","passed","2026-05-05","Negative_Scenario.GlobalMap_Negative","TESTV2","Negative_Scenario.GlobalMap_Negative","Route"
"","3845","MonthlyData","ALL API TEST SUITE","2026-05-05","passed","2026-05-05","Negative_Scenario.Vessel_Negative","TESTV2","Negative_Scenario.Vessel_Negative","MonthlyData"
"","511","MarketReportFile","ALL API TEST SUITE","2026-05-05","passed","2026-05-05","Negative_Scenario.PoolDocuments_Negative","TESTV2","Negative_Scenario.PoolDocuments_Negative","MarketReportFile"
"","463","FuelEuByVessel","ALL API TEST SUITE","2026-05-05","passed","2026-05-05","Negative_Scenario.FuelEU_Negative","TESTV2","Negative_Scenario.FuelEU_Negative","FuelEuByVessel"
"","10110","Route","ALL API TEST SUITE","2026-05-05","failed","2026-05-05","Negative_Scenario.GlobalMap_Negative","TESTV2","Negative_Scenario.GlobalMap_Negative","Route"
"","1293","EarningsExport","ALL API TEST SUITE","2026-05-05","failed","2026-05-05","Negative_Scenario.Earnings_Negative","TESTV2","Negative_Scenario.Earnings_Negative","EarningsExport"
"","447","SegmentsPools","ALL API TEST SUITE","2026-05-05","passed","2026-05-05","Negative_Scenario.MarketData_Negative","TESTV2","Negative_Scenario.MarketData_Negative","SegmentsPools"
"","479","FilterData","ALL API TEST SUITE","2026-05-05","passed","2026-05-05","Negative_Scenario.Filter_Negative","TESTV2","Negative_Scenario.Filter_Negative","FilterData"
"","497","FuelEuByVessel","ALL API TEST SUITE","2026-05-05","passed","2026-05-05","Negative_Scenario.FuelEU_Negative","TESTV2","Negative_Scenario.FuelEU_Negative","FuelEuByVessel"
"","465","ReadUnreadNotifications","ALL API TEST SUITE","2026-05-05","failed","2026-05-05","Negative_Scenario.Notifications_Negative","TESTV2","Negative_Scenario.Notifications_Negative","ReadUnreadNotifications"
"","747","ManageDashboard","ALL API TEST SUITE","2026-05-05","passed","2026-05-05","Negative_Scenario.Dashboard_Negative","TESTV2","Negative_Scenario.Dashboard_Negative","ManageDashboard"
"","555","MarketReportFile","ALL API TEST SUITE","2026-05-05","failed","2026-05-05","Negative_Scenario.PoolDocuments_Negative","TESTV2","Negative_Scenario.PoolDocuments_Negative","MarketReportFile"
"","666","GetTop3EarningsByParticipant","ALL API TEST SUITE","2026-05-05","failed","2026-05-05","Negative_Scenario.Earnings_Negative","TESTV2","Negative_Scenario.Earnings_Negative","GetTop3EarningsByParticipant"
"","552","SpeedPercentage","ALL API TEST SUITE","2026-05-05","passed","2026-05-05","Negative_Scenario.Performance_Negative","TESTV2","Negative_Scenario.Performance_Negative","SpeedPercentage"
"","493","CompareVessels","ALL API TEST SUITE","2026-05-05","passed","2026-05-05","Negative_Scenario.Compare_Vessels_Negative","TESTV2","Negative_Scenario.Compare_Vessels_Negative","CompareVessels"
"","773","GetEarningsByVessel","ALL API TEST SUITE","2026-05-05","failed","2026-05-05","Negative_Scenario.Earnings_Negative","TESTV2","Negative_Scenario.Earnings_Negative","GetEarningsByVessel"
"","490","GetMinMaxAvgBySegment","ALL API TEST SUITE","2026-05-05","passed","2026-05-05","Negative_Scenario.Earnings_Negative","TESTV2","Negative_Scenario.Earnings_Negative","GetMinMaxAvgBySegment"
"","537","EuetsByParticipants","ALL API TEST SUITE","2026-05-05","passed","2026-05-05","Negative_Scenario.EUETS_Negative","TESTV2","Negative_Scenario.EUETS_Negative","EuetsByParticipants"
"","477","FilterData","ALL API TEST SUITE","2026-05-05","passed","2026-05-05","Negative_Scenario.Filter_Negative","TESTV2","Negative_Scenario.Filter_Negative","FilterData"
"","460","UnreadNotificationCount","ALL API TEST SUITE","2026-05-05","passed","2026-05-05","Negative_Scenario.Notifications_Negative","TESTV2","Negative_Scenario.Notifications_Negative","UnreadNotificationCount"
"","480","GetEarningsByParticipant","ALL API TEST SUITE","2026-05-05","passed","2026-05-05","Negative_Scenario.Earnings_Negative","TESTV2","Negative_Scenario.Earnings_Negative","GetEarningsByParticipant"
"","519","VesselEvents","ALL API TEST SUITE","2026-05-05","passed","2026-05-05","Negative_Scenario.Vessel_Negative","TESTV2","Negative_Scenario.Vessel_Negative","VesselEvents"
"","520","Peformancelist","ALL API TEST SUITE","2026-05-05","passed","2026-05-05","Negative_Scenario.Performance_Negative","TESTV2","Negative_Scenario.Performance_Negative","Peformancelist"
"","507","Peformancelist","ALL API TEST SUITE","2026-05-05","passed","2026-05-05","Negative_Scenario.Performance_Negative","TESTV2","Negative_Scenario.Performance_Negative","Peformancelist"
"","3998","HoverDetail","ALL API TEST SUITE","2026-05-05","passed","2026-05-05","Negative_Scenario.Vessel_Negative","TESTV2","Negative_Scenario.Vessel_Negative","HoverDetail"
"","523","VesselonMap","ALL API TEST SUITE","2026-05-05","passed","2026-05-05","Negative_Scenario.GlobalMap_Negative","TESTV2","Negative_Scenario.GlobalMap_Negative","VesselonMap"
"","473","SegmentsPools","ALL API TEST SUITE","2026-05-05","passed","2026-05-05","Negative_Scenario.MarketData_Negative","TESTV2","Negative_Scenario.MarketData_Negative","SegmentsPools"
"","464","SpeedPercentageBucket","ALL API TEST SUITE","2026-05-05","passed","2026-05-05","Negative_Scenario.Performance_Negative","TESTV2","Negative_Scenario.Performance_Negative","SpeedPercentageBucket"
"","500","GetEarningsBySegment","ALL API TEST SUITE","2026-05-05","passed","2026-05-05","Negative_Scenario.Earnings_Negative","TESTV2","Negative_Scenario.Earnings_Negative","GetEarningsBySegment"
"","521","EarningsExport","ALL API TEST SUITE","2026-05-05","passed","2026-05-05","Negative_Scenario.Earnings_Negative","TESTV2","Negative_Scenario.Earnings_Negative","EarningsExport"
"","477","GetNotification","ALL API TEST SUITE","2026-05-05","failed","2026-05-05","Negative_Scenario.Notifications_Negative","TESTV2","Negative_Scenario.Notifications_Negative","GetNotification"
"","495","FilterData","ALL API TEST SUITE","2026-05-05","passed","2026-05-05","Negative_Scenario.Filter_Negative","TESTV2","Negative_Scenario.Filter_Negative","FilterData"
"","457","PoolPointMinMaxAvg","ALL API TEST SUITE","2026-05-05","passed","2026-05-05","Negative_Scenario.PoolPoint_Negative","TESTV2","Negative_Scenario.PoolPoint_Negative","PoolPointMinMaxAvg"
"","531","EarningsExport","ALL API TEST SUITE","2026-05-05","passed","2026-05-05","Negative_Scenario.Earnings_Negative","TESTV2","Negative_Scenario.Earnings_Negative","EarningsExport"
"","4814","VesselVoyages","ALL API TEST SUITE","2026-05-05","failed","2026-05-05","Negative_Scenario.Vessel_Negative","TESTV2","Negative_Scenario.Vessel_Negative","VesselVoyages"
"","473","GetEarningsByVessel","ALL API TEST SUITE","2026-05-05","passed","2026-05-05","Negative_Scenario.Earnings_Negative","TESTV2","Negative_Scenario.Earnings_Negative","GetEarningsByVessel"
"","514","EarningsExport","ALL API TEST SUITE","2026-05-05","passed","2026-05-05","Negative_Scenario.Earnings_Negative","TESTV2","Negative_Scenario.Earnings_Negative","EarningsExport"
"","490","GetEarningsByParticipant","ALL API TEST SUITE","2026-05-05","passed","2026-05-05","Negative_Scenario.Earnings_Negative","TESTV2","Negative_Scenario.Earnings_Negative","GetEarningsByParticipant"
"","460","Peformancelist","ALL API TEST SUITE","2026-05-05","passed","2026-05-05","Negative_Scenario.Performance_Negative","TESTV2","Negative_Scenario.Performance_Negative","Peformancelist"
"","542","Route","ALL API TEST SUITE","2026-05-05","passed","2026-05-05","Negative_Scenario.GlobalMap_Negative","TESTV2","Negative_Scenario.GlobalMap_Negative","Route"
"","603","GetMinMaxAvgBySegment","ALL API TEST SUITE","2026-05-05","passed","2026-05-05","Negative_Scenario.Earnings_Negative","TESTV2","Negative_Scenario.Earnings_Negative","GetMinMaxAvgBySegment"
"","534","ManageWidget","ALL API TEST SUITE","2026-05-05","failed","2026-05-05","Negative_Scenario.Dashboard_Negative","TESTV2","Negative_Scenario.Dashboard_Negative","ManageWidget"
"","636","Peformancelist","ALL API TEST SUITE","2026-05-05","passed","2026-05-05","Negative_Scenario.Performance_Negative","TESTV2","Negative_Scenario.Performance_Negative","Peformancelist"
"","473","UnreadNotificationCount","ALL API TEST SUITE","2026-05-05","failed","2026-05-05","Negative_Scenario.Notifications_Negative","TESTV2","Negative_Scenario.Notifications_Negative","UnreadNotificationCount"
"","476","SpeedPercentageExport","ALL API TEST SUITE","2026-05-05","passed","2026-05-05","Negative_Scenario.Performance_Negative","TESTV2","Negative_Scenario.Performance_Negative","SpeedPercentageExport"
"","440","MarketReportFile","ALL API TEST SUITE","2026-05-05","passed","2026-05-05","Negative_Scenario.PoolDocuments_Negative","TESTV2","Negative_Scenario.PoolDocuments_Negative","MarketReportFile"
"","594","GetEarningsByYard","ALL API TEST SUITE","2026-05-05","passed","2026-05-05","Negative_Scenario.Earnings_Negative","TESTV2","Negative_Scenario.Earnings_Negative","GetEarningsByYard"
"","484","DashboardList","ALL API TEST SUITE","2026-05-05","passed","2026-05-05","Negative_Scenario.Dashboard_Negative","TESTV2","Negative_Scenario.Dashboard_Negative","DashboardList"
"","1505","Peformancelist","ALL API TEST SUITE","2026-05-05","failed","2026-05-05","Negative_Scenario.Performance_Negative","TESTV2","Negative_Scenario.Performance_Negative","Peformancelist"
"","582","UpdateHistoricalRouteFromSearchRoute","ALL API TEST SUITE","2026-05-05","passed","2026-05-05","Negative_Scenario.GlobalMap_Negative","TESTV2","Negative_Scenario.GlobalMap_Negative","UpdateHistoricalRouteFromSearchRoute"
"","469","SpeedPercentageExport","ALL API TEST SUITE","2026-05-05","passed","2026-05-05","Negative_Scenario.Performance_Negative","TESTV2","Negative_Scenario.Performance_Negative","SpeedPercentageExport"
"","522","PoolPointMinMaxAvg","ALL API TEST SUITE","2026-05-05","passed","2026-05-05","Negative_Scenario.PoolPoint_Negative","TESTV2","Negative_Scenario.PoolPoint_Negative","PoolPointMinMaxAvg"
"","487","Peformancelist","ALL API TEST SUITE","2026-05-05","passed","2026-05-05","Negative_Scenario.Performance_Negative","TESTV2","Negative_Scenario.Performance_Negative","Peformancelist"
"","468","PoolPointList","ALL API TEST SUITE","2026-05-05","passed","2026-05-05","Negative_Scenario.PoolPoint_Negative","TESTV2","Negative_Scenario.PoolPoint_Negative","PoolPointList"
"","506","SpeedPercentageBucket","ALL API TEST SUITE","2026-05-05","passed","2026-05-05","Negative_Scenario.Performance_Negative","TESTV2","Negative_Scenario.Performance_Negative","SpeedPercentageBucket"
"","496","FuelEuByMonth","ALL API TEST SUITE","2026-05-05","passed","2026-05-05","Negative_Scenario.FuelEU_Negative","TESTV2","Negative_Scenario.FuelEU_Negative","FuelEuByMonth"
"","496","EarningsExport","ALL API TEST SUITE","2026-05-05","passed","2026-05-05","Negative_Scenario.Earnings_Negative","TESTV2","Negative_Scenario.Earnings_Negative","EarningsExport"
"","1715","Peformancelist","ALL API TEST SUITE","2026-05-05","failed","2026-05-05","Negative_Scenario.Performance_Negative","TESTV2","Negative_Scenario.Performance_Negative","Peformancelist"
"","522","EuetsByParticipants","ALL API TEST SUITE","2026-05-05","passed","2026-05-05","Negative_Scenario.EUETS_Negative","TESTV2","Negative_Scenario.EUETS_Negative","EuetsByParticipants"
"","561","VesselonMap","ALL API TEST SUITE","2026-05-05","failed","2026-05-05","Negative_Scenario.GlobalMap_Negative","TESTV2","Negative_Scenario.GlobalMap_Negative","VesselonMap"
"","574","GetEarningsByVessel","ALL API TEST SUITE","2026-05-05","failed","2026-05-05","Negative_Scenario.Earnings_Negative","TESTV2","Negative_Scenario.Earnings_Negative","GetEarningsByVessel"
"","484","Eventtypes","ALL API TEST SUITE","2026-05-05","passed","2026-05-05","Negative_Scenario.Filter_Negative","TESTV2","Negative_Scenario.Filter_Negative","Eventtypes"
"","534","SpeedPercentageExport","ALL API TEST SUITE","2026-05-05","passed","2026-05-05","Negative_Scenario.Performance_Negative","TESTV2","Negative_Scenario.Performance_Negative","SpeedPercentageExport"
"","591","VesselDetails","ALL API TEST SUITE","2026-05-05","passed","2026-05-05","Negative_Scenario.Vessel_Negative","TESTV2","Negative_Scenario.Vessel_Negative","VesselDetails"
"","984","VesselReport","ALL API TEST SUITE","2026-05-05","passed","2026-05-05","Negative_Scenario.MarketData_Negative","TESTV2","Negative_Scenario.MarketData_Negative","VesselReport"
"","669","VesselonMap","ALL API TEST SUITE","2026-05-05","failed","2026-05-05","Negative_Scenario.GlobalMap_Negative","TESTV2","Negative_Scenario.GlobalMap_Negative","VesselonMap"
"","570","GetTop3EarningsByParticipant","ALL API TEST SUITE","2026-05-05","passed","2026-05-05","Negative_Scenario.Earnings_Negative","TESTV2","Negative_Scenario.Earnings_Negative","GetTop3EarningsByParticipant"
"","554","UpdateHistoricalRouteFromSearchRoute","ALL API TEST SUITE","2026-05-05","passed","2026-05-05","Negative_Scenario.GlobalMap_Negative","TESTV2","Negative_Scenario.GlobalMap_Negative","UpdateHistoricalRouteFromSearchRoute"
"","587","FuelEuByMonth","ALL API TEST SUITE","2026-05-05","passed","2026-05-05","Negative_Scenario.FuelEU_Negative","TESTV2","Negative_Scenario.FuelEU_Negative","FuelEuByMonth"
"","485","PoolPointList","ALL API TEST SUITE","2026-05-05","passed","2026-05-05","Negative_Scenario.PoolPoint_Negative","TESTV2","Negative_Scenario.PoolPoint_Negative","PoolPointList"
"","464","SpeedPercentageExport","ALL API TEST SUITE","2026-05-05","passed","2026-05-05","Negative_Scenario.Performance_Negative","TESTV2","Negative_Scenario.Performance_Negative","SpeedPercentageExport"
"","473","MapFilter","ALL API TEST SUITE","2026-05-05","passed","2026-05-05","Negative_Scenario.Filter_Negative","TESTV2","Negative_Scenario.Filter_Negative","MapFilter"
"","1402","EarningsExport","ALL API TEST SUITE","2026-05-05","failed","2026-05-05","Negative_Scenario.Earnings_Negative","TESTV2","Negative_Scenario.Earnings_Negative","EarningsExport"
"","478","PoolPointList","ALL API TEST SUITE","2026-05-05","passed","2026-05-05","Negative_Scenario.PoolPoint_Negative","TESTV2","Negative_Scenario.PoolPoint_Negative","PoolPointList"
"","701","ManageDashboard","ALL API TEST SUITE","2026-05-05","passed","2026-05-05","Negative_Scenario.Dashboard_Negative","TESTV2","Negative_Scenario.Dashboard_Negative","ManageDashboard"
"","690","ManageDashboard","ALL API TEST SUITE","2026-05-05","failed","2026-05-05","Negative_Scenario.Dashboard_Negative","TESTV2","Negative_Scenario.Dashboard_Negative","ManageDashboard"
"","466","SpeedPercentageExport","ALL API TEST SUITE","2026-05-05","passed","2026-05-05","Negative_Scenario.Performance_Negative","TESTV2","Negative_Scenario.Performance_Negative","SpeedPercentageExport"
"","3844","SailingTime","ALL API TEST SUITE","2026-05-05","passed","2026-05-05","Negative_Scenario.Vessel_Negative","TESTV2","Negative_Scenario.Vessel_Negative","SailingTime"
"","465","PoolPointList","ALL API TEST SUITE","2026-05-05","passed","2026-05-05","Negative_Scenario.PoolPoint_Negative","TESTV2","Negative_Scenario.PoolPoint_Negative","PoolPointList"
"","637","FuelEuByMonth","ALL API TEST SUITE","2026-05-05","passed","2026-05-05","Negative_Scenario.FuelEU_Negative","TESTV2","Negative_Scenario.FuelEU_Negative","FuelEuByMonth"
"","489","Comments","ALL API TEST SUITE","2026-05-05","passed","2026-05-05","Negative_Scenario.MarketData_Negative","TESTV2","Negative_Scenario.MarketData_Negative","Comments"
"","537","GetEarningsByYard","ALL API TEST SUITE","2026-05-05","passed","2026-05-05","Negative_Scenario.Earnings_Negative","TESTV2","Negative_Scenario.Earnings_Negative","GetEarningsByYard"
"","567","GetMinMaxAvgBySegment","ALL API TEST SUITE","2026-05-05","passed","2026-05-05","Negative_Scenario.Earnings_Negative","TESTV2","Negative_Scenario.Earnings_Negative","GetMinMaxAvgBySegment"
"","557","GetEarningsBySegment","ALL API TEST SUITE","2026-05-05","failed","2026-05-05","Negative_Scenario.Earnings_Negative","TESTV2","Negative_Scenario.Earnings_Negative","GetEarningsBySegment"
"","615","GetEarningsByParticipant","ALL API TEST SUITE","2026-05-05","passed","2026-05-05","Negative_Scenario.Earnings_Negative","TESTV2","Negative_Scenario.Earnings_Negative","GetEarningsByParticipant"
"","645","GetTop3EarningsByParticipant","ALL API TEST SUITE","2026-05-05","passed","2026-05-05","Negative_Scenario.Earnings_Negative","TESTV2","Negative_Scenario.Earnings_Negative","GetTop3EarningsByParticipant"
"","501","Savenotifications","ALL API TEST SUITE","2026-05-05","passed","2026-05-05","Negative_Scenario.Notifications_Negative","TESTV2","Negative_Scenario.Notifications_Negative","Savenotifications"
"","468","FilterData","ALL API TEST SUITE","2026-05-05","passed","2026-05-05","Negative_Scenario.Filter_Negative","TESTV2","Negative_Scenario.Filter_Negative","FilterData"
"","980","MarketReport","ALL API TEST SUITE","2026-05-05","passed","2026-05-05","Negative_Scenario.MarketData_Negative","TESTV2","Negative_Scenario.MarketData_Negative","MarketReport"
"","4019","MonthlyData","ALL API TEST SUITE","2026-05-05","passed","2026-05-05","Negative_Scenario.Vessel_Negative","TESTV2","Negative_Scenario.Vessel_Negative","MonthlyData"
"","506","GetEarningsBySegment","ALL API TEST SUITE","2026-05-05","passed","2026-05-05","Negative_Scenario.Earnings_Negative","TESTV2","Negative_Scenario.Earnings_Negative","GetEarningsBySegment"
"","614","GetEarningsBySegment","ALL API TEST SUITE","2026-05-05","failed","2026-05-05","Negative_Scenario.Earnings_Negative","TESTV2","Negative_Scenario.Earnings_Negative","GetEarningsBySegment"
"","458","GetNotification","ALL API TEST SUITE","2026-05-05","passed","2026-05-05","Negative_Scenario.Notifications_Negative","TESTV2","Negative_Scenario.Notifications_Negative","GetNotification"
"","493","GetNotification","ALL API TEST SUITE","2026-05-05","passed","2026-05-05","Negative_Scenario.Notifications_Negative","TESTV2","Negative_Scenario.Notifications_Negative","GetNotification"
"","514","GetMinMaxAvgBySegment","ALL API TEST SUITE","2026-05-05","passed","2026-05-05","Negative_Scenario.Earnings_Negative","TESTV2","Negative_Scenario.Earnings_Negative","GetMinMaxAvgBySegment"
"","504","SpeedPercentage","ALL API TEST SUITE","2026-05-05","passed","2026-05-05","Negative_Scenario.Performance_Negative","TESTV2","Negative_Scenario.Performance_Negative","SpeedPercentage"
"","901","MapFilter","ALL API TEST SUITE","2026-05-05","passed","2026-05-05","Negative_Scenario.Filter_Negative","TESTV2","Negative_Scenario.Filter_Negative","MapFilter"
"","3953","SailingTime","ALL API TEST SUITE","2026-05-05","passed","2026-05-05","Negative_Scenario.Vessel_Negative","TESTV2","Negative_Scenario.Vessel_Negative","SailingTime"
"","620","GetEarningsByYard","ALL API TEST SUITE","2026-05-05","passed","2026-05-05","Negative_Scenario.Earnings_Negative","TESTV2","Negative_Scenario.Earnings_Negative","GetEarningsByYard"
"","482","DashboardRemove","ALL API TEST SUITE","2026-05-05","passed","2026-05-05","Negative_Scenario.Dashboard_Negative","TESTV2","Negative_Scenario.Dashboard_Negative","DashboardRemove"
"","573","SpeedPercentageExport","ALL API TEST SUITE","2026-05-05","failed","2026-05-05","Negative_Scenario.Performance_Negative","TESTV2","Negative_Scenario.Performance_Negative","SpeedPercentageExport"
"","477","EarningsExport","ALL API TEST SUITE","2026-05-05","passed","2026-05-05","Negative_Scenario.Earnings_Negative","TESTV2","Negative_Scenario.Earnings_Negative","EarningsExport"
"","569","EuetsByPoolcodes","ALL API TEST SUITE","2026-05-05","passed","2026-05-05","Negative_Scenario.EUETS_Negative","TESTV2","Negative_Scenario.EUETS_Negative","EuetsByPoolcodes"
"","494","EuetsList","ALL API TEST SUITE","2026-05-05","passed","2026-05-05","Negative_Scenario.EUETS_Negative","TESTV2","Negative_Scenario.EUETS_Negative","EuetsList"
"","480","FilterData","ALL API TEST SUITE","2026-05-05","passed","2026-05-05","Negative_Scenario.Filter_Negative","TESTV2","Negative_Scenario.Filter_Negative","FilterData"
"","494","SpeedPercentageExport","ALL API TEST SUITE","2026-05-05","passed","2026-05-05","Negative_Scenario.Performance_Negative","TESTV2","Negative_Scenario.Performance_Negative","SpeedPercentageExport"
"","632","ManageDashboard","ALL API TEST SUITE","2026-05-05","failed","2026-05-05","Negative_Scenario.Dashboard_Negative","TESTV2","Negative_Scenario.Dashboard_Negative","ManageDashboard"
"","468","EuetsByPoolcodes","ALL API TEST SUITE","2026-05-05","passed","2026-05-05","Negative_Scenario.EUETS_Negative","TESTV2","Negative_Scenario.EUETS_Negative","EuetsByPoolcodes"
"","4487","VesselVoyages","ALL API TEST SUITE","2026-05-05","passed","2026-05-05","Negative_Scenario.Vessel_Negative","TESTV2","Negative_Scenario.Vessel_Negative","VesselVoyages"
"","722","PoolPointMinMaxAvg","ALL API TEST SUITE","2026-05-05","failed","2026-05-05","Negative_Scenario.PoolPoint_Negative","TESTV2","Negative_Scenario.PoolPoint_Negative","PoolPointMinMaxAvg"
"","491","GetMinMaxAvgBySegment","ALL API TEST SUITE","2026-05-05","passed","2026-05-05","Negative_Scenario.Earnings_Negative","TESTV2","Negative_Scenario.Earnings_Negative","GetMinMaxAvgBySegment"
"","4027","SailingTime","ALL API TEST SUITE","2026-05-05","passed","2026-05-05","Negative_Scenario.Vessel_Negative","TESTV2","Negative_Scenario.Vessel_Negative","SailingTime"
"","734","GetEarningsByVessel","ALL API TEST SUITE","2026-05-05","passed","2026-05-05","Negative_Scenario.Earnings_Negative","TESTV2","Negative_Scenario.Earnings_Negative","GetEarningsByVessel"
"","518","VesselPositions","ALL API TEST SUITE","2026-05-05","passed","2026-05-05","Negative_Scenario.MarketData_Negative","TESTV2","Negative_Scenario.MarketData_Negative","VesselPositions"
"","555","DashboardList","ALL API TEST SUITE","2026-05-05","passed","2026-05-05","Negative_Scenario.Dashboard_Negative","TESTV2","Negative_Scenario.Dashboard_Negative","DashboardList"
"","639","ManageDashboard","ALL API TEST SUITE","2026-05-05","passed","2026-05-05","Negative_Scenario.Dashboard_Negative","TESTV2","Negative_Scenario.Dashboard_Negative","ManageDashboard"
"","481","VesselDetails","ALL API TEST SUITE","2026-05-05","passed","2026-05-05","Negative_Scenario.Vessel_Negative","TESTV2","Negative_Scenario.Vessel_Negative","VesselDetails"
"","572","VesselonMap","ALL API TEST SUITE","2026-05-05","passed","2026-05-05","Negative_Scenario.GlobalMap_Negative","TESTV2","Negative_Scenario.GlobalMap_Negative","VesselonMap"
"","933","PoolPointList","ALL API TEST SUITE","2026-05-05","failed","2026-05-05","Negative_Scenario.PoolPoint_Negative","TESTV2","Negative_Scenario.PoolPoint_Negative","PoolPointList"
"","503","FuelEuByVessel","ALL API TEST SUITE","2026-05-05","passed","2026-05-05","Negative_Scenario.FuelEU_Negative","TESTV2","Negative_Scenario.FuelEU_Negative","FuelEuByVessel"
"","552","EarningsExport","ALL API TEST SUITE","2026-05-05","passed","2026-05-05","Negative_Scenario.Earnings_Negative","TESTV2","Negative_Scenario.Earnings_Negative","EarningsExport"
"","2250","GetMinMaxAvgBySegment","ALL API TEST SUITE","2026-05-05","failed","2026-05-05","Negative_Scenario.Earnings_Negative","TESTV2","Negative_Scenario.Earnings_Negative","GetMinMaxAvgBySegment"
"","467","EuetsByParticipants","ALL API TEST SUITE","2026-05-05","passed","2026-05-05","Negative_Scenario.EUETS_Negative","TESTV2","Negative_Scenario.EUETS_Negative","EuetsByParticipants"
"","507","PoolPointList","ALL API TEST SUITE","2026-05-05","passed","2026-05-05","Negative_Scenario.PoolPoint_Negative","TESTV2","Negative_Scenario.PoolPoint_Negative","PoolPointList"
"","636","ManageDashboard","ALL API TEST SUITE","2026-05-05","passed","2026-05-05","Negative_Scenario.Dashboard_Negative","TESTV2","Negative_Scenario.Dashboard_Negative","ManageDashboard"
"","491","GetEarningsByParticipant","ALL API TEST SUITE","2026-05-05","passed","2026-05-05","Negative_Scenario.Earnings_Negative","TESTV2","Negative_Scenario.Earnings_Negative","GetEarningsByParticipant"
"","503","FuelEuByMonth","ALL API TEST SUITE","2026-05-05","passed","2026-05-05","Negative_Scenario.FuelEU_Negative","TESTV2","Negative_Scenario.FuelEU_Negative","FuelEuByMonth"
"","4105","SailingTime","ALL API TEST SUITE","2026-05-05","passed","2026-05-05","Negative_Scenario.Vessel_Negative","TESTV2","Negative_Scenario.Vessel_Negative","SailingTime"
"","551","ProjectedRoute","ALL API TEST SUITE","2026-05-05","passed","2026-05-05","Negative_Scenario.GlobalMap_Negative","TESTV2","Negative_Scenario.GlobalMap_Negative","ProjectedRoute"
"","994","VoyageTracking","ALL API TEST SUITE","2026-05-05","passed","2026-05-05","Negative_Scenario.Vessel_Negative","TESTV2","Negative_Scenario.Vessel_Negative","VoyageTracking"
"","483","GetEarningsByVessel","ALL API TEST SUITE","2026-05-05","passed","2026-05-05","Negative_Scenario.Earnings_Negative","TESTV2","Negative_Scenario.Earnings_Negative","GetEarningsByVessel"
"","555","NoonReport","ALL API TEST SUITE","2026-05-05","failed","2026-05-05","Negative_Scenario.GlobalMap_Negative","TESTV2","Negative_Scenario.GlobalMap_Negative","NoonReport"
"","456","Comments","ALL API TEST SUITE","2026-05-05","passed","2026-05-05","Negative_Scenario.MarketData_Negative","TESTV2","Negative_Scenario.MarketData_Negative","Comments"
"","576","GetMinMaxAvgBySegment","ALL API TEST SUITE","2026-05-05","failed","2026-05-05","Negative_Scenario.Earnings_Negative","TESTV2","Negative_Scenario.Earnings_Negative","GetMinMaxAvgBySegment"
"","470","EuetsByParticipants","ALL API TEST SUITE","2026-05-05","passed","2026-05-05","Negative_Scenario.EUETS_Negative","TESTV2","Negative_Scenario.EUETS_Negative","EuetsByParticipants"
"","634","GetMinMaxAvgBySegment","ALL API TEST SUITE","2026-05-05","failed","2026-05-05","Negative_Scenario.Earnings_Negative","TESTV2","Negative_Scenario.Earnings_Negative","GetMinMaxAvgBySegment"
"","481","EarningsExport","ALL API TEST SUITE","2026-05-05","passed","2026-05-05","Negative_Scenario.Earnings_Negative","TESTV2","Negative_Scenario.Earnings_Negative","EarningsExport"
"","472","Earningsdistribution","ALL API TEST SUITE","2026-05-05","passed","2026-05-05","Negative_Scenario.Earnings_Negative","TESTV2","Negative_Scenario.Earnings_Negative","Earningsdistribution"
"","499","GetTop3EarningsByParticipant","ALL API TEST SUITE","2026-05-05","passed","2026-05-05","Negative_Scenario.Earnings_Negative","TESTV2","Negative_Scenario.Earnings_Negative","GetTop3EarningsByParticipant"
"","474","UnreadNotificationCount","ALL API TEST SUITE","2026-05-05","passed","2026-05-05","Negative_Scenario.Notifications_Negative","TESTV2","Negative_Scenario.Notifications_Negative","UnreadNotificationCount"
"","660","ManageDashboard","ALL API TEST SUITE","2026-05-05","failed","2026-05-05","Negative_Scenario.Dashboard_Negative","TESTV2","Negative_Scenario.Dashboard_Negative","ManageDashboard"
"","497","FuelEuByVessel","ALL API TEST SUITE","2026-05-05","passed","2026-05-05","Negative_Scenario.FuelEU_Negative","TESTV2","Negative_Scenario.FuelEU_Negative","FuelEuByVessel"
"","570","GetEarningsBySegment","ALL API TEST SUITE","2026-05-05","failed","2026-05-05","Negative_Scenario.Earnings_Negative","TESTV2","Negative_Scenario.Earnings_Negative","GetEarningsBySegment"
"","466","PoolindexFilter","ALL API TEST SUITE","2026-05-05","passed","2026-05-05","Negative_Scenario.Filter_Negative","TESTV2","Negative_Scenario.Filter_Negative","PoolindexFilter"
"","582","GetEarningsByYard","ALL API TEST SUITE","2026-05-05","passed","2026-05-05","Negative_Scenario.Earnings_Negative","TESTV2","Negative_Scenario.Earnings_Negative","GetEarningsByYard"
"","3910","MonthlyData","ALL API TEST SUITE","2026-05-05","passed","2026-05-05","Negative_Scenario.Vessel_Negative","TESTV2","Negative_Scenario.Vessel_Negative","MonthlyData"
"","545","UpdateHistoricalRouteFromSearchRoute","ALL API TEST SUITE","2026-05-05","passed","2026-05-05","Negative_Scenario.GlobalMap_Negative","TESTV2","Negative_Scenario.GlobalMap_Negative","UpdateHistoricalRouteFromSearchRoute"
"","577","FuelEuByVessel","ALL API TEST SUITE","2026-05-05","passed","2026-05-05","Negative_Scenario.FuelEU_Negative","TESTV2","Negative_Scenario.FuelEU_Negative","FuelEuByVessel"
"","1671","CompareVessels","ALL API TEST SUITE","2026-05-05","passed","2026-05-05","Negative_Scenario.Compare_Vessels_Negative","TESTV2","Negative_Scenario.Compare_Vessels_Negative","CompareVessels"
"","585","GetTop3EarningsByParticipant","ALL API TEST SUITE","2026-05-05","passed","2026-05-05","Negative_Scenario.Earnings_Negative","TESTV2","Negative_Scenario.Earnings_Negative","GetTop3EarningsByParticipant"
"","508","GetMinMaxAvgBySegment","ALL API TEST SUITE","2026-05-05","passed","2026-05-05","Negative_Scenario.Earnings_Negative","TESTV2","Negative_Scenario.Earnings_Negative","GetMinMaxAvgBySegment"
"","882","GetEarningsByParticipant","ALL API TEST SUITE","2026-05-05","failed","2026-05-05","Negative_Scenario.Earnings_Negative","TESTV2","Negative_Scenario.Earnings_Negative","GetEarningsByParticipant"
"","497","CompareVessels","ALL API TEST SUITE","2026-05-05","passed","2026-05-05","Negative_Scenario.Compare_Vessels_Negative","TESTV2","Negative_Scenario.Compare_Vessels_Negative","CompareVessels"
"","535","FuelEuByMonth","ALL API TEST SUITE","2026-05-05","passed","2026-05-05","Negative_Scenario.FuelEU_Negative","TESTV2","Negative_Scenario.FuelEU_Negative","FuelEuByMonth"
"","484","FilterData","ALL API TEST SUITE","2026-05-05","passed","2026-05-05","Negative_Scenario.Filter_Negative","TESTV2","Negative_Scenario.Filter_Negative","FilterData"
"","491","EarningsExport","ALL API TEST SUITE","2026-05-05","passed","2026-05-05","Negative_Scenario.Earnings_Negative","TESTV2","Negative_Scenario.Earnings_Negative","EarningsExport"
"","453","SpeedPercentage","ALL API TEST SUITE","2026-05-05","passed","2026-05-05","Negative_Scenario.Performance_Negative","TESTV2","Negative_Scenario.Performance_Negative","SpeedPercentage"
"","535","FuelEuByVessel","ALL API TEST SUITE","2026-05-05","passed","2026-05-05","Negative_Scenario.FuelEU_Negative","TESTV2","Negative_Scenario.FuelEU_Negative","FuelEuByVessel"
"","481","GetEarningsByParticipant","ALL API TEST SUITE","2026-05-05","passed","2026-05-05","Negative_Scenario.Earnings_Negative","TESTV2","Negative_Scenario.Earnings_Negative","GetEarningsByParticipant"
"","539","GetMinMaxAvgBySegment","ALL API TEST SUITE","2026-05-05","passed","2026-05-05","Negative_Scenario.Earnings_Negative","TESTV2","Negative_Scenario.Earnings_Negative","GetMinMaxAvgBySegment"
"","487","SpeedPercentageExport","ALL API TEST SUITE","2026-05-05","passed","2026-05-05","Negative_Scenario.Performance_Negative","TESTV2","Negative_Scenario.Performance_Negative","SpeedPercentageExport"
"","495","PoolPointList","ALL API TEST SUITE","2026-05-05","passed","2026-05-05","Negative_Scenario.PoolPoint_Negative","TESTV2","Negative_Scenario.PoolPoint_Negative","PoolPointList"
"","517","DashboardList","ALL API TEST SUITE","2026-05-05","passed","2026-05-05","Negative_Scenario.Dashboard_Negative","TESTV2","Negative_Scenario.Dashboard_Negative","DashboardList"
"","455","GetNotification","ALL API TEST SUITE","2026-05-05","passed","2026-05-05","Negative_Scenario.Notifications_Negative","TESTV2","Negative_Scenario.Notifications_Negative","GetNotification"
"","1403","Peformancelist","ALL API TEST SUITE","2026-05-05","failed","2026-05-05","Negative_Scenario.Performance_Negative","TESTV2","Negative_Scenario.Performance_Negative","Peformancelist"
"","786","GetEarningsByParticipant","ALL API TEST SUITE","2026-05-05","failed","2026-05-05","Negative_Scenario.Earnings_Negative","TESTV2","Negative_Scenario.Earnings_Negative","GetEarningsByParticipant"
"","669","ManageDashboard","ALL API TEST SUITE","2026-05-05","passed","2026-05-05","Negative_Scenario.Dashboard_Negative","TESTV2","Negative_Scenario.Dashboard_Negative","ManageDashboard"
"","484","FilterData","ALL API TEST SUITE","2026-05-05","passed","2026-05-05","Negative_Scenario.Filter_Negative","TESTV2","Negative_Scenario.Filter_Negative","FilterData"
"","505","Peformancelist","ALL API TEST SUITE","2026-05-05","passed","2026-05-05","Negative_Scenario.Performance_Negative","TESTV2","Negative_Scenario.Performance_Negative","Peformancelist"
"","485","Earningsdistribution","ALL API TEST SUITE","2026-05-05","passed","2026-05-05","Negative_Scenario.Earnings_Negative","TESTV2","Negative_Scenario.Earnings_Negative","Earningsdistribution"
"","525","Route","ALL API TEST SUITE","2026-05-05","passed","2026-05-05","Negative_Scenario.GlobalMap_Negative","TESTV2","Negative_Scenario.GlobalMap_Negative","Route"
"","487","FilterData","ALL API TEST SUITE","2026-05-05","passed","2026-05-05","Negative_Scenario.Filter_Negative","TESTV2","Negative_Scenario.Filter_Negative","FilterData"
"","526","VesselonMap","ALL API TEST SUITE","2026-05-05","passed","2026-05-05","Negative_Scenario.GlobalMap_Negative","TESTV2","Negative_Scenario.GlobalMap_Negative","VesselonMap"
"","524","ManageWidget","ALL API TEST SUITE","2026-05-05","passed","2026-05-05","Negative_Scenario.Dashboard_Negative","TESTV2","Negative_Scenario.Dashboard_Negative","ManageWidget"
"","481","GetNotification","ALL API TEST SUITE","2026-05-05","passed","2026-05-05","Negative_Scenario.Notifications_Negative","TESTV2","Negative_Scenario.Notifications_Negative","GetNotification"
"","4071","MonthlyData","ALL API TEST SUITE","2026-05-05","passed","2026-05-05","Negative_Scenario.Vessel_Negative","TESTV2","Negative_Scenario.Vessel_Negative","MonthlyData"
"","496","EuetsByPoolcodes","ALL API TEST SUITE","2026-05-05","failed","2026-05-05","Negative_Scenario.EUETS_Negative","TESTV2","Negative_Scenario.EUETS_Negative","EuetsByPoolcodes"
"","1015","EuetsByParticipants","ALL API TEST SUITE","2026-05-05","failed","2026-05-05","Negative_Scenario.EUETS_Negative","TESTV2","Negative_Scenario.EUETS_Negative","EuetsByParticipants"
"","490","GetNotification","ALL API TEST SUITE","2026-05-05","failed","2026-05-05","Negative_Scenario.Notifications_Negative","TESTV2","Negative_Scenario.Notifications_Negative","GetNotification"
"","465","SpeedPercentageExport","ALL API TEST SUITE","2026-05-05","passed","2026-05-05","Negative_Scenario.Performance_Negative","TESTV2","Negative_Scenario.Performance_Negative","SpeedPercentageExport"
"","507","Earningsdistribution","ALL API TEST SUITE","2026-05-05","failed","2026-05-05","Negative_Scenario.Earnings_Negative","TESTV2","Negative_Scenario.Earnings_Negative","Earningsdistribution"
"","574","VesselonMap","ALL API TEST SUITE","2026-05-05","passed","2026-05-05","Negative_Scenario.GlobalMap_Negative","TESTV2","Negative_Scenario.GlobalMap_Negative","VesselonMap"
"","511","EuetsList","ALL API TEST SUITE","2026-05-05","passed","2026-05-05","Negative_Scenario.EUETS_Negative","TESTV2","Negative_Scenario.EUETS_Negative","EuetsList"
"","475","Peformancelist","ALL API TEST SUITE","2026-05-05","passed","2026-05-05","Negative_Scenario.Performance_Negative","TESTV2","Negative_Scenario.Performance_Negative","Peformancelist"
"","841","SpeedPercentageBucket","ALL API TEST SUITE","2026-05-05","failed","2026-05-05","Negative_Scenario.Performance_Negative","TESTV2","Negative_Scenario.Performance_Negative","SpeedPercentageBucket"
"","473","SaveNotificationPreference","ALL API TEST SUITE","2026-05-05","failed","2026-05-05","Negative_Scenario.Notifications_Negative","TESTV2","Negative_Scenario.Notifications_Negative","SaveNotificationPreference"
"","496","PoolindexFilter","ALL API TEST SUITE","2026-05-05","failed","2026-05-05","Negative_Scenario.Filter_Negative","TESTV2","Negative_Scenario.Filter_Negative","PoolindexFilter"
"","508","FilterData","ALL API TEST SUITE","2026-05-05","passed","2026-05-05","Negative_Scenario.Filter_Negative","TESTV2","Negative_Scenario.Filter_Negative","FilterData"
"","475","BunkerPrice","ALL API TEST SUITE","2026-05-05","passed","2026-05-05","Negative_Scenario.MarketData_Negative","TESTV2","Negative_Scenario.MarketData_Negative","BunkerPrice"
"","502","GetEarningsByYard","ALL API TEST SUITE","2026-05-05","passed","2026-05-05","Negative_Scenario.Earnings_Negative","TESTV2","Negative_Scenario.Earnings_Negative","GetEarningsByYard"
"","455","GetNotification","ALL API TEST SUITE","2026-05-05","passed","2026-05-05","Negative_Scenario.Notifications_Negative","TESTV2","Negative_Scenario.Notifications_Negative","GetNotification"
"","468","MarketReportFile","ALL API TEST SUITE","2026-05-05","passed","2026-05-05","Negative_Scenario.PoolDocuments_Negative","TESTV2","Negative_Scenario.PoolDocuments_Negative","MarketReportFile"
"","652","GetEarningsByYard","ALL API TEST SUITE","2026-05-05","passed","2026-05-05","Negative_Scenario.Earnings_Negative","TESTV2","Negative_Scenario.Earnings_Negative","GetEarningsByYard"
"","444","GetNotification","ALL API TEST SUITE","2026-05-05","passed","2026-05-05","Negative_Scenario.Notifications_Negative","TESTV2","Negative_Scenario.Notifications_Negative","GetNotification"
"","492","FilterData","ALL API TEST SUITE","2026-05-05","passed","2026-05-05","Negative_Scenario.Filter_Negative","TESTV2","Negative_Scenario.Filter_Negative","FilterData"
"","6897","MonthlyData","ALL API TEST SUITE","2026-05-05","failed","2026-05-05","Negative_Scenario.Vessel_Negative","TESTV2","Negative_Scenario.Vessel_Negative","MonthlyData"
"","476","VesselOverview","ALL API TEST SUITE","2026-05-05","passed","2026-05-05","Negative_Scenario.Vessel_Negative","TESTV2","Negative_Scenario.Vessel_Negative","VesselOverview"
"","573","VesselonMap","ALL API TEST SUITE","2026-05-05","failed","2026-05-05","Negative_Scenario.GlobalMap_Negative","TESTV2","Negative_Scenario.GlobalMap_Negative","VesselonMap"
"","550","BunkerPrice","ALL API TEST SUITE","2026-05-05","passed","2026-05-05","Negative_Scenario.MarketData_Negative","TESTV2","Negative_Scenario.MarketData_Negative","BunkerPrice"
"","3999","SailingTime","ALL API TEST SUITE","2026-05-05","passed","2026-05-05","Negative_Scenario.Vessel_Negative","TESTV2","Negative_Scenario.Vessel_Negative","SailingTime"
"","455","SpeedPercentageExport","ALL API TEST SUITE","2026-05-05","passed","2026-05-05","Negative_Scenario.Performance_Negative","TESTV2","Negative_Scenario.Performance_Negative","SpeedPercentageExport"
"","590","ManageWidget","ALL API TEST SUITE","2026-05-05","passed","2026-05-05","Negative_Scenario.Dashboard_Negative","TESTV2","Negative_Scenario.Dashboard_Negative","ManageWidget"
"","540","Savenotifications","ALL API TEST SUITE","2026-05-05","passed","2026-05-05","Negative_Scenario.Notifications_Negative","TESTV2","Negative_Scenario.Notifications_Negative","Savenotifications"
"","470","Peformancelist","ALL API TEST SUITE","2026-05-05","passed","2026-05-05","Negative_Scenario.Performance_Negative","TESTV2","Negative_Scenario.Performance_Negative","Peformancelist"
"","522","SpeedPercentage","ALL API TEST SUITE","2026-05-05","passed","2026-05-05","Negative_Scenario.Performance_Negative","TESTV2","Negative_Scenario.Performance_Negative","SpeedPercentage"
"","481","GetEarningsByYard","ALL API TEST SUITE","2026-05-05","passed","2026-05-05","Negative_Scenario.Earnings_Negative","TESTV2","Negative_Scenario.Earnings_Negative","GetEarningsByYard"
"","509","SpeedPercentage","ALL API TEST SUITE","2026-05-05","passed","2026-05-05","Negative_Scenario.Performance_Negative","TESTV2","Negative_Scenario.Performance_Negative","SpeedPercentage"
"","474","SpeedPercentageBucket","ALL API TEST SUITE","2026-05-05","passed","2026-05-05","Negative_Scenario.Performance_Negative","TESTV2","Negative_Scenario.Performance_Negative","SpeedPercentageBucket"
"","542","GetEarningsByParticipant","ALL API TEST SUITE","2026-05-05","failed","2026-05-05","Negative_Scenario.Earnings_Negative","TESTV2","Negative_Scenario.Earnings_Negative","GetEarningsByParticipant"
"","514","EuetsList","ALL API TEST SUITE","2026-05-05","passed","2026-05-05","Negative_Scenario.EUETS_Negative","TESTV2","Negative_Scenario.EUETS_Negative","EuetsList"
"","571","ManageWidget","ALL API TEST SUITE","2026-05-05","passed","2026-05-05","Negative_Scenario.Dashboard_Negative","TESTV2","Negative_Scenario.Dashboard_Negative","ManageWidget"
"","594","GetTop3EarningsByParticipant","ALL API TEST SUITE","2026-05-05","failed","2026-05-05","Negative_Scenario.Earnings_Negative","TESTV2","Negative_Scenario.Earnings_Negative","GetTop3EarningsByParticipant"
"","532","FuelEuByMonth","ALL API TEST SUITE","2026-05-05","passed","2026-05-05","Negative_Scenario.FuelEU_Negative","TESTV2","Negative_Scenario.FuelEU_Negative","FuelEuByMonth"
"","475","EarningsExport","ALL API TEST SUITE","2026-05-05","passed","2026-05-05","Negative_Scenario.Earnings_Negative","TESTV2","Negative_Scenario.Earnings_Negative","EarningsExport"
"","861","PoolPointMinMaxAvg","ALL API TEST SUITE","2026-05-05","failed","2026-05-05","Negative_Scenario.PoolPoint_Negative","TESTV2","Negative_Scenario.PoolPoint_Negative","PoolPointMinMaxAvg"
"","476","GetEarningsByVessel","ALL API TEST SUITE","2026-05-05","passed","2026-05-05","Negative_Scenario.Earnings_Negative","TESTV2","Negative_Scenario.Earnings_Negative","GetEarningsByVessel"
"","486","VesselOverview","ALL API TEST SUITE","2026-05-05","passed","2026-05-05","Negative_Scenario.Vessel_Negative","TESTV2","Negative_Scenario.Vessel_Negative","VesselOverview"
"","518","EuetsByPoolcodes","ALL API TEST SUITE","2026-05-05","passed","2026-05-05","Negative_Scenario.EUETS_Negative","TESTV2","Negative_Scenario.EUETS_Negative","EuetsByPoolcodes"
"","1099","EuetsByParticipants","ALL API TEST SUITE","2026-05-05","failed","2026-05-05","Negative_Scenario.EUETS_Negative","TESTV2","Negative_Scenario.EUETS_Negative","EuetsByParticipants"
"","631","ManageDashboard","ALL API TEST SUITE","2026-05-05","passed","2026-05-05","Negative_Scenario.Dashboard_Negative","TESTV2","Negative_Scenario.Dashboard_Negative","ManageDashboard"
"","4471","VesselVoyages","ALL API TEST SUITE","2026-05-05","passed","2026-05-05","Negative_Scenario.Vessel_Negative","TESTV2","Negative_Scenario.Vessel_Negative","VesselVoyages"
"","487","EuetsList","ALL API TEST SUITE","2026-05-05","passed","2026-05-05","Negative_Scenario.EUETS_Negative","TESTV2","Negative_Scenario.EUETS_Negative","EuetsList"
"","507","VesselOverview","ALL API TEST SUITE","2026-05-05","passed","2026-05-05","Negative_Scenario.Vessel_Negative","TESTV2","Negative_Scenario.Vessel_Negative","VesselOverview"
"","578","UpdateHistoricalRouteFromSearchRoute","ALL API TEST SUITE","2026-05-05","passed","2026-05-05","Negative_Scenario.GlobalMap_Negative","TESTV2","Negative_Scenario.GlobalMap_Negative","UpdateHistoricalRouteFromSearchRoute"
"","513","FuelEuByVessel","ALL API TEST SUITE","2026-05-05","passed","2026-05-05","Negative_Scenario.FuelEU_Negative","TESTV2","Negative_Scenario.FuelEU_Negative","FuelEuByVessel"
"","492","DashboardList","ALL API TEST SUITE","2026-05-05","passed","2026-05-05","Negative_Scenario.Dashboard_Negative","TESTV2","Negative_Scenario.Dashboard_Negative","DashboardList"
"","501","GetMinMaxAvgBySegment","ALL API TEST SUITE","2026-05-05","passed","2026-05-05","Negative_Scenario.Earnings_Negative","TESTV2","Negative_Scenario.Earnings_Negative","GetMinMaxAvgBySegment"
"","544","GetEarningsBySegment","ALL API TEST SUITE","2026-05-05","failed","2026-05-05","Negative_Scenario.Earnings_Negative","TESTV2","Negative_Scenario.Earnings_Negative","GetEarningsBySegment"
"","27539","Peformancelist","ALL API TEST SUITE","2026-05-05","failed","2026-05-05","Negative_Scenario.Performance_Negative","TESTV2","Negative_Scenario.Performance_Negative","Peformancelist"
"","547","PoolPointMinMaxAvg","ALL API TEST SUITE","2026-05-05","passed","2026-05-05","Negative_Scenario.PoolPoint_Negative","TESTV2","Negative_Scenario.PoolPoint_Negative","PoolPointMinMaxAvg"
"","4011","SailingTime","ALL API TEST SUITE","2026-05-05","passed","2026-05-05","Negative_Scenario.Vessel_Negative","TESTV2","Negative_Scenario.Vessel_Negative","SailingTime"
"","481","MarketReportFile","ALL API TEST SUITE","2026-05-05","passed","2026-05-05","Negative_Scenario.PoolDocuments_Negative","TESTV2","Negative_Scenario.PoolDocuments_Negative","MarketReportFile"
"","489","MapFilter","ALL API TEST SUITE","2026-05-05","passed","2026-05-05","Negative_Scenario.Filter_Negative","TESTV2","Negative_Scenario.Filter_Negative","MapFilter"
"","3930","MonthlyData","ALL API TEST SUITE","2026-05-05","passed","2026-05-05","Negative_Scenario.Vessel_Negative","TESTV2","Negative_Scenario.Vessel_Negative","MonthlyData"
"","545","EuetsList","ALL API TEST SUITE","2026-05-05","passed","2026-05-05","Negative_Scenario.EUETS_Negative","TESTV2","Negative_Scenario.EUETS_Negative","EuetsList"
"","518","Comments","ALL API TEST SUITE","2026-05-05","passed","2026-05-05","Negative_Scenario.MarketData_Negative","TESTV2","Negative_Scenario.MarketData_Negative","Comments"
"","529","GetEarningsByVessel","ALL API TEST SUITE","2026-05-05","passed","2026-05-05","Negative_Scenario.Earnings_Negative","TESTV2","Negative_Scenario.Earnings_Negative","GetEarningsByVessel"
"","526","SpeedPercentageExport","ALL API TEST SUITE","2026-05-05","failed","2026-05-05","Negative_Scenario.Performance_Negative","TESTV2","Negative_Scenario.Performance_Negative","SpeedPercentageExport"
"","471","GetEarningsByParticipant","ALL API TEST SUITE","2026-05-05","passed","2026-05-05","Negative_Scenario.Earnings_Negative","TESTV2","Negative_Scenario.Earnings_Negative","GetEarningsByParticipant"
"","521","ManageWidget","ALL API TEST SUITE","2026-05-05","passed","2026-05-05","Negative_Scenario.Dashboard_Negative","TESTV2","Negative_Scenario.Dashboard_Negative","ManageWidget"
"","531","EuetsList","ALL API TEST SUITE","2026-05-05","passed","2026-05-05","Negative_Scenario.EUETS_Negative","TESTV2","Negative_Scenario.EUETS_Negative","EuetsList"
"","4109","SailingTime","ALL API TEST SUITE","2026-05-05","failed","2026-05-05","Negative_Scenario.Vessel_Negative","TESTV2","Negative_Scenario.Vessel_Negative","SailingTime"
"","493","GetEarningsByParticipant","ALL API TEST SUITE","2026-05-05","passed","2026-05-05","Negative_Scenario.Earnings_Negative","TESTV2","Negative_Scenario.Earnings_Negative","GetEarningsByParticipant"
"","510","SegmentsPools","ALL API TEST SUITE","2026-05-05","passed","2026-05-05","Negative_Scenario.MarketData_Negative","TESTV2","Negative_Scenario.MarketData_Negative","SegmentsPools"
"","533","GetEarningsBySegment","ALL API TEST SUITE","2026-05-05","passed","2026-05-05","Negative_Scenario.Earnings_Negative","TESTV2","Negative_Scenario.Earnings_Negative","GetEarningsBySegment"
"","1033","VesselReport","ALL API TEST SUITE","2026-05-05","passed","2026-05-05","Negative_Scenario.MarketData_Negative","TESTV2","Negative_Scenario.MarketData_Negative","VesselReport"
"","499","EarningsExport","ALL API TEST SUITE","2026-05-05","failed","2026-05-05","Negative_Scenario.Earnings_Negative","TESTV2","Negative_Scenario.Earnings_Negative","EarningsExport"
"","514","GetEarningsByVessel","ALL API TEST SUITE","2026-05-05","passed","2026-05-05","Negative_Scenario.Earnings_Negative","TESTV2","Negative_Scenario.Earnings_Negative","GetEarningsByVessel"
"","471","FilterData","ALL API TEST SUITE","2026-05-05","passed","2026-05-05","Negative_Scenario.Filter_Negative","TESTV2","Negative_Scenario.Filter_Negative","FilterData"
"","695","Route","ALL API TEST SUITE","2026-05-05","passed","2026-05-05","Negative_Scenario.GlobalMap_Negative","TESTV2","Negative_Scenario.GlobalMap_Negative","Route"
"","518","PoolPointList","ALL API TEST SUITE","2026-05-05","passed","2026-05-05","Negative_Scenario.PoolPoint_Negative","TESTV2","Negative_Scenario.PoolPoint_Negative","PoolPointList"
"","484","GetEarningsByVessel","ALL API TEST SUITE","2026-05-05","passed","2026-05-05","Negative_Scenario.Earnings_Negative","TESTV2","Negative_Scenario.Earnings_Negative","GetEarningsByVessel"
"","738","ManageWidget","ALL API TEST SUITE","2026-05-05","failed","2026-05-05","Negative_Scenario.Dashboard_Negative","TESTV2","Negative_Scenario.Dashboard_Negative","ManageWidget"
"","470","FilterData","ALL API TEST SUITE","2026-05-05","passed","2026-05-05","Negative_Scenario.Filter_Negative","TESTV2","Negative_Scenario.Filter_Negative","FilterData"
"","3943","HoverDetail","ALL API TEST SUITE","2026-05-05","passed","2026-05-05","Negative_Scenario.Vessel_Negative","TESTV2","Negative_Scenario.Vessel_Negative","HoverDetail"
"","492","PoolPointList","ALL API TEST SUITE","2026-05-05","passed","2026-05-05","Negative_Scenario.PoolPoint_Negative","TESTV2","Negative_Scenario.PoolPoint_Negative","PoolPointList"
"","524","GetUserNotificationPreference","ALL API TEST SUITE","2026-05-05","failed","2026-05-05","Negative_Scenario.Notifications_Negative","TESTV2","Negative_Scenario.Notifications_Negative","GetUserNotificationPreference"
"","15174","Route","ALL API TEST SUITE","2026-05-05","failed","2026-05-05","Negative_Scenario.GlobalMap_Negative","TESTV2","Negative_Scenario.GlobalMap_Negative","Route"
"","980","FuelEuByMonth","ALL API TEST SUITE","2026-05-05","passed","2026-05-05","Negative_Scenario.FuelEU_Negative","TESTV2","Negative_Scenario.FuelEU_Negative","FuelEuByMonth"
"","984","MarketReport","ALL API TEST SUITE","2026-05-05","passed","2026-05-05","Negative_Scenario.MarketData_Negative","TESTV2","Negative_Scenario.MarketData_Negative","MarketReport"
"","505","GetMinMaxAvgBySegment","ALL API TEST SUITE","2026-05-05","passed","2026-05-05","Negative_Scenario.Earnings_Negative","TESTV2","Negative_Scenario.Earnings_Negative","GetMinMaxAvgBySegment"
"","4854","SailingTime","ALL API TEST SUITE","2026-05-05","passed","2026-05-05","Negative_Scenario.Vessel_Negative","TESTV2","Negative_Scenario.Vessel_Negative","SailingTime"
"","480","MarketReport","ALL API TEST SUITE","2026-05-05","passed","2026-05-05","Negative_Scenario.MarketData_Negative","TESTV2","Negative_Scenario.MarketData_Negative","MarketReport"
"","550","ManageWidget","ALL API TEST SUITE","2026-05-05","passed","2026-05-05","Negative_Scenario.Dashboard_Negative","TESTV2","Negative_Scenario.Dashboard_Negative","ManageWidget"
"","576","FuelEuByVessel","ALL API TEST SUITE","2026-05-05","passed","2026-05-05","Negative_Scenario.FuelEU_Negative","TESTV2","Negative_Scenario.FuelEU_Negative","FuelEuByVessel"
"","486","Peformancelist","ALL API TEST SUITE","2026-05-05","passed","2026-05-05","Negative_Scenario.Performance_Negative","TESTV2","Negative_Scenario.Performance_Negative","Peformancelist"
"","565","VesselEvents","ALL API TEST SUITE","2026-05-05","passed","2026-05-05","Negative_Scenario.Vessel_Negative","TESTV2","Negative_Scenario.Vessel_Negative","VesselEvents"
"","531","CompareVessels","ALL API TEST SUITE","2026-05-05","passed","2026-05-05","Negative_Scenario.Compare_Vessels_Negative","TESTV2","Negative_Scenario.Compare_Vessels_Negative","CompareVessels"
"","742","MarketReportFile","ALL API TEST SUITE","2026-05-05","failed","2026-05-05","Negative_Scenario.PoolDocuments_Negative","TESTV2","Negative_Scenario.PoolDocuments_Negative","MarketReportFile"
"","467","VesselOverview","ALL API TEST SUITE","2026-05-05","passed","2026-05-05","Negative_Scenario.Vessel_Negative","TESTV2","Negative_Scenario.Vessel_Negative","VesselOverview"
"","509","FuelEuByVessel","ALL API TEST SUITE","2026-05-05","passed","2026-05-05","Negative_Scenario.FuelEU_Negative","TESTV2","Negative_Scenario.FuelEU_Negative","FuelEuByVessel"
"","604","MapFilter","ALL API TEST SUITE","2026-05-05","passed","2026-05-05","Negative_Scenario.Filter_Negative","TESTV2","Negative_Scenario.Filter_Negative","MapFilter"
"","477","EuetsByPoolcodes","ALL API TEST SUITE","2026-05-05","passed","2026-05-05","Negative_Scenario.EUETS_Negative","TESTV2","Negative_Scenario.EUETS_Negative","EuetsByPoolcodes"
"","498","FilterData","ALL API TEST SUITE","2026-05-05","passed","2026-05-05","Negative_Scenario.Filter_Negative","TESTV2","Negative_Scenario.Filter_Negative","FilterData"
"","474","DashboardWidgets","ALL API TEST SUITE","2026-05-05","passed","2026-05-05","Negative_Scenario.Dashboard_Negative","TESTV2","Negative_Scenario.Dashboard_Negative","DashboardWidgets"
"","479","ManageDashboard","ALL API TEST SUITE","2026-05-05","passed","2026-05-05","Negative_Scenario.Dashboard_Negative","TESTV2","Negative_Scenario.Dashboard_Negative","ManageDashboard"
"","459","PoolPointList","ALL API TEST SUITE","2026-05-05","passed","2026-05-05","Negative_Scenario.PoolPoint_Negative","TESTV2","Negative_Scenario.PoolPoint_Negative","PoolPointList"
"","503","MarketReportFile","ALL API TEST SUITE","2026-05-05","failed","2026-05-05","Negative_Scenario.PoolDocuments_Negative","TESTV2","Negative_Scenario.PoolDocuments_Negative","MarketReportFile"
"","519","GetTop3EarningsByParticipant","ALL API TEST SUITE","2026-05-05","passed","2026-05-05","Negative_Scenario.Earnings_Negative","TESTV2","Negative_Scenario.Earnings_Negative","GetTop3EarningsByParticipant"
"","557","SpeedPercentageExport","ALL API TEST SUITE","2026-05-05","failed","2026-05-05","Negative_Scenario.Performance_Negative","TESTV2","Negative_Scenario.Performance_Negative","SpeedPercentageExport"
"","477","FilterData","ALL API TEST SUITE","2026-05-05","passed","2026-05-05","Negative_Scenario.Filter_Negative","TESTV2","Negative_Scenario.Filter_Negative","FilterData"
"","653","GetMinMaxAvgBySegment","ALL API TEST SUITE","2026-05-05","failed","2026-05-05","Negative_Scenario.Earnings_Negative","TESTV2","Negative_Scenario.Earnings_Negative","GetMinMaxAvgBySegment"
"","504","Peformancelist","ALL API TEST SUITE","2026-05-05","passed","2026-05-05","Negative_Scenario.Performance_Negative","TESTV2","Negative_Scenario.Performance_Negative","Peformancelist"
"","519","ReadUnreadNotifications","ALL API TEST SUITE","2026-05-05","passed","2026-05-05","Negative_Scenario.Notifications_Negative","TESTV2","Negative_Scenario.Notifications_Negative","ReadUnreadNotifications"
"","531","GetEarningsByYard","ALL API TEST SUITE","2026-05-05","passed","2026-05-05","Negative_Scenario.Earnings_Negative","TESTV2","Negative_Scenario.Earnings_Negative","GetEarningsByYard"
"","633","ManageDashboard","ALL API TEST SUITE","2026-05-05","passed","2026-05-05","Negative_Scenario.Dashboard_Negative","TESTV2","Negative_Scenario.Dashboard_Negative","ManageDashboard"
"","479","FuelEuByMonth","ALL API TEST SUITE","2026-05-05","passed","2026-05-05","Negative_Scenario.FuelEU_Negative","TESTV2","Negative_Scenario.FuelEU_Negative","FuelEuByMonth"
"","527","VesselEvents","ALL API TEST SUITE","2026-05-05","passed","2026-05-05","Negative_Scenario.Vessel_Negative","TESTV2","Negative_Scenario.Vessel_Negative","VesselEvents"
"","657","GetEarningsByYard","ALL API TEST SUITE","2026-05-05","passed","2026-05-05","Negative_Scenario.Earnings_Negative","TESTV2","Negative_Scenario.Earnings_Negative","GetEarningsByYard"
"","534","GetEarningsByVessel","ALL API TEST SUITE","2026-05-05","passed","2026-05-05","Negative_Scenario.Earnings_Negative","TESTV2","Negative_Scenario.Earnings_Negative","GetEarningsByVessel"
"","485","SpeedPercentageExport","ALL API TEST SUITE","2026-05-05","passed","2026-05-05","Negative_Scenario.Performance_Negative","TESTV2","Negative_Scenario.Performance_Negative","SpeedPercentageExport"
"","472","GetUserNotificationPreference","ALL API TEST SUITE","2026-05-05","failed","2026-05-05","Negative_Scenario.Notifications_Negative","TESTV2","Negative_Scenario.Notifications_Negative","GetUserNotificationPreference"
"","499","SpeedPercentage","ALL API TEST SUITE","2026-05-05","passed","2026-05-05","Negative_Scenario.Performance_Negative","TESTV2","Negative_Scenario.Performance_Negative","SpeedPercentage"
"","592","SpeedPercentageBucket","ALL API TEST SUITE","2026-05-05","failed","2026-05-05","Negative_Scenario.Performance_Negative","TESTV2","Negative_Scenario.Performance_Negative","SpeedPercentageBucket"
"","1001","MarketReport","ALL API TEST SUITE","2026-05-05","passed","2026-05-05","Negative_Scenario.MarketData_Negative","TESTV2","Negative_Scenario.MarketData_Negative","MarketReport"
"","493","Peformancelist","ALL API TEST SUITE","2026-05-05","passed","2026-05-05","Negative_Scenario.Performance_Negative","TESTV2","Negative_Scenario.Performance_Negative","Peformancelist"
"","517","VesselPositions","ALL API TEST SUITE","2026-05-05","passed","2026-05-05","Negative_Scenario.MarketData_Negative","TESTV2","Negative_Scenario.MarketData_Negative","VesselPositions"
"","558","EarningsExport","ALL API TEST SUITE","2026-05-05","passed","2026-05-05","Negative_Scenario.Earnings_Negative","TESTV2","Negative_Scenario.Earnings_Negative","EarningsExport"
"","4028","MonthlyData","ALL API TEST SUITE","2026-05-05","passed","2026-05-05","Negative_Scenario.Vessel_Negative","TESTV2","Negative_Scenario.Vessel_Negative","MonthlyData"
"","481","FuelEuByMonth","ALL API TEST SUITE","2026-05-05","passed","2026-05-05","Negative_Scenario.FuelEU_Negative","TESTV2","Negative_Scenario.FuelEU_Negative","FuelEuByMonth"
"","1324","Savenotifications","ALL API TEST SUITE","2026-05-05","passed","2026-05-05","Negative_Scenario.Notifications_Negative","TESTV2","Negative_Scenario.Notifications_Negative","Savenotifications"
"","540","EuetsByPoolcodes","ALL API TEST SUITE","2026-05-05","failed","2026-05-05","Negative_Scenario.EUETS_Negative","TESTV2","Negative_Scenario.EUETS_Negative","EuetsByPoolcodes"
"","466","EarningsExport","ALL API TEST SUITE","2026-05-05","passed","2026-05-05","Negative_Scenario.Earnings_Negative","TESTV2","Negative_Scenario.Earnings_Negative","EarningsExport"
"","474","SpeedPercentage","ALL API TEST SUITE","2026-05-05","passed","2026-05-05","Negative_Scenario.Performance_Negative","TESTV2","Negative_Scenario.Performance_Negative","SpeedPercentage"
"","470","GetEarningsBySegment","ALL API TEST SUITE","2026-05-05","passed","2026-05-05","Negative_Scenario.Earnings_Negative","TESTV2","Negative_Scenario.Earnings_Negative","GetEarningsBySegment"
"","485","Savenotifications","ALL API TEST SUITE","2026-05-05","passed","2026-05-05","Negative_Scenario.Notifications_Negative","TESTV2","Negative_Scenario.Notifications_Negative","Savenotifications"
"","9576","ProjectedRoute","ALL API TEST SUITE","2026-05-05","failed","2026-05-05","Negative_Scenario.GlobalMap_Negative","TESTV2","Negative_Scenario.GlobalMap_Negative","ProjectedRoute"
"","4678","VesselVoyages","ALL API TEST SUITE","2026-05-05","failed","2026-05-05","Negative_Scenario.Vessel_Negative","TESTV2","Negative_Scenario.Vessel_Negative","VesselVoyages"
"","3980","HoverDetail","ALL API TEST SUITE","2026-05-05","failed","2026-05-05","Negative_Scenario.Vessel_Negative","TESTV2","Negative_Scenario.Vessel_Negative","HoverDetail"
"","518","SegmentsPools","ALL API TEST SUITE","2026-05-05","passed","2026-05-05","Negative_Scenario.MarketData_Negative","TESTV2","Negative_Scenario.MarketData_Negative","SegmentsPools"
"","577","GetEarningsBySegment","ALL API TEST SUITE","2026-05-05","passed","2026-05-05","Negative_Scenario.Earnings_Negative","TESTV2","Negative_Scenario.Earnings_Negative","GetEarningsBySegment"
"","586","EarningsExport","ALL API TEST SUITE","2026-05-05","failed","2026-05-05","Negative_Scenario.Earnings_Negative","TESTV2","Negative_Scenario.Earnings_Negative","EarningsExport"
"","504","VesselEvents","ALL API TEST SUITE","2026-05-05","passed","2026-05-05","Negative_Scenario.Vessel_Negative","TESTV2","Negative_Scenario.Vessel_Negative","VesselEvents"
"","507","GetTop3EarningsByParticipant","ALL API TEST SUITE","2026-05-05","passed","2026-05-05","Negative_Scenario.Earnings_Negative","TESTV2","Negative_Scenario.Earnings_Negative","GetTop3EarningsByParticipant"
"","520","GetTop3EarningsByParticipant","ALL API TEST SUITE","2026-05-05","passed","2026-05-05","Negative_Scenario.Earnings_Negative","TESTV2","Negative_Scenario.Earnings_Negative","GetTop3EarningsByParticipant"
"","500","ArchiveNotifications","ALL API TEST SUITE","2026-05-05","passed","2026-05-05","Negative_Scenario.Notifications_Negative","TESTV2","Negative_Scenario.Notifications_Negative","ArchiveNotifications"
"","820","GetMinMaxAvgBySegment","ALL API TEST SUITE","2026-05-05","failed","2026-05-05","Negative_Scenario.Earnings_Negative","TESTV2","Negative_Scenario.Earnings_Negative","GetMinMaxAvgBySegment"
"","514","PoolPointMinMaxAvg","ALL API TEST SUITE","2026-05-05","passed","2026-05-05","Negative_Scenario.PoolPoint_Negative","TESTV2","Negative_Scenario.PoolPoint_Negative","PoolPointMinMaxAvg"
"","562","PoolPointMinMaxAvg","ALL API TEST SUITE","2026-05-05","passed","2026-05-05","Negative_Scenario.PoolPoint_Negative","TESTV2","Negative_Scenario.PoolPoint_Negative","PoolPointMinMaxAvg"
"","531","FilterData","ALL API TEST SUITE","2026-05-05","passed","2026-05-05","Negative_Scenario.Filter_Negative","TESTV2","Negative_Scenario.Filter_Negative","FilterData"
"","520","GetNotification","ALL API TEST SUITE","2026-05-05","failed","2026-05-05","Negative_Scenario.Notifications_Negative","TESTV2","Negative_Scenario.Notifications_Negative","GetNotification"
"","497","VesselOverview","ALL API TEST SUITE","2026-05-05","passed","2026-05-05","Negative_Scenario.Vessel_Negative","TESTV2","Negative_Scenario.Vessel_Negative","VesselOverview"
"","1177","Peformancelist","ALL API TEST SUITE","2026-05-05","failed","2026-05-05","Negative_Scenario.Performance_Negative","TESTV2","Negative_Scenario.Performance_Negative","Peformancelist"
"","474","ReadUnreadNotifications","ALL API TEST SUITE","2026-05-05","passed","2026-05-05","Negative_Scenario.Notifications_Negative","TESTV2","Negative_Scenario.Notifications_Negative","ReadUnreadNotifications"
"","490","SpeedPercentageBucket","ALL API TEST SUITE","2026-05-05","passed","2026-05-05","Negative_Scenario.Performance_Negative","TESTV2","Negative_Scenario.Performance_Negative","SpeedPercentageBucket"
"","549","VesselAllEventSummary","ALL API TEST SUITE","2026-05-05","passed","2026-05-05","Negative_Scenario.Vessel_Negative","TESTV2","Negative_Scenario.Vessel_Negative","VesselAllEventSummary"
"","533","GetTop3EarningsByParticipant","ALL API TEST SUITE","2026-05-05","passed","2026-05-05","Negative_Scenario.Earnings_Negative","TESTV2","Negative_Scenario.Earnings_Negative","GetTop3EarningsByParticipant"
"","643","GetTop3EarningsByParticipant","ALL API TEST SUITE","2026-05-05","passed","2026-05-05","Negative_Scenario.Earnings_Negative","TESTV2","Negative_Scenario.Earnings_Negative","GetTop3EarningsByParticipant"
"","541","VesselonMap","ALL API TEST SUITE","2026-05-05","passed","2026-05-05","Negative_Scenario.GlobalMap_Negative","TESTV2","Negative_Scenario.GlobalMap_Negative","VesselonMap"
"","514","CompareVessels","ALL API TEST SUITE","2026-05-05","passed","2026-05-05","Negative_Scenario.Compare_Vessels_Negative","TESTV2","Negative_Scenario.Compare_Vessels_Negative","CompareVessels"
"","496","ManageWidget","ALL API TEST SUITE","2026-05-05","failed","2026-05-05","Negative_Scenario.Dashboard_Negative","TESTV2","Negative_Scenario.Dashboard_Negative","ManageWidget"
"","593","FuelEuByMonth","ALL API TEST SUITE","2026-05-05","passed","2026-05-05","Negative_Scenario.FuelEU_Negative","TESTV2","Negative_Scenario.FuelEU_Negative","FuelEuByMonth"
"","4045","HoverDetail","ALL API TEST SUITE","2026-05-05","passed","2026-05-05","Negative_Scenario.Vessel_Negative","TESTV2","Negative_Scenario.Vessel_Negative","HoverDetail"
"","489","PoolPointList","ALL API TEST SUITE","2026-05-05","passed","2026-05-05","Negative_Scenario.PoolPoint_Negative","TESTV2","Negative_Scenario.PoolPoint_Negative","PoolPointList"
"","496","GetMinMaxAvgBySegment","ALL API TEST SUITE","2026-05-05","passed","2026-05-05","Negative_Scenario.Earnings_Negative","TESTV2","Negative_Scenario.Earnings_Negative","GetMinMaxAvgBySegment"
"","599","PoolPointMinMaxAvg","ALL API TEST SUITE","2026-05-05","failed","2026-05-05","Negative_Scenario.PoolPoint_Negative","TESTV2","Negative_Scenario.PoolPoint_Negative","PoolPointMinMaxAvg"
"","500","FuelEuByVessel","ALL API TEST SUITE","2026-05-05","passed","2026-05-05","Negative_Scenario.FuelEU_Negative","TESTV2","Negative_Scenario.FuelEU_Negative","FuelEuByVessel"
"","4909","Peformancelist","ALL API TEST SUITE","2026-05-05","failed","2026-05-05","Negative_Scenario.Performance_Negative","TESTV2","Negative_Scenario.Performance_Negative","Peformancelist"
"","557","GetTop3EarningsByParticipant","ALL API TEST SUITE","2026-05-05","failed","2026-05-05","Negative_Scenario.Earnings_Negative","TESTV2","Negative_Scenario.Earnings_Negative","GetTop3EarningsByParticipant"
"","541","VesselOverview","ALL API TEST SUITE","2026-05-05","passed","2026-05-05","Negative_Scenario.Vessel_Negative","TESTV2","Negative_Scenario.Vessel_Negative","VesselOverview"
"","446","VesselDetails","ALL API TEST SUITE","2026-05-05","passed","2026-05-05","Negative_Scenario.Vessel_Negative","TESTV2","Negative_Scenario.Vessel_Negative","VesselDetails"
"","487","ManageDashboard","ALL API TEST SUITE","2026-05-05","passed","2026-05-05","Negative_Scenario.Dashboard_Negative","TESTV2","Negative_Scenario.Dashboard_Negative","ManageDashboard"
"","493","FilterData","ALL API TEST SUITE","2026-05-05","passed","2026-05-05","Negative_Scenario.Filter_Negative","TESTV2","Negative_Scenario.Filter_Negative","FilterData"
"","533","Route","ALL API TEST SUITE","2026-05-05","passed","2026-05-05","Negative_Scenario.GlobalMap_Negative","TESTV2","Negative_Scenario.GlobalMap_Negative","Route"
"","499","FuelEuByMonth","ALL API TEST SUITE","2026-05-05","passed","2026-05-05","Negative_Scenario.FuelEU_Negative","TESTV2","Negative_Scenario.FuelEU_Negative","FuelEuByMonth"
"","495","Peformancelist","ALL API TEST SUITE","2026-05-05","passed","2026-05-05","Negative_Scenario.Performance_Negative","TESTV2","Negative_Scenario.Performance_Negative","Peformancelist"
"","485","Peformancelist","ALL API TEST SUITE","2026-05-05","passed","2026-05-05","Negative_Scenario.Performance_Negative","TESTV2","Negative_Scenario.Performance_Negative","Peformancelist"
"","486","PoolEarnings","ALL API TEST SUITE","2026-05-05","passed","2026-05-05","Negative_Scenario.MarketData_Negative","TESTV2","Negative_Scenario.MarketData_Negative","PoolEarnings"
"","468","SpeedPercentage","ALL API TEST SUITE","2026-05-05","passed","2026-05-05","Negative_Scenario.Performance_Negative","TESTV2","Negative_Scenario.Performance_Negative","SpeedPercentage"
"","463","PoolPointList","ALL API TEST SUITE","2026-05-05","passed","2026-05-05","Negative_Scenario.PoolPoint_Negative","TESTV2","Negative_Scenario.PoolPoint_Negative","PoolPointList"
"","594","GetMinMaxAvgBySegment","ALL API TEST SUITE","2026-05-05","passed","2026-05-05","Negative_Scenario.Earnings_Negative","TESTV2","Negative_Scenario.Earnings_Negative","GetMinMaxAvgBySegment"
"","4020","HoverDetail","ALL API TEST SUITE","2026-05-05","passed","2026-05-05","Negative_Scenario.Vessel_Negative","TESTV2","Negative_Scenario.Vessel_Negative","HoverDetail"
"","499","GetTop3EarningsByParticipant","ALL API TEST SUITE","2026-05-05","passed","2026-05-05","Negative_Scenario.Earnings_Negative","TESTV2","Negative_Scenario.Earnings_Negative","GetTop3EarningsByParticipant"
"","571","ManageWidget","ALL API TEST SUITE","2026-05-05","passed","2026-05-05","Negative_Scenario.Dashboard_Negative","TESTV2","Negative_Scenario.Dashboard_Negative","ManageWidget"
"","526","VesselEvents","ALL API TEST SUITE","2026-05-05","failed","2026-05-05","Negative_Scenario.Vessel_Negative","TESTV2","Negative_Scenario.Vessel_Negative","VesselEvents"
"","505","Earningsdistribution","ALL API TEST SUITE","2026-05-05","passed","2026-05-05","Negative_Scenario.Earnings_Negative","TESTV2","Negative_Scenario.Earnings_Negative","Earningsdistribution"
"","4775","VesselVoyages","ALL API TEST SUITE","2026-05-05","passed","2026-05-05","Negative_Scenario.Vessel_Negative","TESTV2","Negative_Scenario.Vessel_Negative","VesselVoyages"
"","499","EuetsByPoolcodes","ALL API TEST SUITE","2026-05-05","passed","2026-05-05","Negative_Scenario.EUETS_Negative","TESTV2","Negative_Scenario.EUETS_Negative","EuetsByPoolcodes"
"","483","MarketReportFile","ALL API TEST SUITE","2026-05-05","passed","2026-05-05","Negative_Scenario.PoolDocuments_Negative","TESTV2","Negative_Scenario.PoolDocuments_Negative","MarketReportFile"
"","579","MapFilter","ALL API TEST SUITE","2026-05-05","failed","2026-05-05","Negative_Scenario.Filter_Negative","TESTV2","Negative_Scenario.Filter_Negative","MapFilter"
"","501","MarketReportFile","ALL API TEST SUITE","2026-05-05","failed","2026-05-05","Negative_Scenario.PoolDocuments_Negative","TESTV2","Negative_Scenario.PoolDocuments_Negative","MarketReportFile"
"","588","VesselDetails","ALL API TEST SUITE","2026-05-05","passed","2026-05-05","Negative_Scenario.Vessel_Negative","TESTV2","Negative_Scenario.Vessel_Negative","VesselDetails"
"","497","FilterData","ALL API TEST SUITE","2026-05-05","passed","2026-05-05","Negative_Scenario.Filter_Negative","TESTV2","Negative_Scenario.Filter_Negative","FilterData"
"","624","SpeedPercentage","ALL API TEST SUITE","2026-05-05","failed","2026-05-05","Negative_Scenario.Performance_Negative","TESTV2","Negative_Scenario.Performance_Negative","SpeedPercentage"
"","495","Peformancelist","ALL API TEST SUITE","2026-05-05","passed","2026-05-05","Negative_Scenario.Performance_Negative","TESTV2","Negative_Scenario.Performance_Negative","Peformancelist"
"","1255","MapFilter","ALL API TEST SUITE","2026-05-05","failed","2026-05-05","Negative_Scenario.Filter_Negative","TESTV2","Negative_Scenario.Filter_Negative","MapFilter"
"","584","EuetsList","ALL API TEST SUITE","2026-05-05","passed","2026-05-05","Negative_Scenario.EUETS_Negative","TESTV2","Negative_Scenario.EUETS_Negative","EuetsList"
"","639","GetMinMaxAvgBySegment","ALL API TEST SUITE","2026-05-05","failed","2026-05-05","Negative_Scenario.Earnings_Negative","TESTV2","Negative_Scenario.Earnings_Negative","GetMinMaxAvgBySegment"
"","515","VesselEvents","ALL API TEST SUITE","2026-05-05","passed","2026-05-05","Negative_Scenario.Vessel_Negative","TESTV2","Negative_Scenario.Vessel_Negative","VesselEvents"
"","482","SpeedPercentageBucket","ALL API TEST SUITE","2026-05-05","passed","2026-05-05","Negative_Scenario.Performance_Negative","TESTV2","Negative_Scenario.Performance_Negative","SpeedPercentageBucket"
"","527","PoolPointMinMaxAvg","ALL API TEST SUITE","2026-05-05","passed","2026-05-05","Negative_Scenario.PoolPoint_Negative","TESTV2","Negative_Scenario.PoolPoint_Negative","PoolPointMinMaxAvg"
"","485","ReadUnreadNotifications","ALL API TEST SUITE","2026-05-05","failed","2026-05-05","Negative_Scenario.Notifications_Negative","TESTV2","Negative_Scenario.Notifications_Negative","ReadUnreadNotifications"
"","585","PoolPointMinMaxAvg","ALL API TEST SUITE","2026-05-05","passed","2026-05-05","Negative_Scenario.PoolPoint_Negative","TESTV2","Negative_Scenario.PoolPoint_Negative","PoolPointMinMaxAvg"
"","541","EuetsList","ALL API TEST SUITE","2026-05-05","passed","2026-05-05","Negative_Scenario.EUETS_Negative","TESTV2","Negative_Scenario.EUETS_Negative","EuetsList"
"","4413","VesselVoyages","ALL API TEST SUITE","2026-05-05","failed","2026-05-05","Negative_Scenario.Vessel_Negative","TESTV2","Negative_Scenario.Vessel_Negative","VesselVoyages"
"","482","SaveNotificationPreference","ALL API TEST SUITE","2026-05-05","passed","2026-05-05","Negative_Scenario.Notifications_Negative","TESTV2","Negative_Scenario.Notifications_Negative","SaveNotificationPreference"
"","490","PoolPointMinMaxAvg","ALL API TEST SUITE","2026-05-05","passed","2026-05-05","Negative_Scenario.PoolPoint_Negative","TESTV2","Negative_Scenario.PoolPoint_Negative","PoolPointMinMaxAvg"
"","577","DashboardWidgets","ALL API TEST SUITE","2026-05-05","passed","2026-05-05","Negative_Scenario.Dashboard_Negative","TESTV2","Negative_Scenario.Dashboard_Negative","DashboardWidgets"
"","476","FilterData","ALL API TEST SUITE","2026-05-05","passed","2026-05-05","Negative_Scenario.Filter_Negative","TESTV2","Negative_Scenario.Filter_Negative","FilterData"
"","4131","HoverDetail","ALL API TEST SUITE","2026-05-05","passed","2026-05-05","Negative_Scenario.Vessel_Negative","TESTV2","Negative_Scenario.Vessel_Negative","HoverDetail"
"","530","VesselonMap","ALL API TEST SUITE","2026-05-05","passed","2026-05-05","Negative_Scenario.GlobalMap_Negative","TESTV2","Negative_Scenario.GlobalMap_Negative","VesselonMap"
"","509","EuetsByPoolcodes","ALL API TEST SUITE","2026-05-05","passed","2026-05-05","Negative_Scenario.EUETS_Negative","TESTV2","Negative_Scenario.EUETS_Negative","EuetsByPoolcodes"
"","471","VesselOverview","ALL API TEST SUITE","2026-05-05","passed","2026-05-05","Negative_Scenario.Vessel_Negative","TESTV2","Negative_Scenario.Vessel_Negative","VesselOverview"
"","552","GetEarningsByParticipant","ALL API TEST SUITE","2026-05-05","passed","2026-05-05","Negative_Scenario.Earnings_Negative","TESTV2","Negative_Scenario.Earnings_Negative","GetEarningsByParticipant"
"","460","MarketReportFile","ALL API TEST SUITE","2026-05-05","passed","2026-05-05","Negative_Scenario.PoolDocuments_Negative","TESTV2","Negative_Scenario.PoolDocuments_Negative","MarketReportFile"
"","440","GetNotification","ALL API TEST SUITE","2026-05-05","passed","2026-05-05","Negative_Scenario.Notifications_Negative","TESTV2","Negative_Scenario.Notifications_Negative","GetNotification"
"","472","GetNotification","ALL API TEST SUITE","2026-05-05","failed","2026-05-05","Negative_Scenario.Notifications_Negative","TESTV2","Negative_Scenario.Notifications_Negative","GetNotification"
"","490","FilterData","ALL API TEST SUITE","2026-05-05","passed","2026-05-05","Negative_Scenario.Filter_Negative","TESTV2","Negative_Scenario.Filter_Negative","FilterData"
"","638","ManageDashboard","ALL API TEST SUITE","2026-05-05","passed","2026-05-05","Negative_Scenario.Dashboard_Negative","TESTV2","Negative_Scenario.Dashboard_Negative","ManageDashboard"
"","1177","GetTop3EarningsByParticipant","ALL API TEST SUITE","2026-05-05","passed","2026-05-05","Negative_Scenario.Earnings_Negative","TESTV2","Negative_Scenario.Earnings_Negative","GetTop3EarningsByParticipant"
"","657","EarningsExport","ALL API TEST SUITE","2026-05-05","passed","2026-05-05","Negative_Scenario.Earnings_Negative","TESTV2","Negative_Scenario.Earnings_Negative","EarningsExport"
"","502","Peformancelist","ALL API TEST SUITE","2026-05-05","passed","2026-05-05","Negative_Scenario.Performance_Negative","TESTV2","Negative_Scenario.Performance_Negative","Peformancelist"
"","513","EuetsByPoolcodes","ALL API TEST SUITE","2026-05-05","passed","2026-05-05","Negative_Scenario.EUETS_Negative","TESTV2","Negative_Scenario.EUETS_Negative","EuetsByPoolcodes"
"","658","GetEarningsByYard","ALL API TEST SUITE","2026-05-05","failed","2026-05-05","Negative_Scenario.Earnings_Negative","TESTV2","Negative_Scenario.Earnings_Negative","GetEarningsByYard"
"","519","SpeedPercentageBucket","ALL API TEST SUITE","2026-05-05","passed","2026-05-05","Negative_Scenario.Performance_Negative","TESTV2","Negative_Scenario.Performance_Negative","SpeedPercentageBucket"
"","489","Peformancelist","ALL API TEST SUITE","2026-05-05","passed","2026-05-05","Negative_Scenario.Performance_Negative","TESTV2","Negative_Scenario.Performance_Negative","Peformancelist"
"","14644","Route","ALL API TEST SUITE","2026-05-05","failed","2026-05-05","Negative_Scenario.GlobalMap_Negative","TESTV2","Negative_Scenario.GlobalMap_Negative","Route"
"","482","EuetsList","ALL API TEST SUITE","2026-05-05","passed","2026-05-05","Negative_Scenario.EUETS_Negative","TESTV2","Negative_Scenario.EUETS_Negative","EuetsList"
"","452","PoolPointList","ALL API TEST SUITE","2026-05-05","passed","2026-05-05","Negative_Scenario.PoolPoint_Negative","TESTV2","Negative_Scenario.PoolPoint_Negative","PoolPointList"
"","15145","Route","ALL API TEST SUITE","2026-05-05","failed","2026-05-05","Negative_Scenario.GlobalMap_Negative","TESTV2","Negative_Scenario.GlobalMap_Negative","Route"
"","514","SpeedPercentageBucket","ALL API TEST SUITE","2026-05-05","passed","2026-05-05","Negative_Scenario.Performance_Negative","TESTV2","Negative_Scenario.Performance_Negative","SpeedPercentageBucket"
"","990","VesselReport","ALL API TEST SUITE","2026-05-05","passed","2026-05-05","Negative_Scenario.MarketData_Negative","TESTV2","Negative_Scenario.MarketData_Negative","VesselReport"
"","511","GetTop3EarningsByParticipant","ALL API TEST SUITE","2026-05-05","passed","2026-05-05","Negative_Scenario.Earnings_Negative","TESTV2","Negative_Scenario.Earnings_Negative","GetTop3EarningsByParticipant"
"","620","GetTop3EarningsByParticipant","ALL API TEST SUITE","2026-05-05","failed","2026-05-05","Negative_Scenario.Earnings_Negative","TESTV2","Negative_Scenario.Earnings_Negative","GetTop3EarningsByParticipant"
"","1111","EuetsByParticipants","ALL API TEST SUITE","2026-05-05","failed","2026-05-05","Negative_Scenario.EUETS_Negative","TESTV2","Negative_Scenario.EUETS_Negative","EuetsByParticipants"
"","844","ManageWidget","ALL API TEST SUITE","2026-05-05","failed","2026-05-05","Negative_Scenario.Dashboard_Negative","TESTV2","Negative_Scenario.Dashboard_Negative","ManageWidget"
"","481","SpeedPercentageBucket","ALL API TEST SUITE","2026-05-05","passed","2026-05-05","Negative_Scenario.Performance_Negative","TESTV2","Negative_Scenario.Performance_Negative","SpeedPercentageBucket"
"","460","SpeedPercentage","ALL API TEST SUITE","2026-05-05","passed","2026-05-05","Negative_Scenario.Performance_Negative","TESTV2","Negative_Scenario.Performance_Negative","SpeedPercentage"
"","486","EuetsByPoolcodes","ALL API TEST SUITE","2026-05-05","passed","2026-05-05","Negative_Scenario.EUETS_Negative","TESTV2","Negative_Scenario.EUETS_Negative","EuetsByPoolcodes"
"","498","SpeedPercentage","ALL API TEST SUITE","2026-05-05","passed","2026-05-05","Negative_Scenario.Performance_Negative","TESTV2","Negative_Scenario.Performance_Negative","SpeedPercentage"
"","496","EarningsExport","ALL API TEST SUITE","2026-05-05","passed","2026-05-05","Negative_Scenario.Earnings_Negative","TESTV2","Negative_Scenario.Earnings_Negative","EarningsExport"
"","483","Peformancelist","ALL API TEST SUITE","2026-05-05","passed","2026-05-05","Negative_Scenario.Performance_Negative","TESTV2","Negative_Scenario.Performance_Negative","Peformancelist"
"","463","Savenotifications","ALL API TEST SUITE","2026-05-05","passed","2026-05-05","Negative_Scenario.Notifications_Negative","TESTV2","Negative_Scenario.Notifications_Negative","Savenotifications"
"","495","EuetsByPoolcodes","ALL API TEST SUITE","2026-05-05","failed","2026-05-05","Negative_Scenario.EUETS_Negative","TESTV2","Negative_Scenario.EUETS_Negative","EuetsByPoolcodes"
"","4237","SailingTime","ALL API TEST SUITE","2026-05-05","passed","2026-05-05","Negative_Scenario.Vessel_Negative","TESTV2","Negative_Scenario.Vessel_Negative","SailingTime"
"","493","GetMinMaxAvgBySegment","ALL API TEST SUITE","2026-05-05","passed","2026-05-05","Negative_Scenario.Earnings_Negative","TESTV2","Negative_Scenario.Earnings_Negative","GetMinMaxAvgBySegment"
"","563","GetMinMaxAvgBySegment","ALL API TEST SUITE","2026-05-05","failed","2026-05-05","Negative_Scenario.Earnings_Negative","TESTV2","Negative_Scenario.Earnings_Negative","GetMinMaxAvgBySegment"
"","480","FilterData","ALL API TEST SUITE","2026-05-05","passed","2026-05-05","Negative_Scenario.Filter_Negative","TESTV2","Negative_Scenario.Filter_Negative","FilterData"
"","487","FilterData","ALL API TEST SUITE","2026-05-05","passed","2026-05-05","Negative_Scenario.Filter_Negative","TESTV2","Negative_Scenario.Filter_Negative","FilterData"
"","647","CompareVessels","ALL API TEST SUITE","2026-05-05","passed","2026-05-05","Negative_Scenario.Compare_Vessels_Negative","TESTV2","Negative_Scenario.Compare_Vessels_Negative","CompareVessels"
"","476","FuelEuByVessel","ALL API TEST SUITE","2026-05-05","passed","2026-05-05","Negative_Scenario.FuelEU_Negative","TESTV2","Negative_Scenario.FuelEU_Negative","FuelEuByVessel"
"","603","GetMinMaxAvgBySegment","ALL API TEST SUITE","2026-05-05","failed","2026-05-05","Negative_Scenario.Earnings_Negative","TESTV2","Negative_Scenario.Earnings_Negative","GetMinMaxAvgBySegment"
"","492","SpeedPercentageExport","ALL API TEST SUITE","2026-05-05","passed","2026-05-05","Negative_Scenario.Performance_Negative","TESTV2","Negative_Scenario.Performance_Negative","SpeedPercentageExport"
"","473","ReadUnreadNotifications","ALL API TEST SUITE","2026-05-05","passed","2026-05-05","Negative_Scenario.Notifications_Negative","TESTV2","Negative_Scenario.Notifications_Negative","ReadUnreadNotifications"
"","547","EuetsByParticipants","ALL API TEST SUITE","2026-05-05","passed","2026-05-05","Negative_Scenario.EUETS_Negative","TESTV2","Negative_Scenario.EUETS_Negative","EuetsByParticipants"
"","860","PoolPointList","ALL API TEST SUITE","2026-05-05","failed","2026-05-05","Negative_Scenario.PoolPoint_Negative","TESTV2","Negative_Scenario.PoolPoint_Negative","PoolPointList"
"","566","GetEarningsBySegment","ALL API TEST SUITE","2026-05-05","passed","2026-05-05","Negative_Scenario.Earnings_Negative","TESTV2","Negative_Scenario.Earnings_Negative","GetEarningsBySegment"
"","759","GetEarningsByVessel","ALL API TEST SUITE","2026-05-05","failed","2026-05-05","Negative_Scenario.Earnings_Negative","TESTV2","Negative_Scenario.Earnings_Negative","GetEarningsByVessel"
"","515","FilterData","ALL API TEST SUITE","2026-05-05","passed","2026-05-05","Negative_Scenario.Filter_Negative","TESTV2","Negative_Scenario.Filter_Negative","FilterData"
"","27823","Peformancelist","ALL API TEST SUITE","2026-05-05","failed","2026-05-05","Negative_Scenario.Performance_Negative","TESTV2","Negative_Scenario.Performance_Negative","Peformancelist"
"","461","ArchiveNotifications","ALL API TEST SUITE","2026-05-05","passed","2026-05-05","Negative_Scenario.Notifications_Negative","TESTV2","Negative_Scenario.Notifications_Negative","ArchiveNotifications"
"","964","VesselReport","ALL API TEST SUITE","2026-05-05","passed","2026-05-05","Negative_Scenario.MarketData_Negative","TESTV2","Negative_Scenario.MarketData_Negative","VesselReport"
"","935","GetEarningsByYard","ALL API TEST SUITE","2026-05-05","failed","2026-05-05","Negative_Scenario.Earnings_Negative","TESTV2","Negative_Scenario.Earnings_Negative","GetEarningsByYard"
"","494","PoolPointList","ALL API TEST SUITE","2026-05-05","passed","2026-05-05","Negative_Scenario.PoolPoint_Negative","TESTV2","Negative_Scenario.PoolPoint_Negative","PoolPointList"
"","484","BunkerPrice","ALL API TEST SUITE","2026-05-05","passed","2026-05-05","Negative_Scenario.MarketData_Negative","TESTV2","Negative_Scenario.MarketData_Negative","BunkerPrice"
"","581","PoolPointMinMaxAvg","ALL API TEST SUITE","2026-05-05","passed","2026-05-05","Negative_Scenario.PoolPoint_Negative","TESTV2","Negative_Scenario.PoolPoint_Negative","PoolPointMinMaxAvg"
"","473","SaveNotificationPreference","ALL API TEST SUITE","2026-05-05","passed","2026-05-05","Negative_Scenario.Notifications_Negative","TESTV2","Negative_Scenario.Notifications_Negative","SaveNotificationPreference"
"","448","VesselPositions","ALL API TEST SUITE","2026-05-05","passed","2026-05-05","Negative_Scenario.MarketData_Negative","TESTV2","Negative_Scenario.MarketData_Negative","VesselPositions"
"","650","MapFilter","ALL API TEST SUITE","2026-05-05","failed","2026-05-05","Negative_Scenario.Filter_Negative","TESTV2","Negative_Scenario.Filter_Negative","MapFilter"
"","516","GetEarningsBySegment","ALL API TEST SUITE","2026-05-05","passed","2026-05-05","Negative_Scenario.Earnings_Negative","TESTV2","Negative_Scenario.Earnings_Negative","GetEarningsBySegment"
"","504","Savenotifications","ALL API TEST SUITE","2026-05-05","passed","2026-05-05","Negative_Scenario.Notifications_Negative","TESTV2","Negative_Scenario.Notifications_Negative","Savenotifications"
"","15169","Route","ALL API TEST SUITE","2026-05-05","failed","2026-05-05","Negative_Scenario.GlobalMap_Negative","TESTV2","Negative_Scenario.GlobalMap_Negative","Route"
"","512","SpeedPercentageBucket","ALL API TEST SUITE","2026-05-05","passed","2026-05-05","Negative_Scenario.Performance_Negative","TESTV2","Negative_Scenario.Performance_Negative","SpeedPercentageBucket"
"","460","VesselOverview","ALL API TEST SUITE","2026-05-05","passed","2026-05-05","Negative_Scenario.Vessel_Negative","TESTV2","Negative_Scenario.Vessel_Negative","VesselOverview"
"","557","FuelEuByMonth","ALL API TEST SUITE","2026-05-05","passed","2026-05-05","Negative_Scenario.FuelEU_Negative","TESTV2","Negative_Scenario.FuelEU_Negative","FuelEuByMonth"
"","505","GetEarningsByVessel","ALL API TEST SUITE","2026-05-05","passed","2026-05-05","Negative_Scenario.Earnings_Negative","TESTV2","Negative_Scenario.Earnings_Negative","GetEarningsByVessel"
"","587","SpeedPercentageBucket","ALL API TEST SUITE","2026-05-05","failed","2026-05-05","Negative_Scenario.Performance_Negative","TESTV2","Negative_Scenario.Performance_Negative","SpeedPercentageBucket"
"","498","FuelEuByMonth","ALL API TEST SUITE","2026-05-05","passed","2026-05-05","Negative_Scenario.FuelEU_Negative","TESTV2","Negative_Scenario.FuelEU_Negative","FuelEuByMonth"
"","483","SpeedPercentageBucket","ALL API TEST SUITE","2026-05-05","passed","2026-05-05","Negative_Scenario.Performance_Negative","TESTV2","Negative_Scenario.Performance_Negative","SpeedPercentageBucket"
"","729","ManageDashboard","ALL API TEST SUITE","2026-05-05","failed","2026-05-05","Negative_Scenario.Dashboard_Negative","TESTV2","Negative_Scenario.Dashboard_Negative","ManageDashboard"
"","4385","VesselVoyages","ALL API TEST SUITE","2026-05-05","passed","2026-05-05","Negative_Scenario.Vessel_Negative","TESTV2","Negative_Scenario.Vessel_Negative","VesselVoyages"
"","486","Peformancelist","ALL API TEST SUITE","2026-05-05","passed","2026-05-05","Negative_Scenario.Performance_Negative","TESTV2","Negative_Scenario.Performance_Negative","Peformancelist"
"","490","Peformancelist","ALL API TEST SUITE","2026-05-05","passed","2026-05-05","Negative_Scenario.Performance_Negative","TESTV2","Negative_Scenario.Performance_Negative","Peformancelist"
"","985","PoolPointList","ALL API TEST SUITE","2026-05-05","failed","2026-05-05","Negative_Scenario.PoolPoint_Negative","TESTV2","Negative_Scenario.PoolPoint_Negative","PoolPointList"
"","3960","HoverDetail","ALL API TEST SUITE","2026-05-05","passed","2026-05-05","Negative_Scenario.Vessel_Negative","TESTV2","Negative_Scenario.Vessel_Negative","HoverDetail"
"","476","Peformancelist","ALL API TEST SUITE","2026-05-05","passed","2026-05-05","Negative_Scenario.Performance_Negative","TESTV2","Negative_Scenario.Performance_Negative","Peformancelist"
"","3922","SailingTime","ALL API TEST SUITE","2026-05-05","failed","2026-05-05","Negative_Scenario.Vessel_Negative","TESTV2","Negative_Scenario.Vessel_Negative","SailingTime"
"","552","VesselonMap","ALL API TEST SUITE","2026-05-05","passed","2026-05-05","Negative_Scenario.GlobalMap_Negative","TESTV2","Negative_Scenario.GlobalMap_Negative","VesselonMap"
"","490","EarningsExport","ALL API TEST SUITE","2026-05-05","passed","2026-05-05","Negative_Scenario.Earnings_Negative","TESTV2","Negative_Scenario.Earnings_Negative","EarningsExport"
"","517","CompareVessels","ALL API TEST SUITE","2026-05-05","passed","2026-05-05","Negative_Scenario.Compare_Vessels_Negative","TESTV2","Negative_Scenario.Compare_Vessels_Negative","CompareVessels"
"","513","FuelEuByVessel","ALL API TEST SUITE","2026-05-05","passed","2026-05-05","Negative_Scenario.FuelEU_Negative","TESTV2","Negative_Scenario.FuelEU_Negative","FuelEuByVessel"
"","495","PoolPointList","ALL API TEST SUITE","2026-05-05","passed","2026-05-05","Negative_Scenario.PoolPoint_Negative","TESTV2","Negative_Scenario.PoolPoint_Negative","PoolPointList"
"","523","CompareVessels","ALL API TEST SUITE","2026-05-05","passed","2026-05-05","Negative_Scenario.Compare_Vessels_Negative","TESTV2","Negative_Scenario.Compare_Vessels_Negative","CompareVessels"
"","495","GetTop3EarningsByParticipant","ALL API TEST SUITE","2026-05-05","passed","2026-05-05","Negative_Scenario.Earnings_Negative","TESTV2","Negative_Scenario.Earnings_Negative","GetTop3EarningsByParticipant"
"","518","FuelEuByVessel","ALL API TEST SUITE","2026-05-05","passed","2026-05-05","Negative_Scenario.FuelEU_Negative","TESTV2","Negative_Scenario.FuelEU_Negative","FuelEuByVessel"
"","520","Peformancelist","ALL API TEST SUITE","2026-05-05","passed","2026-05-05","Negative_Scenario.Performance_Negative","TESTV2","Negative_Scenario.Performance_Negative","Peformancelist"
"","517","GetMinMaxAvgBySegment","ALL API TEST SUITE","2026-05-05","failed","2026-05-05","Negative_Scenario.Earnings_Negative","TESTV2","Negative_Scenario.Earnings_Negative","GetMinMaxAvgBySegment"
"","3978","HoverDetail","ALL API TEST SUITE","2026-05-05","passed","2026-05-05","Negative_Scenario.Vessel_Negative","TESTV2","Negative_Scenario.Vessel_Negative","HoverDetail"
"","573","GetEarningsByVessel","ALL API TEST SUITE","2026-05-05","passed","2026-05-05","Negative_Scenario.Earnings_Negative","TESTV2","Negative_Scenario.Earnings_Negative","GetEarningsByVessel"
"","524","Peformancelist","ALL API TEST SUITE","2026-05-05","passed","2026-05-05","Negative_Scenario.Performance_Negative","TESTV2","Negative_Scenario.Performance_Negative","Peformancelist"
"","531","CompareVessels","ALL API TEST SUITE","2026-05-05","passed","2026-05-05","Negative_Scenario.Compare_Vessels_Negative","TESTV2","Negative_Scenario.Compare_Vessels_Negative","CompareVessels"
"","545","GetEarningsByParticipant","ALL API TEST SUITE","2026-05-05","failed","2026-05-05","Negative_Scenario.Earnings_Negative","TESTV2","Negative_Scenario.Earnings_Negative","GetEarningsByParticipant"
"","540","SpeedPercentageExport","ALL API TEST SUITE","2026-05-05","failed","2026-05-05","Negative_Scenario.Performance_Negative","TESTV2","Negative_Scenario.Performance_Negative","SpeedPercentageExport"
"","493","GetEarningsByVessel","ALL API TEST SUITE","2026-05-05","passed","2026-05-05","Negative_Scenario.Earnings_Negative","TESTV2","Negative_Scenario.Earnings_Negative","GetEarningsByVessel"
"","598","VesselonMap","ALL API TEST SUITE","2026-05-05","passed","2026-05-05","Negative_Scenario.GlobalMap_Negative","TESTV2","Negative_Scenario.GlobalMap_Negative","VesselonMap"
"","511","VesselAllEventSummary","ALL API TEST SUITE","2026-05-05","passed","2026-05-05","Negative_Scenario.Vessel_Negative","TESTV2","Negative_Scenario.Vessel_Negative","VesselAllEventSummary"
"","480","GetTop3EarningsByParticipant","ALL API TEST SUITE","2026-05-05","passed","2026-05-05","Negative_Scenario.Earnings_Negative","TESTV2","Negative_Scenario.Earnings_Negative","GetTop3EarningsByParticipant"
"","502","MarketReportFile","ALL API TEST SUITE","2026-05-05","passed","2026-05-05","Negative_Scenario.PoolDocuments_Negative","TESTV2","Negative_Scenario.PoolDocuments_Negative","MarketReportFile"
"","1016","PoolPointList","ALL API TEST SUITE","2026-05-05","failed","2026-05-05","Negative_Scenario.PoolPoint_Negative","TESTV2","Negative_Scenario.PoolPoint_Negative","PoolPointList"
"","474","FilterData","ALL API TEST SUITE","2026-05-05","passed","2026-05-05","Negative_Scenario.Filter_Negative","TESTV2","Negative_Scenario.Filter_Negative","FilterData"
"","554","FuelEuByVessel","ALL API TEST SUITE","2026-05-05","passed","2026-05-05","Negative_Scenario.FuelEU_Negative","TESTV2","Negative_Scenario.FuelEU_Negative","FuelEuByVessel"
"","592","UpdateHistoricalRouteFromSearchRoute","ALL API TEST SUITE","2026-05-05","passed","2026-05-05","Negative_Scenario.GlobalMap_Negative","TESTV2","Negative_Scenario.GlobalMap_Negative","UpdateHistoricalRouteFromSearchRoute"
"","447","SaveNotificationPreference","ALL API TEST SUITE","2026-05-05","passed","2026-05-05","Negative_Scenario.Notifications_Negative","TESTV2","Negative_Scenario.Notifications_Negative","SaveNotificationPreference"
"","475","Savenotifications","ALL API TEST SUITE","2026-05-05","passed","2026-05-05","Negative_Scenario.Notifications_Negative","TESTV2","Negative_Scenario.Notifications_Negative","Savenotifications"
"","536","SpeedPercentageBucket","ALL API TEST SUITE","2026-05-05","passed","2026-05-05","Negative_Scenario.Performance_Negative","TESTV2","Negative_Scenario.Performance_Negative","SpeedPercentageBucket"
"","552","ProjectedRoute","ALL API TEST SUITE","2026-05-05","passed","2026-05-05","Negative_Scenario.GlobalMap_Negative","TESTV2","Negative_Scenario.GlobalMap_Negative","ProjectedRoute"
"","479","FilterData","ALL API TEST SUITE","2026-05-05","passed","2026-05-05","Negative_Scenario.Filter_Negative","TESTV2","Negative_Scenario.Filter_Negative","FilterData"
"","488","GetMinMaxAvgBySegment","ALL API TEST SUITE","2026-05-05","passed","2026-05-05","Negative_Scenario.Earnings_Negative","TESTV2","Negative_Scenario.Earnings_Negative","GetMinMaxAvgBySegment"
"","594","FuelEuByMonth","ALL API TEST SUITE","2026-05-05","passed","2026-05-05","Negative_Scenario.FuelEU_Negative","TESTV2","Negative_Scenario.FuelEU_Negative","FuelEuByMonth"
"","543","ProjectedRoute","ALL API TEST SUITE","2026-05-05","passed","2026-05-05","Negative_Scenario.GlobalMap_Negative","TESTV2","Negative_Scenario.GlobalMap_Negative","ProjectedRoute"
"","699","GetTop3EarningsByParticipant","ALL API TEST SUITE","2026-05-05","failed","2026-05-05","Negative_Scenario.Earnings_Negative","TESTV2","Negative_Scenario.Earnings_Negative","GetTop3EarningsByParticipant"
"","601","Peformancelist","ALL API TEST SUITE","2026-05-05","passed","2026-05-05","Negative_Scenario.Performance_Negative","TESTV2","Negative_Scenario.Performance_Negative","Peformancelist"
"","649","GetEarningsByYard","ALL API TEST SUITE","2026-05-05","passed","2026-05-05","Negative_Scenario.Earnings_Negative","TESTV2","Negative_Scenario.Earnings_Negative","GetEarningsByYard"
"","552","UpdateHistoricalRouteFromSearchRoute","ALL API TEST SUITE","2026-05-05","passed","2026-05-05","Negative_Scenario.GlobalMap_Negative","TESTV2","Negative_Scenario.GlobalMap_Negative","UpdateHistoricalRouteFromSearchRoute"
"","474","GetMinMaxAvgBySegment","ALL API TEST SUITE","2026-05-05","passed","2026-05-05","Negative_Scenario.Earnings_Negative","TESTV2","Negative_Scenario.Earnings_Negative","GetMinMaxAvgBySegment"
"","490","VesselonMap","ALL API TEST SUITE","2026-05-05","passed","2026-05-05","Negative_Scenario.GlobalMap_Negative","TESTV2","Negative_Scenario.GlobalMap_Negative","VesselonMap"
"","498","SpeedPercentageExport","ALL API TEST SUITE","2026-05-05","passed","2026-05-05","Negative_Scenario.Performance_Negative","TESTV2","Negative_Scenario.Performance_Negative","SpeedPercentageExport"
"","636","SpeedPercentage","ALL API TEST SUITE","2026-05-05","failed","2026-05-05","Negative_Scenario.Performance_Negative","TESTV2","Negative_Scenario.Performance_Negative","SpeedPercentage"
"","997","NoonReport","ALL API TEST SUITE","2026-05-05","failed","2026-05-05","Negative_Scenario.GlobalMap_Negative","TESTV2","Negative_Scenario.GlobalMap_Negative","NoonReport"
"","481","FilterData","ALL API TEST SUITE","2026-05-05","passed","2026-05-05","Negative_Scenario.Filter_Negative","TESTV2","Negative_Scenario.Filter_Negative","FilterData"
"","541","VesselonMap","ALL API TEST SUITE","2026-05-05","passed","2026-05-05","Negative_Scenario.GlobalMap_Negative","TESTV2","Negative_Scenario.GlobalMap_Negative","VesselonMap"
"","504","SpeedPercentageBucket","ALL API TEST SUITE","2026-05-05","passed","2026-05-05","Negative_Scenario.Performance_Negative","TESTV2","Negative_Scenario.Performance_Negative","SpeedPercentageBucket"
"","4455","VesselVoyages","ALL API TEST SUITE","2026-05-05","passed","2026-05-05","Negative_Scenario.Vessel_Negative","TESTV2","Negative_Scenario.Vessel_Negative","VesselVoyages"
"","521","EuetsList","ALL API TEST SUITE","2026-05-05","passed","2026-05-05","Negative_Scenario.EUETS_Negative","TESTV2","Negative_Scenario.EUETS_Negative","EuetsList"
"","3935","SailingTime","ALL API TEST SUITE","2026-05-05","passed","2026-05-05","Negative_Scenario.Vessel_Negative","TESTV2","Negative_Scenario.Vessel_Negative","SailingTime"
"","476","SpeedPercentageExport","ALL API TEST SUITE","2026-05-05","passed","2026-05-05","Negative_Scenario.Performance_Negative","TESTV2","Negative_Scenario.Performance_Negative","SpeedPercentageExport"
"","553","CompareVessels","ALL API TEST SUITE","2026-05-05","passed","2026-05-05","Negative_Scenario.Compare_Vessels_Negative","TESTV2","Negative_Scenario.Compare_Vessels_Negative","CompareVessels"
"","535","SpeedPercentageExport","ALL API TEST SUITE","2026-05-05","failed","2026-05-05","Negative_Scenario.Performance_Negative","TESTV2","Negative_Scenario.Performance_Negative","SpeedPercentageExport"
"","480","EuetsByPoolcodes","ALL API TEST SUITE","2026-05-05","passed","2026-05-05","Negative_Scenario.EUETS_Negative","TESTV2","Negative_Scenario.EUETS_Negative","EuetsByPoolcodes"
"","586","VesselonMap","ALL API TEST SUITE","2026-05-05","passed","2026-05-05","Negative_Scenario.GlobalMap_Negative","TESTV2","Negative_Scenario.GlobalMap_Negative","VesselonMap"
"","476","FilterData","ALL API TEST SUITE","2026-05-05","passed","2026-05-05","Negative_Scenario.Filter_Negative","TESTV2","Negative_Scenario.Filter_Negative","FilterData"
"","494","SegmentsPools","ALL API TEST SUITE","2026-05-05","passed","2026-05-05","Negative_Scenario.MarketData_Negative","TESTV2","Negative_Scenario.MarketData_Negative","SegmentsPools"
"","488","GetEarningsBySegment","ALL API TEST SUITE","2026-05-05","passed","2026-05-05","Negative_Scenario.Earnings_Negative","TESTV2","Negative_Scenario.Earnings_Negative","GetEarningsBySegment"
"","494","Comments","ALL API TEST SUITE","2026-05-05","passed","2026-05-05","Negative_Scenario.MarketData_Negative","TESTV2","Negative_Scenario.MarketData_Negative","Comments"
"","508","GetMinMaxAvgBySegment","ALL API TEST SUITE","2026-05-05","passed","2026-05-05","Negative_Scenario.Earnings_Negative","TESTV2","Negative_Scenario.Earnings_Negative","GetMinMaxAvgBySegment"
"","628","SpeedPercentageExport","ALL API TEST SUITE","2026-05-05","failed","2026-05-05","Negative_Scenario.Performance_Negative","TESTV2","Negative_Scenario.Performance_Negative","SpeedPercentageExport"
"","549","GetMinMaxAvgBySegment","ALL API TEST SUITE","2026-05-05","failed","2026-05-05","Negative_Scenario.Earnings_Negative","TESTV2","Negative_Scenario.Earnings_Negative","GetMinMaxAvgBySegment"
"","481","VesselonMap","ALL API TEST SUITE","2026-05-05","passed","2026-05-05","Negative_Scenario.GlobalMap_Negative","TESTV2","Negative_Scenario.GlobalMap_Negative","VesselonMap"
"","471","SaveNotificationPreference","ALL API TEST SUITE","2026-05-05","failed","2026-05-05","Negative_Scenario.Notifications_Negative","TESTV2","Negative_Scenario.Notifications_Negative","SaveNotificationPreference"
"","807","ManageDashboard","ALL API TEST SUITE","2026-05-05","passed","2026-05-05","Negative_Scenario.Dashboard_Negative","TESTV2","Negative_Scenario.Dashboard_Negative","ManageDashboard"
"","755","PoolPointMinMaxAvg","ALL API TEST SUITE","2026-05-05","failed","2026-05-05","Negative_Scenario.PoolPoint_Negative","TESTV2","Negative_Scenario.PoolPoint_Negative","PoolPointMinMaxAvg"
"","641","GetEarningsByYard","ALL API TEST SUITE","2026-05-05","passed","2026-05-05","Negative_Scenario.Earnings_Negative","TESTV2","Negative_Scenario.Earnings_Negative","GetEarningsByYard"
"","533","Comments","ALL API TEST SUITE","2026-05-05","passed","2026-05-05","Negative_Scenario.MarketData_Negative","TESTV2","Negative_Scenario.MarketData_Negative","Comments"
"","536","VesselonMap","ALL API TEST SUITE","2026-05-05","passed","2026-05-05","Negative_Scenario.GlobalMap_Negative","TESTV2","Negative_Scenario.GlobalMap_Negative","VesselonMap"
"","476","FuelEuByVessel","ALL API TEST SUITE","2026-05-05","passed","2026-05-05","Negative_Scenario.FuelEU_Negative","TESTV2","Negative_Scenario.FuelEU_Negative","FuelEuByVessel"
"","534","EuetsByPoolcodes","ALL API TEST SUITE","2026-05-05","passed","2026-05-05","Negative_Scenario.EUETS_Negative","TESTV2","Negative_Scenario.EUETS_Negative","EuetsByPoolcodes"
"","484","GetNotification","ALL API TEST SUITE","2026-05-05","failed","2026-05-05","Negative_Scenario.Notifications_Negative","TESTV2","Negative_Scenario.Notifications_Negative","GetNotification"
"","837","GetEarningsByVessel","ALL API TEST SUITE","2026-05-05","failed","2026-05-05","Negative_Scenario.Earnings_Negative","TESTV2","Negative_Scenario.Earnings_Negative","GetEarningsByVessel"
"","488","GetMinMaxAvgBySegment","ALL API TEST SUITE","2026-05-05","passed","2026-05-05","Negative_Scenario.Earnings_Negative","TESTV2","Negative_Scenario.Earnings_Negative","GetMinMaxAvgBySegment"
"","3878","MonthlyData","ALL API TEST SUITE","2026-05-05","passed","2026-05-05","Negative_Scenario.Vessel_Negative","TESTV2","Negative_Scenario.Vessel_Negative","MonthlyData"
"","472","SpeedPercentageExport","ALL API TEST SUITE","2026-05-05","passed","2026-05-05","Negative_Scenario.Performance_Negative","TESTV2","Negative_Scenario.Performance_Negative","SpeedPercentageExport"
"","457","SpeedPercentage","ALL API TEST SUITE","2026-05-05","passed","2026-05-05","Negative_Scenario.Performance_Negative","TESTV2","Negative_Scenario.Performance_Negative","SpeedPercentage"
"","567","FilterData","ALL API TEST SUITE","2026-05-05","passed","2026-05-05","Negative_Scenario.Filter_Negative","TESTV2","Negative_Scenario.Filter_Negative","FilterData"
"","516","GetEarningsByParticipant","ALL API TEST SUITE","2026-05-05","passed","2026-05-05","Negative_Scenario.Earnings_Negative","TESTV2","Negative_Scenario.Earnings_Negative","GetEarningsByParticipant"
"","456","MarketReportFile","ALL API TEST SUITE","2026-05-05","passed","2026-05-05","Negative_Scenario.PoolDocuments_Negative","TESTV2","Negative_Scenario.PoolDocuments_Negative","MarketReportFile"
"","474","FilterData","ALL API TEST SUITE","2026-05-05","passed","2026-05-05","Negative_Scenario.Filter_Negative","TESTV2","Negative_Scenario.Filter_Negative","FilterData"
"","468","GetEarningsByParticipant","ALL API TEST SUITE","2026-05-05","passed","2026-05-05","Negative_Scenario.Earnings_Negative","TESTV2","Negative_Scenario.Earnings_Negative","GetEarningsByParticipant"
"","491","FuelEuByMonth","ALL API TEST SUITE","2026-05-05","passed","2026-05-05","Negative_Scenario.FuelEU_Negative","TESTV2","Negative_Scenario.FuelEU_Negative","FuelEuByMonth"
"","528","CompareVessels","ALL API TEST SUITE","2026-05-05","passed","2026-05-05","Negative_Scenario.Compare_Vessels_Negative","TESTV2","Negative_Scenario.Compare_Vessels_Negative","CompareVessels"
"","511","EuetsList","ALL API TEST SUITE","2026-05-05","passed","2026-05-05","Negative_Scenario.EUETS_Negative","TESTV2","Negative_Scenario.EUETS_Negative","EuetsList"
"","460","SpeedPercentageExport","ALL API TEST SUITE","2026-05-05","passed","2026-05-05","Negative_Scenario.Performance_Negative","TESTV2","Negative_Scenario.Performance_Negative","SpeedPercentageExport"
"","579","GetEarningsByParticipant","ALL API TEST SUITE","2026-05-05","passed","2026-05-05","Negative_Scenario.Earnings_Negative","TESTV2","Negative_Scenario.Earnings_Negative","GetEarningsByParticipant"
"","552","FuelEuByMonth","ALL API TEST SUITE","2026-05-05","passed","2026-05-05","Negative_Scenario.FuelEU_Negative","TESTV2","Negative_Scenario.FuelEU_Negative","FuelEuByMonth"
"","469","GetEarningsByVessel","ALL API TEST SUITE","2026-05-05","passed","2026-05-05","Negative_Scenario.Earnings_Negative","TESTV2","Negative_Scenario.Earnings_Negative","GetEarningsByVessel"
"","501","VesselPositions","ALL API TEST SUITE","2026-05-05","passed","2026-05-05","Negative_Scenario.MarketData_Negative","TESTV2","Negative_Scenario.MarketData_Negative","VesselPositions"
"","708","ManageDashboard","ALL API TEST SUITE","2026-05-05","passed","2026-05-05","Negative_Scenario.Dashboard_Negative","TESTV2","Negative_Scenario.Dashboard_Negative","ManageDashboard"
"","2124","GetEarningsByParticipant","ALL API TEST SUITE","2026-05-05","failed","2026-05-05","Negative_Scenario.Earnings_Negative","TESTV2","Negative_Scenario.Earnings_Negative","GetEarningsByParticipant"
"","1250","Earningsdistribution","ALL API TEST SUITE","2026-05-05","failed","2026-05-05","Negative_Scenario.Earnings_Negative","TESTV2","Negative_Scenario.Earnings_Negative","Earningsdistribution"
"","548","VesselonMap","ALL API TEST SUITE","2026-05-05","passed","2026-05-05","Negative_Scenario.GlobalMap_Negative","TESTV2","Negative_Scenario.GlobalMap_Negative","VesselonMap"
"","507","GetTop3EarningsByParticipant","ALL API TEST SUITE","2026-05-05","passed","2026-05-05","Negative_Scenario.Earnings_Negative","TESTV2","Negative_Scenario.Earnings_Negative","GetTop3EarningsByParticipant"
"","523","Route","ALL API TEST SUITE","2026-05-05","passed","2026-05-05","Negative_Scenario.GlobalMap_Negative","TESTV2","Negative_Scenario.GlobalMap_Negative","Route"
"","473","GetMinMaxAvgBySegment","ALL API TEST SUITE","2026-05-05","passed","2026-05-05","Negative_Scenario.Earnings_Negative","TESTV2","Negative_Scenario.Earnings_Negative","GetMinMaxAvgBySegment"
"","458","SpeedPercentageExport","ALL API TEST SUITE","2026-05-05","passed","2026-05-05","Negative_Scenario.Performance_Negative","TESTV2","Negative_Scenario.Performance_Negative","SpeedPercentageExport"
"","493","Earningsdistribution","ALL API TEST SUITE","2026-05-05","passed","2026-05-05","Negative_Scenario.Earnings_Negative","TESTV2","Negative_Scenario.Earnings_Negative","Earningsdistribution"
"","3350","VesselOverview","ALL API TEST SUITE","2026-05-05","failed","2026-05-05","Negative_Scenario.Vessel_Negative","TESTV2","Negative_Scenario.Vessel_Negative","VesselOverview"
"","490","VesselOverview","ALL API TEST SUITE","2026-05-05","passed","2026-05-05","Negative_Scenario.Vessel_Negative","TESTV2","Negative_Scenario.Vessel_Negative","VesselOverview"
"","555","GetMinMaxAvgBySegment","ALL API TEST SUITE","2026-05-05","passed","2026-05-05","Negative_Scenario.Earnings_Negative","TESTV2","Negative_Scenario.Earnings_Negative","GetMinMaxAvgBySegment"
"","560","SpeedPercentageBucket","ALL API TEST SUITE","2026-05-05","failed","2026-05-05","Negative_Scenario.Performance_Negative","TESTV2","Negative_Scenario.Performance_Negative","SpeedPercentageBucket"
"","477","ReadUnreadNotifications","ALL API TEST SUITE","2026-05-05","passed","2026-05-05","Negative_Scenario.Notifications_Negative","TESTV2","Negative_Scenario.Notifications_Negative","ReadUnreadNotifications"
"","466","VesselReport","ALL API TEST SUITE","2026-05-05","passed","2026-05-05","Negative_Scenario.MarketData_Negative","TESTV2","Negative_Scenario.MarketData_Negative","VesselReport"
"","718","ManageDashboard","ALL API TEST SUITE","2026-05-05","passed","2026-05-05","Negative_Scenario.Dashboard_Negative","TESTV2","Negative_Scenario.Dashboard_Negative","ManageDashboard"
"","485","PoolPointList","ALL API TEST SUITE","2026-05-05","passed","2026-05-05","Negative_Scenario.PoolPoint_Negative","TESTV2","Negative_Scenario.PoolPoint_Negative","PoolPointList"
"","482","FuelEuByMonth","ALL API TEST SUITE","2026-05-05","passed","2026-05-05","Negative_Scenario.FuelEU_Negative","TESTV2","Negative_Scenario.FuelEU_Negative","FuelEuByMonth"
"","801","FuelEuByMonth","ALL API TEST SUITE","2026-05-05","passed","2026-05-05","Negative_Scenario.FuelEU_Negative","TESTV2","Negative_Scenario.FuelEU_Negative","FuelEuByMonth"
"","494","PoolEarnings","ALL API TEST SUITE","2026-05-05","passed","2026-05-05","Negative_Scenario.MarketData_Negative","TESTV2","Negative_Scenario.MarketData_Negative","PoolEarnings"
"","4790","VesselVoyages","ALL API TEST SUITE","2026-05-05","passed","2026-05-05","Negative_Scenario.Vessel_Negative","TESTV2","Negative_Scenario.Vessel_Negative","VesselVoyages"
"","484","EuetsByPoolcodes","ALL API TEST SUITE","2026-05-05","passed","2026-05-05","Negative_Scenario.EUETS_Negative","TESTV2","Negative_Scenario.EUETS_Negative","EuetsByPoolcodes"
"","535","ManageWidget","ALL API TEST SUITE","2026-05-05","passed","2026-05-05","Negative_Scenario.Dashboard_Negative","TESTV2","Negative_Scenario.Dashboard_Negative","ManageWidget"
"","456","GetNotification","ALL API TEST SUITE","2026-05-05","passed","2026-05-05","Negative_Scenario.Notifications_Negative","TESTV2","Negative_Scenario.Notifications_Negative","GetNotification"
"","485","EarningsExport","ALL API TEST SUITE","2026-05-05","passed","2026-05-05","Negative_Scenario.Earnings_Negative","TESTV2","Negative_Scenario.Earnings_Negative","EarningsExport"
"","993","MarketReport","ALL API TEST SUITE","2026-05-05","passed","2026-05-05","Negative_Scenario.MarketData_Negative","TESTV2","Negative_Scenario.MarketData_Negative","MarketReport"
"","571","Peformancelist","ALL API TEST SUITE","2026-05-05","passed","2026-05-05","Negative_Scenario.Performance_Negative","TESTV2","Negative_Scenario.Performance_Negative","Peformancelist"
"","529","GetTop3EarningsByParticipant","ALL API TEST SUITE","2026-05-05","failed","2026-05-05","Negative_Scenario.Earnings_Negative","TESTV2","Negative_Scenario.Earnings_Negative","GetTop3EarningsByParticipant"
"","646","ManageDashboard","ALL API TEST SUITE","2026-05-05","passed","2026-05-05","Negative_Scenario.Dashboard_Negative","TESTV2","Negative_Scenario.Dashboard_Negative","ManageDashboard"
"","535","CompareVessels","ALL API TEST SUITE","2026-05-05","passed","2026-05-05","Negative_Scenario.Compare_Vessels_Negative","TESTV2","Negative_Scenario.Compare_Vessels_Negative","CompareVessels"
"","510","GetTop3EarningsByParticipant","ALL API TEST SUITE","2026-05-05","failed","2026-05-05","Negative_Scenario.Earnings_Negative","TESTV2","Negative_Scenario.Earnings_Negative","GetTop3EarningsByParticipant"
"","479","SpeedPercentage","ALL API TEST SUITE","2026-05-05","passed","2026-05-05","Negative_Scenario.Performance_Negative","TESTV2","Negative_Scenario.Performance_Negative","SpeedPercentage"
"","587","CompareVessels","ALL API TEST SUITE","2026-05-05","passed","2026-05-05","Negative_Scenario.Compare_Vessels_Negative","TESTV2","Negative_Scenario.Compare_Vessels_Negative","CompareVessels"
"","519","CompareVessels","ALL API TEST SUITE","2026-05-05","passed","2026-05-05","Negative_Scenario.Compare_Vessels_Negative","TESTV2","Negative_Scenario.Compare_Vessels_Negative","CompareVessels"
"","761","VesselonMap","ALL API TEST SUITE","2026-05-05","failed","2026-05-05","Negative_Scenario.GlobalMap_Negative","TESTV2","Negative_Scenario.GlobalMap_Negative","VesselonMap"
"","620","GetEarningsBySegment","ALL API TEST SUITE","2026-05-05","failed","2026-05-05","Negative_Scenario.Earnings_Negative","TESTV2","Negative_Scenario.Earnings_Negative","GetEarningsBySegment"
"","498","GetEarningsByVessel","ALL API TEST SUITE","2026-05-05","passed","2026-05-05","Negative_Scenario.Earnings_Negative","TESTV2","Negative_Scenario.Earnings_Negative","GetEarningsByVessel"
"","582","PoolPointList","ALL API TEST SUITE","2026-05-05","failed","2026-05-05","Negative_Scenario.PoolPoint_Negative","TESTV2","Negative_Scenario.PoolPoint_Negative","PoolPointList"
"","648","EuetsByParticipants","ALL API TEST SUITE","2026-05-05","passed","2026-05-05","Negative_Scenario.EUETS_Negative","TESTV2","Negative_Scenario.EUETS_Negative","EuetsByParticipants"
"","527","FuelEuByVessel","ALL API TEST SUITE","2026-05-05","passed","2026-05-05","Negative_Scenario.FuelEU_Negative","TESTV2","Negative_Scenario.FuelEU_Negative","FuelEuByVessel"
"","466","SpeedPercentageExport","ALL API TEST SUITE","2026-05-05","passed","2026-05-05","Negative_Scenario.Performance_Negative","TESTV2","Negative_Scenario.Performance_Negative","SpeedPercentageExport"
"","518","PoolPointMinMaxAvg","ALL API TEST SUITE","2026-05-05","passed","2026-05-05","Negative_Scenario.PoolPoint_Negative","TESTV2","Negative_Scenario.PoolPoint_Negative","PoolPointMinMaxAvg"
"","607","GetEarningsByVessel","ALL API TEST SUITE","2026-05-05","failed","2026-05-05","Negative_Scenario.Earnings_Negative","TESTV2","Negative_Scenario.Earnings_Negative","GetEarningsByVessel"
"","532","GetEarningsBySegment","ALL API TEST SUITE","2026-05-05","passed","2026-05-05","Negative_Scenario.Earnings_Negative","TESTV2","Negative_Scenario.Earnings_Negative","GetEarningsBySegment"
"","986","VesselReport","ALL API TEST SUITE","2026-05-05","passed","2026-05-05","Negative_Scenario.MarketData_Negative","TESTV2","Negative_Scenario.MarketData_Negative","VesselReport"
"","480","GetNotification","ALL API TEST SUITE","2026-05-05","passed","2026-05-05","Negative_Scenario.Notifications_Negative","TESTV2","Negative_Scenario.Notifications_Negative","GetNotification"
"","6693","MonthlyData","ALL API TEST SUITE","2026-05-05","failed","2026-05-05","Negative_Scenario.Vessel_Negative","TESTV2","Negative_Scenario.Vessel_Negative","MonthlyData"
"","549","FuelEuByVessel","ALL API TEST SUITE","2026-05-05","passed","2026-05-05","Negative_Scenario.FuelEU_Negative","TESTV2","Negative_Scenario.FuelEU_Negative","FuelEuByVessel"
"","473","GetTop3EarningsByParticipant","ALL API TEST SUITE","2026-05-05","passed","2026-05-05","Negative_Scenario.Earnings_Negative","TESTV2","Negative_Scenario.Earnings_Negative","GetTop3EarningsByParticipant"
"","561","VesselonMap","ALL API TEST SUITE","2026-05-05","passed","2026-05-05","Negative_Scenario.GlobalMap_Negative","TESTV2","Negative_Scenario.GlobalMap_Negative","VesselonMap"
"","467","BunkerPrice","ALL API TEST SUITE","2026-05-05","passed","2026-05-05","Negative_Scenario.MarketData_Negative","TESTV2","Negative_Scenario.MarketData_Negative","BunkerPrice"
"","439","SpeedPercentage","ALL API TEST SUITE","2026-05-05","passed","2026-05-05","Negative_Scenario.Performance_Negative","TESTV2","Negative_Scenario.Performance_Negative","SpeedPercentage"
"","449","PoolEarnings","ALL API TEST SUITE","2026-05-05","passed","2026-05-05","Negative_Scenario.MarketData_Negative","TESTV2","Negative_Scenario.MarketData_Negative","PoolEarnings"
"","696","ManageDashboard","ALL API TEST SUITE","2026-05-05","passed","2026-05-05","Negative_Scenario.Dashboard_Negative","TESTV2","Negative_Scenario.Dashboard_Negative","ManageDashboard"
"","538","EarningsExport","ALL API TEST SUITE","2026-05-05","passed","2026-05-05","Negative_Scenario.Earnings_Negative","TESTV2","Negative_Scenario.Earnings_Negative","EarningsExport"
"","493","FilterData","ALL API TEST SUITE","2026-05-05","passed","2026-05-05","Negative_Scenario.Filter_Negative","TESTV2","Negative_Scenario.Filter_Negative","FilterData"
"","476","Earningsdistribution","ALL API TEST SUITE","2026-05-05","passed","2026-05-05","Negative_Scenario.Earnings_Negative","TESTV2","Negative_Scenario.Earnings_Negative","Earningsdistribution"
"","702","ManageDashboard","ALL API TEST SUITE","2026-05-05","passed","2026-05-05","Negative_Scenario.Dashboard_Negative","TESTV2","Negative_Scenario.Dashboard_Negative","ManageDashboard"
"","503","GetEarningsBySegment","ALL API TEST SUITE","2026-05-05","passed","2026-05-05","Negative_Scenario.Earnings_Negative","TESTV2","Negative_Scenario.Earnings_Negative","GetEarningsBySegment"
"","608","DashboardWidgets","ALL API TEST SUITE","2026-05-05","passed","2026-05-05","Negative_Scenario.Dashboard_Negative","TESTV2","Negative_Scenario.Dashboard_Negative","DashboardWidgets"
"","495","FuelEuByMonth","ALL API TEST SUITE","2026-05-05","passed","2026-05-05","Negative_Scenario.FuelEU_Negative","TESTV2","Negative_Scenario.FuelEU_Negative","FuelEuByMonth"
"","468","GetMinMaxAvgBySegment","ALL API TEST SUITE","2026-05-05","passed","2026-05-05","Negative_Scenario.Earnings_Negative","TESTV2","Negative_Scenario.Earnings_Negative","GetMinMaxAvgBySegment"
"","583","SpeedPercentage","ALL API TEST SUITE","2026-05-05","failed","2026-05-05","Negative_Scenario.Performance_Negative","TESTV2","Negative_Scenario.Performance_Negative","SpeedPercentage"
"","515","GetMinMaxAvgBySegment","ALL API TEST SUITE","2026-05-05","passed","2026-05-05","Negative_Scenario.Earnings_Negative","TESTV2","Negative_Scenario.Earnings_Negative","GetMinMaxAvgBySegment"
"","494","SpeedPercentageBucket","ALL API TEST SUITE","2026-05-05","passed","2026-05-05","Negative_Scenario.Performance_Negative","TESTV2","Negative_Scenario.Performance_Negative","SpeedPercentageBucket"
"","555","EuetsList","ALL API TEST SUITE","2026-05-05","passed","2026-05-05","Negative_Scenario.EUETS_Negative","TESTV2","Negative_Scenario.EUETS_Negative","EuetsList"
"","451","PoolPointMinMaxAvg","ALL API TEST SUITE","2026-05-05","passed","2026-05-05","Negative_Scenario.PoolPoint_Negative","TESTV2","Negative_Scenario.PoolPoint_Negative","PoolPointMinMaxAvg"
"","479","SpeedPercentageBucket","ALL API TEST SUITE","2026-05-05","passed","2026-05-05","Negative_Scenario.Performance_Negative","TESTV2","Negative_Scenario.Performance_Negative","SpeedPercentageBucket"
"","752","GetEarningsByYard","ALL API TEST SUITE","2026-05-05","failed","2026-05-05","Negative_Scenario.Earnings_Negative","TESTV2","Negative_Scenario.Earnings_Negative","GetEarningsByYard"
"","665","MapFilter","ALL API TEST SUITE","2026-05-05","failed","2026-05-05","Negative_Scenario.Filter_Negative","TESTV2","Negative_Scenario.Filter_Negative","MapFilter"
"","502","PoolPointList","ALL API TEST SUITE","2026-05-05","passed","2026-05-05","Negative_Scenario.PoolPoint_Negative","TESTV2","Negative_Scenario.PoolPoint_Negative","PoolPointList"
"","569","GetEarningsByParticipant","ALL API TEST SUITE","2026-05-05","failed","2026-05-05","Negative_Scenario.Earnings_Negative","TESTV2","Negative_Scenario.Earnings_Negative","GetEarningsByParticipant"
"","923","VoyageTracking","ALL API TEST SUITE","2026-05-05","passed","2026-05-05","Negative_Scenario.Vessel_Negative","TESTV2","Negative_Scenario.Vessel_Negative","VoyageTracking"
"","570","MarketReportFile","ALL API TEST SUITE","2026-05-05","passed","2026-05-05","Negative_Scenario.PoolDocuments_Negative","TESTV2","Negative_Scenario.PoolDocuments_Negative","MarketReportFile"
"","495","PoolPointList","ALL API TEST SUITE","2026-05-05","passed","2026-05-05","Negative_Scenario.PoolPoint_Negative","TESTV2","Negative_Scenario.PoolPoint_Negative","PoolPointList"
"","461","Savenotifications","ALL API TEST SUITE","2026-05-05","passed","2026-05-05","Negative_Scenario.Notifications_Negative","TESTV2","Negative_Scenario.Notifications_Negative","Savenotifications"
"","780","ManageDashboard","ALL API TEST SUITE","2026-05-05","passed","2026-05-05","Negative_Scenario.Dashboard_Negative","TESTV2","Negative_Scenario.Dashboard_Negative","ManageDashboard"
"","446","FuelEughglimits","ALL API TEST SUITE","2026-05-05","passed","2026-05-05","Negative_Scenario.FuelEU_Negative","TESTV2","Negative_Scenario.FuelEU_Negative","FuelEughglimits"
"","475","FilterData","ALL API TEST SUITE","2026-05-05","passed","2026-05-05","Negative_Scenario.Filter_Negative","TESTV2","Negative_Scenario.Filter_Negative","FilterData"
"","496","Peformancelist","ALL API TEST SUITE","2026-05-05","passed","2026-05-05","Negative_Scenario.Performance_Negative","TESTV2","Negative_Scenario.Performance_Negative","Peformancelist"
"","574","GetEarningsByYard","ALL API TEST SUITE","2026-05-05","passed","2026-05-05","Negative_Scenario.Earnings_Negative","TESTV2","Negative_Scenario.Earnings_Negative","GetEarningsByYard"
"","472","GetEarningsBySegment","ALL API TEST SUITE","2026-05-05","passed","2026-05-05","Negative_Scenario.Earnings_Negative","TESTV2","Negative_Scenario.Earnings_Negative","GetEarningsBySegment"
"","550","ManageWidget","ALL API TEST SUITE","2026-05-05","failed","2026-05-05","Negative_Scenario.Dashboard_Negative","TESTV2","Negative_Scenario.Dashboard_Negative","ManageWidget"
"","579","CompareVessels","ALL API TEST SUITE","2026-05-05","passed","2026-05-05","Negative_Scenario.Compare_Vessels_Negative","TESTV2","Negative_Scenario.Compare_Vessels_Negative","CompareVessels"
"","514","GetEarningsBySegment","ALL API TEST SUITE","2026-05-05","passed","2026-05-05","Negative_Scenario.Earnings_Negative","TESTV2","Negative_Scenario.Earnings_Negative","GetEarningsBySegment"
"","531","EuetsList","ALL API TEST SUITE","2026-05-05","passed","2026-05-05","Negative_Scenario.EUETS_Negative","TESTV2","Negative_Scenario.EUETS_Negative","EuetsList"
"","537","EuetsByParticipants","ALL API TEST SUITE","2026-05-05","passed","2026-05-05","Negative_Scenario.EUETS_Negative","TESTV2","Negative_Scenario.EUETS_Negative","EuetsByParticipants"
"","456","ReadUnreadNotifications","ALL API TEST SUITE","2026-05-05","passed","2026-05-05","Negative_Scenario.Notifications_Negative","TESTV2","Negative_Scenario.Notifications_Negative","ReadUnreadNotifications"
"","466","ArchiveNotifications","ALL API TEST SUITE","2026-05-05","passed","2026-05-05","Negative_Scenario.Notifications_Negative","TESTV2","Negative_Scenario.Notifications_Negative","ArchiveNotifications"
"","4108","MonthlyData","ALL API TEST SUITE","2026-05-05","passed","2026-05-05","Negative_Scenario.Vessel_Negative","TESTV2","Negative_Scenario.Vessel_Negative","MonthlyData"
"","1377","ManageWidget","ALL API TEST SUITE","2026-05-05","failed","2026-05-05","Negative_Scenario.Dashboard_Negative","TESTV2","Negative_Scenario.Dashboard_Negative","ManageWidget"
"","471","GetEarningsByParticipant","ALL API TEST SUITE","2026-05-05","passed","2026-05-05","Negative_Scenario.Earnings_Negative","TESTV2","Negative_Scenario.Earnings_Negative","GetEarningsByParticipant"
"","582","PoolPointMinMaxAvg","ALL API TEST SUITE","2026-05-05","passed","2026-05-05","Negative_Scenario.PoolPoint_Negative","TESTV2","Negative_Scenario.PoolPoint_Negative","PoolPointMinMaxAvg"
"","576","FuelEuByVessel","ALL API TEST SUITE","2026-05-05","passed","2026-05-05","Negative_Scenario.FuelEU_Negative","TESTV2","Negative_Scenario.FuelEU_Negative","FuelEuByVessel"
"","499","EuetsByParticipants","ALL API TEST SUITE","2026-05-05","passed","2026-05-05","Negative_Scenario.EUETS_Negative","TESTV2","Negative_Scenario.EUETS_Negative","EuetsByParticipants"
"","656","ManageDashboard","ALL API TEST SUITE","2026-05-05","passed","2026-05-05","Negative_Scenario.Dashboard_Negative","TESTV2","Negative_Scenario.Dashboard_Negative","ManageDashboard"
"","543","SegmentsPools","ALL API TEST SUITE","2026-05-05","passed","2026-05-05","Negative_Scenario.MarketData_Negative","TESTV2","Negative_Scenario.MarketData_Negative","SegmentsPools"
"","481","FilterData","ALL API TEST SUITE","2026-05-05","passed","2026-05-05","Negative_Scenario.Filter_Negative","TESTV2","Negative_Scenario.Filter_Negative","FilterData"
"","467","PoolPointList","ALL API TEST SUITE","2026-05-05","passed","2026-05-05","Negative_Scenario.PoolPoint_Negative","TESTV2","Negative_Scenario.PoolPoint_Negative","PoolPointList"
"","774","FuelEuByMonth","ALL API TEST SUITE","2026-05-05","passed","2026-05-05","Negative_Scenario.FuelEU_Negative","TESTV2","Negative_Scenario.FuelEU_Negative","FuelEuByMonth"
"","621","MapFilter","ALL API TEST SUITE","2026-05-05","failed","2026-05-05","Negative_Scenario.Filter_Negative","TESTV2","Negative_Scenario.Filter_Negative","MapFilter"
"","533","FuelEuByVessel","ALL API TEST SUITE","2026-05-05","passed","2026-05-05","Negative_Scenario.FuelEU_Negative","TESTV2","Negative_Scenario.FuelEU_Negative","FuelEuByVessel"
"","4145","HoverDetail","ALL API TEST SUITE","2026-05-05","passed","2026-05-05","Negative_Scenario.Vessel_Negative","TESTV2","Negative_Scenario.Vessel_Negative","HoverDetail"
"","464","ArchiveNotifications","ALL API TEST SUITE","2026-05-05","passed","2026-05-05","Negative_Scenario.Notifications_Negative","TESTV2","Negative_Scenario.Notifications_Negative","ArchiveNotifications"
"","665","PoolPointList","ALL API TEST SUITE","2026-05-05","failed","2026-05-05","Negative_Scenario.PoolPoint_Negative","TESTV2","Negative_Scenario.PoolPoint_Negative","PoolPointList"
"","1293","Peformancelist","ALL API TEST SUITE","2026-05-05","failed","2026-05-05","Negative_Scenario.Performance_Negative","TESTV2","Negative_Scenario.Performance_Negative","Peformancelist"
"","593","CompareVessels","ALL API TEST SUITE","2026-05-05","passed","2026-05-05","Negative_Scenario.Compare_Vessels_Negative","TESTV2","Negative_Scenario.Compare_Vessels_Negative","CompareVessels"
"","545","GetMinMaxAvgBySegment","ALL API TEST SUITE","2026-05-05","passed","2026-05-05","Negative_Scenario.Earnings_Negative","TESTV2","Negative_Scenario.Earnings_Negative","GetMinMaxAvgBySegment"
"","589","VesselDetails","ALL API TEST SUITE","2026-05-05","passed","2026-05-05","Negative_Scenario.Vessel_Negative","TESTV2","Negative_Scenario.Vessel_Negative","VesselDetails"
"","3934","HoverDetail","ALL API TEST SUITE","2026-05-05","passed","2026-05-05","Negative_Scenario.Vessel_Negative","TESTV2","Negative_Scenario.Vessel_Negative","HoverDetail"
"","530","FuelEuByMonth","ALL API TEST SUITE","2026-05-05","passed","2026-05-05","Negative_Scenario.FuelEU_Negative","TESTV2","Negative_Scenario.FuelEU_Negative","FuelEuByMonth"
"","462","FilterData","ALL API TEST SUITE","2026-05-05","passed","2026-05-05","Negative_Scenario.Filter_Negative","TESTV2","Negative_Scenario.Filter_Negative","FilterData"
"","644","ManageDashboard","ALL API TEST SUITE","2026-05-05","passed","2026-05-05","Negative_Scenario.Dashboard_Negative","TESTV2","Negative_Scenario.Dashboard_Negative","ManageDashboard"
"","675","VesselonMap","ALL API TEST SUITE","2026-05-05","failed","2026-05-05","Negative_Scenario.GlobalMap_Negative","TESTV2","Negative_Scenario.GlobalMap_Negative","VesselonMap"
"","454","SpeedPercentageExport","ALL API TEST SUITE","2026-05-05","passed","2026-05-05","Negative_Scenario.Performance_Negative","TESTV2","Negative_Scenario.Performance_Negative","SpeedPercentageExport"
"","650","GetEarningsByVessel","ALL API TEST SUITE","2026-05-05","passed","2026-05-05","Negative_Scenario.Earnings_Negative","TESTV2","Negative_Scenario.Earnings_Negative","GetEarningsByVessel"
"","475","SpeedPercentageBucket","ALL API TEST SUITE","2026-05-05","passed","2026-05-05","Negative_Scenario.Performance_Negative","TESTV2","Negative_Scenario.Performance_Negative","SpeedPercentageBucket"
"","782","PoolPointMinMaxAvg","ALL API TEST SUITE","2026-05-05","failed","2026-05-05","Negative_Scenario.PoolPoint_Negative","TESTV2","Negative_Scenario.PoolPoint_Negative","PoolPointMinMaxAvg"
"","481","Segments","ALL API TEST SUITE","2026-05-05","passed","2026-05-05","Negative_Scenario.MarketData_Negative","TESTV2","Negative_Scenario.MarketData_Negative","Segments"
"","1362","SpeedPercentage","ALL API TEST SUITE","2026-05-05","failed","2026-05-05","Negative_Scenario.Performance_Negative","TESTV2","Negative_Scenario.Performance_Negative","SpeedPercentage"
"","473","VesselAllEventSummary","ALL API TEST SUITE","2026-05-05","passed","2026-05-05","Negative_Scenario.Vessel_Negative","TESTV2","Negative_Scenario.Vessel_Negative","VesselAllEventSummary"
"","467","FilterData","ALL API TEST SUITE","2026-05-05","passed","2026-05-05","Negative_Scenario.Filter_Negative","TESTV2","Negative_Scenario.Filter_Negative","FilterData"
"","540","VesselonMap","ALL API TEST SUITE","2026-05-05","passed","2026-05-05","Negative_Scenario.GlobalMap_Negative","TESTV2","Negative_Scenario.GlobalMap_Negative","VesselonMap"
"","3976","MonthlyData","ALL API TEST SUITE","2026-05-05","passed","2026-05-05","Negative_Scenario.Vessel_Negative","TESTV2","Negative_Scenario.Vessel_Negative","MonthlyData"
"","473","SaveNotificationPreference","ALL API TEST SUITE","2026-05-05","passed","2026-05-05","Negative_Scenario.Notifications_Negative","TESTV2","Negative_Scenario.Notifications_Negative","SaveNotificationPreference"
"","486","GetNotification","ALL API TEST SUITE","2026-05-05","passed","2026-05-05","Negative_Scenario.Notifications_Negative","TESTV2","Negative_Scenario.Notifications_Negative","GetNotification"
"","527","EuetsList","ALL API TEST SUITE","2026-05-05","passed","2026-05-05","Negative_Scenario.EUETS_Negative","TESTV2","Negative_Scenario.EUETS_Negative","EuetsList"
"","550","CompareVessels","ALL API TEST SUITE","2026-05-05","passed","2026-05-05","Negative_Scenario.Compare_Vessels_Negative","TESTV2","Negative_Scenario.Compare_Vessels_Negative","CompareVessels"
"","504","EarningsExport","ALL API TEST SUITE","2026-05-05","passed","2026-05-05","Negative_Scenario.Earnings_Negative","TESTV2","Negative_Scenario.Earnings_Negative","EarningsExport"
"","655","GetTop3EarningsByParticipant","ALL API TEST SUITE","2026-05-05","passed","2026-05-05","Negative_Scenario.Earnings_Negative","TESTV2","Negative_Scenario.Earnings_Negative","GetTop3EarningsByParticipant"
"","449","SpeedPercentage","ALL API TEST SUITE","2026-05-05","passed","2026-05-05","Negative_Scenario.Performance_Negative","TESTV2","Negative_Scenario.Performance_Negative","SpeedPercentage"
"","683","NoonReport","ALL API TEST SUITE","2026-05-05","failed","2026-05-05","Negative_Scenario.GlobalMap_Negative","TESTV2","Negative_Scenario.GlobalMap_Negative","NoonReport"
"","470","Earningsdistribution","ALL API TEST SUITE","2026-05-05","passed","2026-05-05","Negative_Scenario.Earnings_Negative","TESTV2","Negative_Scenario.Earnings_Negative","Earningsdistribution"
"","496","VesselPositions","ALL API TEST SUITE","2026-05-05","passed","2026-05-05","Negative_Scenario.MarketData_Negative","TESTV2","Negative_Scenario.MarketData_Negative","VesselPositions"
"","494","VesselOverview","ALL API TEST SUITE","2026-05-05","passed","2026-05-05","Negative_Scenario.Vessel_Negative","TESTV2","Negative_Scenario.Vessel_Negative","VesselOverview"
"","500","EuetsByParticipants","ALL API TEST SUITE","2026-05-05","passed","2026-05-05","Negative_Scenario.EUETS_Negative","TESTV2","Negative_Scenario.EUETS_Negative","EuetsByParticipants"
"","500","PoolPointList","ALL API TEST SUITE","2026-05-05","passed","2026-05-05","Negative_Scenario.PoolPoint_Negative","TESTV2","Negative_Scenario.PoolPoint_Negative","PoolPointList"
"","497","EuetsList","ALL API TEST SUITE","2026-05-05","passed","2026-05-05","Negative_Scenario.EUETS_Negative","TESTV2","Negative_Scenario.EUETS_Negative","EuetsList"
"","498","FuelEuByMonth","ALL API TEST SUITE","2026-05-05","passed","2026-05-05","Negative_Scenario.FuelEU_Negative","TESTV2","Negative_Scenario.FuelEU_Negative","FuelEuByMonth"
"","4945","MonthlyData","ALL API TEST SUITE","2026-05-05","failed","2026-05-05","Negative_Scenario.Vessel_Negative","TESTV2","Negative_Scenario.Vessel_Negative","MonthlyData"
"","457","Peformancelist","ALL API TEST SUITE","2026-05-05","passed","2026-05-05","Negative_Scenario.Performance_Negative","TESTV2","Negative_Scenario.Performance_Negative","Peformancelist"
"","462","GetNotification","ALL API TEST SUITE","2026-05-05","passed","2026-05-05","Negative_Scenario.Notifications_Negative","TESTV2","Negative_Scenario.Notifications_Negative","GetNotification"
"","471","SpeedPercentageBucket","ALL API TEST SUITE","2026-05-05","passed","2026-05-05","Negative_Scenario.Performance_Negative","TESTV2","Negative_Scenario.Performance_Negative","SpeedPercentageBucket"
"","532","GetEarningsByParticipant","ALL API TEST SUITE","2026-05-05","passed","2026-05-05","Negative_Scenario.Earnings_Negative","TESTV2","Negative_Scenario.Earnings_Negative","GetEarningsByParticipant"
"","589","Route","ALL API TEST SUITE","2026-05-05","passed","2026-05-05","Negative_Scenario.GlobalMap_Negative","TESTV2","Negative_Scenario.GlobalMap_Negative","Route"
"","858","SpeedPercentageBucket","ALL API TEST SUITE","2026-05-05","failed","2026-05-05","Negative_Scenario.Performance_Negative","TESTV2","Negative_Scenario.Performance_Negative","SpeedPercentageBucket"
"","488","VesselReport","ALL API TEST SUITE","2026-05-05","passed","2026-05-05","Negative_Scenario.MarketData_Negative","TESTV2","Negative_Scenario.MarketData_Negative","VesselReport"
"","1032","VoyageTracking","ALL API TEST SUITE","2026-05-05","passed","2026-05-05","Negative_Scenario.Vessel_Negative","TESTV2","Negative_Scenario.Vessel_Negative","VoyageTracking"
"","11066","NoonReport","ALL API TEST SUITE","2026-05-05","passed","2026-05-05","Negative_Scenario.GlobalMap_Negative","TESTV2","Negative_Scenario.GlobalMap_Negative","NoonReport"
"","4098","MonthlyData","ALL API TEST SUITE","2026-05-05","passed","2026-05-05","Negative_Scenario.Vessel_Negative","TESTV2","Negative_Scenario.Vessel_Negative","MonthlyData"
"","537","ManageWidget","ALL API TEST SUITE","2026-05-05","failed","2026-05-05","Negative_Scenario.Dashboard_Negative","TESTV2","Negative_Scenario.Dashboard_Negative","ManageWidget"
"","1040","VoyageTracking","ALL API TEST SUITE","2026-05-05","passed","2026-05-05","Negative_Scenario.Vessel_Negative","TESTV2","Negative_Scenario.Vessel_Negative","VoyageTracking"
"","4020","SailingTime","ALL API TEST SUITE","2026-05-05","failed","2026-05-05","Negative_Scenario.Vessel_Negative","TESTV2","Negative_Scenario.Vessel_Negative","SailingTime"
"","519","GetEarningsByYard","ALL API TEST SUITE","2026-05-05","passed","2026-05-05","Negative_Scenario.Earnings_Negative","TESTV2","Negative_Scenario.Earnings_Negative","GetEarningsByYard"
"","4564","VesselVoyages","ALL API TEST SUITE","2026-05-05","passed","2026-05-05","Negative_Scenario.Vessel_Negative","TESTV2","Negative_Scenario.Vessel_Negative","VesselVoyages"
"","512","FuelEuByVessel","ALL API TEST SUITE","2026-05-05","passed","2026-05-05","Negative_Scenario.FuelEU_Negative","TESTV2","Negative_Scenario.FuelEU_Negative","FuelEuByVessel"
"","487","EuetsByParticipants","ALL API TEST SUITE","2026-05-05","passed","2026-05-05","Negative_Scenario.EUETS_Negative","TESTV2","Negative_Scenario.EUETS_Negative","EuetsByParticipants"
"","3354","VesselOverview","ALL API TEST SUITE","2026-05-05","failed","2026-05-05","Negative_Scenario.Vessel_Negative","TESTV2","Negative_Scenario.Vessel_Negative","VesselOverview"
"","531","EuetsByPoolcodes","ALL API TEST SUITE","2026-05-05","passed","2026-05-05","Negative_Scenario.EUETS_Negative","TESTV2","Negative_Scenario.EUETS_Negative","EuetsByPoolcodes"
"","480","BunkerPrice","ALL API TEST SUITE","2026-05-05","passed","2026-05-05","Negative_Scenario.MarketData_Negative","TESTV2","Negative_Scenario.MarketData_Negative","BunkerPrice"
"","548","GetEarningsByYard","ALL API TEST SUITE","2026-05-05","passed","2026-05-05","Negative_Scenario.Earnings_Negative","TESTV2","Negative_Scenario.Earnings_Negative","GetEarningsByYard"
"","453","FuelEuByVessel","ALL API TEST SUITE","2026-05-05","passed","2026-05-05","Negative_Scenario.FuelEU_Negative","TESTV2","Negative_Scenario.FuelEU_Negative","FuelEuByVessel"
"","523","VesselAllEventSummary","ALL API TEST SUITE","2026-05-05","passed","2026-05-05","Negative_Scenario.Vessel_Negative","TESTV2","Negative_Scenario.Vessel_Negative","VesselAllEventSummary"
"","466","FilterData","ALL API TEST SUITE","2026-05-05","passed","2026-05-05","Negative_Scenario.Filter_Negative","TESTV2","Negative_Scenario.Filter_Negative","FilterData"
"","454","PoolEarnings","ALL API TEST SUITE","2026-05-05","passed","2026-05-05","Negative_Scenario.MarketData_Negative","TESTV2","Negative_Scenario.MarketData_Negative","PoolEarnings"
"","507","GetEarningsByVessel","ALL API TEST SUITE","2026-05-05","passed","2026-05-05","Negative_Scenario.Earnings_Negative","TESTV2","Negative_Scenario.Earnings_Negative","GetEarningsByVessel"
"","476","FilterData","ALL API TEST SUITE","2026-05-05","passed","2026-05-05","Negative_Scenario.Filter_Negative","TESTV2","Negative_Scenario.Filter_Negative","FilterData"
"","526","CompareVessels","ALL API TEST SUITE","2026-05-05","passed","2026-05-05","Negative_Scenario.Compare_Vessels_Negative","TESTV2","Negative_Scenario.Compare_Vessels_Negative","CompareVessels"
"","479","PoolPointList","ALL API TEST SUITE","2026-05-05","passed","2026-05-05","Negative_Scenario.PoolPoint_Negative","TESTV2","Negative_Scenario.PoolPoint_Negative","PoolPointList"
"","512","EuetsByPoolcodes","ALL API TEST SUITE","2026-05-05","failed","2026-05-05","Negative_Scenario.EUETS_Negative","TESTV2","Negative_Scenario.EUETS_Negative","EuetsByPoolcodes"
"","760","ManageDashboard","ALL API TEST SUITE","2026-05-05","passed","2026-05-05","Negative_Scenario.Dashboard_Negative","TESTV2","Negative_Scenario.Dashboard_Negative","ManageDashboard"
"","529","ManageWidget","ALL API TEST SUITE","2026-05-05","failed","2026-05-05","Negative_Scenario.Dashboard_Negative","TESTV2","Negative_Scenario.Dashboard_Negative","ManageWidget"
"","3931","HoverDetail","ALL API TEST SUITE","2026-05-05","passed","2026-05-05","Negative_Scenario.Vessel_Negative","TESTV2","Negative_Scenario.Vessel_Negative","HoverDetail"
"","483","PoolPointList","ALL API TEST SUITE","2026-05-05","passed","2026-05-05","Negative_Scenario.PoolPoint_Negative","TESTV2","Negative_Scenario.PoolPoint_Negative","PoolPointList"
"","583","EuetsList","ALL API TEST SUITE","2026-05-05","failed","2026-05-05","Negative_Scenario.EUETS_Negative","TESTV2","Negative_Scenario.EUETS_Negative","EuetsList"
"","939","VesselReport","ALL API TEST SUITE","2026-05-05","passed","2026-05-05","Negative_Scenario.MarketData_Negative","TESTV2","Negative_Scenario.MarketData_Negative","VesselReport"
"","10928","NoonReport","ALL API TEST SUITE","2026-05-05","passed","2026-05-05","Negative_Scenario.GlobalMap_Negative","TESTV2","Negative_Scenario.GlobalMap_Negative","NoonReport"
"","492","Peformancelist","ALL API TEST SUITE","2026-05-05","passed","2026-05-05","Negative_Scenario.Performance_Negative","TESTV2","Negative_Scenario.Performance_Negative","Peformancelist"
"","482","GetEarningsBySegment","ALL API TEST SUITE","2026-05-05","passed","2026-05-05","Negative_Scenario.Earnings_Negative","TESTV2","Negative_Scenario.Earnings_Negative","GetEarningsBySegment"
"","573","GetTop3EarningsByParticipant","ALL API TEST SUITE","2026-05-05","failed","2026-05-05","Negative_Scenario.Earnings_Negative","TESTV2","Negative_Scenario.Earnings_Negative","GetTop3EarningsByParticipant"
"","473","EuetsByParticipants","ALL API TEST SUITE","2026-05-05","passed","2026-05-05","Negative_Scenario.EUETS_Negative","TESTV2","Negative_Scenario.EUETS_Negative","EuetsByParticipants"
"","453","Comments","ALL API TEST SUITE","2026-05-05","passed","2026-05-05","Negative_Scenario.MarketData_Negative","TESTV2","Negative_Scenario.MarketData_Negative","Comments"
"","583","Comments","ALL API TEST SUITE","2026-05-05","passed","2026-05-05","Negative_Scenario.MarketData_Negative","TESTV2","Negative_Scenario.MarketData_Negative","Comments"
"","484","SpeedPercentage","ALL API TEST SUITE","2026-05-05","passed","2026-05-05","Negative_Scenario.Performance_Negative","TESTV2","Negative_Scenario.Performance_Negative","SpeedPercentage"
"","15138","Route","ALL API TEST SUITE","2026-05-05","failed","2026-05-05","Negative_Scenario.GlobalMap_Negative","TESTV2","Negative_Scenario.GlobalMap_Negative","Route"
"","503","VesselEvents","ALL API TEST SUITE","2026-05-05","passed","2026-05-05","Negative_Scenario.Vessel_Negative","TESTV2","Negative_Scenario.Vessel_Negative","VesselEvents"
"","481","GetEarningsByParticipant","ALL API TEST SUITE","2026-05-05","passed","2026-05-05","Negative_Scenario.Earnings_Negative","TESTV2","Negative_Scenario.Earnings_Negative","GetEarningsByParticipant"
"","592","GetTop3EarningsByParticipant","ALL API TEST SUITE","2026-05-05","passed","2026-05-05","Negative_Scenario.Earnings_Negative","TESTV2","Negative_Scenario.Earnings_Negative","GetTop3EarningsByParticipant"
"","509","GetMinMaxAvgBySegment","ALL API TEST SUITE","2026-05-05","passed","2026-05-05","Negative_Scenario.Earnings_Negative","TESTV2","Negative_Scenario.Earnings_Negative","GetMinMaxAvgBySegment"
"","475","SpeedPercentage","ALL API TEST SUITE","2026-05-05","passed","2026-05-05","Negative_Scenario.Performance_Negative","TESTV2","Negative_Scenario.Performance_Negative","SpeedPercentage"
"","703","ManageDashboard","ALL API TEST SUITE","2026-05-05","failed","2026-05-05","Negative_Scenario.Dashboard_Negative","TESTV2","Negative_Scenario.Dashboard_Negative","ManageDashboard"
"","496","FuelEuByVessel","ALL API TEST SUITE","2026-05-05","passed","2026-05-05","Negative_Scenario.FuelEU_Negative","TESTV2","Negative_Scenario.FuelEU_Negative","FuelEuByVessel"
"","506","PoolEarnings","ALL API TEST SUITE","2026-05-05","passed","2026-05-05","Negative_Scenario.MarketData_Negative","TESTV2","Negative_Scenario.MarketData_Negative","PoolEarnings"
"","492","EuetsByPoolcodes","ALL API TEST SUITE","2026-05-05","passed","2026-05-05","Negative_Scenario.EUETS_Negative","TESTV2","Negative_Scenario.EUETS_Negative","EuetsByPoolcodes"
"","501","EuetsByPoolcodes","ALL API TEST SUITE","2026-05-05","failed","2026-05-05","Negative_Scenario.EUETS_Negative","TESTV2","Negative_Scenario.EUETS_Negative","EuetsByPoolcodes"
"","664","ManageDashboard","ALL API TEST SUITE","2026-05-05","passed","2026-05-05","Negative_Scenario.Dashboard_Negative","TESTV2","Negative_Scenario.Dashboard_Negative","ManageDashboard"
"","489","ArchiveNotifications","ALL API TEST SUITE","2026-05-05","passed","2026-05-05","Negative_Scenario.Notifications_Negative","TESTV2","Negative_Scenario.Notifications_Negative","ArchiveNotifications"
"","554","GetMinMaxAvgBySegment","ALL API TEST SUITE","2026-05-05","passed","2026-05-05","Negative_Scenario.Earnings_Negative","TESTV2","Negative_Scenario.Earnings_Negative","GetMinMaxAvgBySegment"
"","554","DashboardRemove","ALL API TEST SUITE","2026-05-05","passed","2026-05-05","Negative_Scenario.Dashboard_Negative","TESTV2","Negative_Scenario.Dashboard_Negative","DashboardRemove"
"","4824","VesselVoyages","ALL API TEST SUITE","2026-05-05","passed","2026-05-05","Negative_Scenario.Vessel_Negative","TESTV2","Negative_Scenario.Vessel_Negative","VesselVoyages"
"","454","GetUserNotificationPreference","ALL API TEST SUITE","2026-05-05","passed","2026-05-05","Negative_Scenario.Notifications_Negative","TESTV2","Negative_Scenario.Notifications_Negative","GetUserNotificationPreference"
"","446","ProjectedRoute","ALL API TEST SUITE","2026-05-05","passed","2026-05-05","Negative_Scenario.GlobalMap_Negative","TESTV2","Negative_Scenario.GlobalMap_Negative","ProjectedRoute"
"","536","Segments","ALL API TEST SUITE","2026-05-05","passed","2026-05-05","Negative_Scenario.MarketData_Negative","TESTV2","Negative_Scenario.MarketData_Negative","Segments"
"","511","VesselDetails","ALL API TEST SUITE","2026-05-05","passed","2026-05-05","Negative_Scenario.Vessel_Negative","TESTV2","Negative_Scenario.Vessel_Negative","VesselDetails"
"","696","GetEarningsBySegment","ALL API TEST SUITE","2026-05-05","failed","2026-05-05","Negative_Scenario.Earnings_Negative","TESTV2","Negative_Scenario.Earnings_Negative","GetEarningsBySegment"
"","518","EuetsByParticipants","ALL API TEST SUITE","2026-05-05","passed","2026-05-05","Negative_Scenario.EUETS_Negative","TESTV2","Negative_Scenario.EUETS_Negative","EuetsByParticipants"
"","3890","MonthlyData","ALL API TEST SUITE","2026-05-05","passed","2026-05-05","Negative_Scenario.Vessel_Negative","TESTV2","Negative_Scenario.Vessel_Negative","MonthlyData"
"","665","FuelEuByVessel","ALL API TEST SUITE","2026-05-05","passed","2026-05-05","Negative_Scenario.FuelEU_Negative","TESTV2","Negative_Scenario.FuelEU_Negative","FuelEuByVessel"
"","2802","Savenotifications","ALL API TEST SUITE","2026-05-05","failed","2026-05-05","Negative_Scenario.Notifications_Negative","TESTV2","Negative_Scenario.Notifications_Negative","Savenotifications"
"","496","Segments","ALL API TEST SUITE","2026-05-05","passed","2026-05-05","Negative_Scenario.MarketData_Negative","TESTV2","Negative_Scenario.MarketData_Negative","Segments"
"","470","EuetsByPoolcodes","ALL API TEST SUITE","2026-05-05","passed","2026-05-05","Negative_Scenario.EUETS_Negative","TESTV2","Negative_Scenario.EUETS_Negative","EuetsByPoolcodes"
"","563","FuelEuByMonth","ALL API TEST SUITE","2026-05-05","passed","2026-05-05","Negative_Scenario.FuelEU_Negative","TESTV2","Negative_Scenario.FuelEU_Negative","FuelEuByMonth"
"","535","GetEarningsBySegment","ALL API TEST SUITE","2026-05-05","passed","2026-05-05","Negative_Scenario.Earnings_Negative","TESTV2","Negative_Scenario.Earnings_Negative","GetEarningsBySegment"
"","508","PoolPointMinMaxAvg","ALL API TEST SUITE","2026-05-05","passed","2026-05-05","Negative_Scenario.PoolPoint_Negative","TESTV2","Negative_Scenario.PoolPoint_Negative","PoolPointMinMaxAvg"
"","523","MarketReportFile","ALL API TEST SUITE","2026-05-05","failed","2026-05-05","Negative_Scenario.PoolDocuments_Negative","TESTV2","Negative_Scenario.PoolDocuments_Negative","MarketReportFile"
"","613","Route","ALL API TEST SUITE","2026-05-05","passed","2026-05-05","Negative_Scenario.GlobalMap_Negative","TESTV2","Negative_Scenario.GlobalMap_Negative","Route"
"","549","Peformancelist","ALL API TEST SUITE","2026-05-05","passed","2026-05-05","Negative_Scenario.Performance_Negative","TESTV2","Negative_Scenario.Performance_Negative","Peformancelist"
"","451","Peformancelist","ALL API TEST SUITE","2026-05-05","passed","2026-05-05","Negative_Scenario.Performance_Negative","TESTV2","Negative_Scenario.Performance_Negative","Peformancelist"
"","530","FuelEuByMonth","ALL API TEST SUITE","2026-05-05","passed","2026-05-05","Negative_Scenario.FuelEU_Negative","TESTV2","Negative_Scenario.FuelEU_Negative","FuelEuByMonth"
"","505","GetTop3EarningsByParticipant","ALL API TEST SUITE","2026-05-05","passed","2026-05-05","Negative_Scenario.Earnings_Negative","TESTV2","Negative_Scenario.Earnings_Negative","GetTop3EarningsByParticipant"
"","514","GetEarningsByYard","ALL API TEST SUITE","2026-05-05","passed","2026-05-05","Negative_Scenario.Earnings_Negative","TESTV2","Negative_Scenario.Earnings_Negative","GetEarningsByYard"
"","569","Comments","ALL API TEST SUITE","2026-05-05","passed","2026-05-05","Negative_Scenario.MarketData_Negative","TESTV2","Negative_Scenario.MarketData_Negative","Comments"
"","517","GetEarningsByVessel","ALL API TEST SUITE","2026-05-05","passed","2026-05-05","Negative_Scenario.Earnings_Negative","TESTV2","Negative_Scenario.Earnings_Negative","GetEarningsByVessel"
"","668","ManageDashboard","ALL API TEST SUITE","2026-05-05","failed","2026-05-05","Negative_Scenario.Dashboard_Negative","TESTV2","Negative_Scenario.Dashboard_Negative","ManageDashboard"
"","544","GetEarningsByParticipant","ALL API TEST SUITE","2026-05-05","passed","2026-05-05","Negative_Scenario.Earnings_Negative","TESTV2","Negative_Scenario.Earnings_Negative","GetEarningsByParticipant"
"","508","EuetsByParticipants","ALL API TEST SUITE","2026-05-05","passed","2026-05-05","Negative_Scenario.EUETS_Negative","TESTV2","Negative_Scenario.EUETS_Negative","EuetsByParticipants"
"","596","VesselReport","ALL API TEST SUITE","2026-05-05","passed","2026-05-05","Negative_Scenario.MarketData_Negative","TESTV2","Negative_Scenario.MarketData_Negative","VesselReport"
"","488","SpeedPercentageExport","ALL API TEST SUITE","2026-05-05","passed","2026-05-05","Negative_Scenario.Performance_Negative","TESTV2","Negative_Scenario.Performance_Negative","SpeedPercentageExport"
"","450","FilterData","ALL API TEST SUITE","2026-05-05","passed","2026-05-05","Negative_Scenario.Filter_Negative","TESTV2","Negative_Scenario.Filter_Negative","FilterData"
"","495","PoolPointList","ALL API TEST SUITE","2026-05-05","passed","2026-05-05","Negative_Scenario.PoolPoint_Negative","TESTV2","Negative_Scenario.PoolPoint_Negative","PoolPointList"
"","512","EuetsByPoolcodes","ALL API TEST SUITE","2026-05-05","passed","2026-05-05","Negative_Scenario.EUETS_Negative","TESTV2","Negative_Scenario.EUETS_Negative","EuetsByPoolcodes"
"","569","GetEarningsByParticipant","ALL API TEST SUITE","2026-05-05","passed","2026-05-05","Negative_Scenario.Earnings_Negative","TESTV2","Negative_Scenario.Earnings_Negative","GetEarningsByParticipant"
"","523","ManageWidget","ALL API TEST SUITE","2026-05-05","failed","2026-05-05","Negative_Scenario.Dashboard_Negative","TESTV2","Negative_Scenario.Dashboard_Negative","ManageWidget"
"","3945","SailingTime","ALL API TEST SUITE","2026-05-05","passed","2026-05-05","Negative_Scenario.Vessel_Negative","TESTV2","Negative_Scenario.Vessel_Negative","SailingTime"
"","454","VesselAllEventSummary","ALL API TEST SUITE","2026-05-05","passed","2026-05-05","Negative_Scenario.Vessel_Negative","TESTV2","Negative_Scenario.Vessel_Negative","VesselAllEventSummary"
"","546","GetEarningsByParticipant","ALL API TEST SUITE","2026-05-05","passed","2026-05-05","Negative_Scenario.Earnings_Negative","TESTV2","Negative_Scenario.Earnings_Negative","GetEarningsByParticipant"
"","505","FuelEuByMonth","ALL API TEST SUITE","2026-05-05","passed","2026-05-05","Negative_Scenario.FuelEU_Negative","TESTV2","Negative_Scenario.FuelEU_Negative","FuelEuByMonth"
"","480","EarningsExport","ALL API TEST SUITE","2026-05-05","passed","2026-05-05","Negative_Scenario.Earnings_Negative","TESTV2","Negative_Scenario.Earnings_Negative","EarningsExport"
"","499","GetEarningsByParticipant","ALL API TEST SUITE","2026-05-05","passed","2026-05-05","Negative_Scenario.Earnings_Negative","TESTV2","Negative_Scenario.Earnings_Negative","GetEarningsByParticipant"
"","522","GetEarningsByYard","ALL API TEST SUITE","2026-05-05","passed","2026-05-05","Negative_Scenario.Earnings_Negative","TESTV2","Negative_Scenario.Earnings_Negative","GetEarningsByYard"
"","500","GetEarningsByVessel","ALL API TEST SUITE","2026-05-05","passed","2026-05-05","Negative_Scenario.Earnings_Negative","TESTV2","Negative_Scenario.Earnings_Negative","GetEarningsByVessel"
"","538","SpeedPercentageExport","ALL API TEST SUITE","2026-05-05","passed","2026-05-05","Negative_Scenario.Performance_Negative","TESTV2","Negative_Scenario.Performance_Negative","SpeedPercentageExport"
"","784","FuelEuByMonth","ALL API TEST SUITE","2026-05-05","passed","2026-05-05","Negative_Scenario.FuelEU_Negative","TESTV2","Negative_Scenario.FuelEU_Negative","FuelEuByMonth"
"","465","VesselPositions","ALL API TEST SUITE","2026-05-05","passed","2026-05-05","Negative_Scenario.MarketData_Negative","TESTV2","Negative_Scenario.MarketData_Negative","VesselPositions"
"","4597","VesselVoyages","ALL API TEST SUITE","2026-05-05","passed","2026-05-05","Negative_Scenario.Vessel_Negative","TESTV2","Negative_Scenario.Vessel_Negative","VesselVoyages"
"","3973","SailingTime","ALL API TEST SUITE","2026-05-05","passed","2026-05-05","Negative_Scenario.Vessel_Negative","TESTV2","Negative_Scenario.Vessel_Negative","SailingTime"
"","454","ReadUnreadNotifications","ALL API TEST SUITE","2026-05-05","passed","2026-05-05","Negative_Scenario.Notifications_Negative","TESTV2","Negative_Scenario.Notifications_Negative","ReadUnreadNotifications"
"","443","ArchiveNotifications","ALL API TEST SUITE","2026-05-05","passed","2026-05-05","Negative_Scenario.Notifications_Negative","TESTV2","Negative_Scenario.Notifications_Negative","ArchiveNotifications"
"","1001","VesselOverview","ALL API TEST SUITE","2026-05-05","failed","2026-05-05","Negative_Scenario.Vessel_Negative","TESTV2","Negative_Scenario.Vessel_Negative","VesselOverview"
"","477","PoolPointList","ALL API TEST SUITE","2026-05-05","passed","2026-05-05","Negative_Scenario.PoolPoint_Negative","TESTV2","Negative_Scenario.PoolPoint_Negative","PoolPointList"
"","717","VesselDetails","ALL API TEST SUITE","2026-05-05","passed","2026-05-05","Negative_Scenario.Vessel_Negative","TESTV2","Negative_Scenario.Vessel_Negative","VesselDetails"
"","491","PoolPointList","ALL API TEST SUITE","2026-05-05","passed","2026-05-05","Negative_Scenario.PoolPoint_Negative","TESTV2","Negative_Scenario.PoolPoint_Negative","PoolPointList"
"","605","FuelEuByMonth","ALL API TEST SUITE","2026-05-05","passed","2026-05-05","Negative_Scenario.FuelEU_Negative","TESTV2","Negative_Scenario.FuelEU_Negative","FuelEuByMonth"
"","532","GetEarningsBySegment","ALL API TEST SUITE","2026-05-05","passed","2026-05-05","Negative_Scenario.Earnings_Negative","TESTV2","Negative_Scenario.Earnings_Negative","GetEarningsBySegment"
"","482","GetMinMaxAvgBySegment","ALL API TEST SUITE","2026-05-05","passed","2026-05-05","Negative_Scenario.Earnings_Negative","TESTV2","Negative_Scenario.Earnings_Negative","GetMinMaxAvgBySegment"
"","497","Earningsdistribution","ALL API TEST SUITE","2026-05-05","passed","2026-05-05","Negative_Scenario.Earnings_Negative","TESTV2","Negative_Scenario.Earnings_Negative","Earningsdistribution"
"","996","VesselReport","ALL API TEST SUITE","2026-05-05","passed","2026-05-05","Negative_Scenario.MarketData_Negative","TESTV2","Negative_Scenario.MarketData_Negative","VesselReport"
"","545","Route","ALL API TEST SUITE","2026-05-05","passed","2026-05-05","Negative_Scenario.GlobalMap_Negative","TESTV2","Negative_Scenario.GlobalMap_Negative","Route"
"","997","VoyageTracking","ALL API TEST SUITE","2026-05-05","passed","2026-05-05","Negative_Scenario.Vessel_Negative","TESTV2","Negative_Scenario.Vessel_Negative","VoyageTracking"
"","550","CompareVessels","ALL API TEST SUITE","2026-05-05","passed","2026-05-05","Negative_Scenario.Compare_Vessels_Negative","TESTV2","Negative_Scenario.Compare_Vessels_Negative","CompareVessels"
"","487","MapFilter","ALL API TEST SUITE","2026-05-05","passed","2026-05-05","Negative_Scenario.Filter_Negative","TESTV2","Negative_Scenario.Filter_Negative","MapFilter"
"","470","VesselEvents","ALL API TEST SUITE","2026-05-05","passed","2026-05-05","Negative_Scenario.Vessel_Negative","TESTV2","Negative_Scenario.Vessel_Negative","VesselEvents"
"","462","GetNotification","ALL API TEST SUITE","2026-05-05","passed","2026-05-05","Negative_Scenario.Notifications_Negative","TESTV2","Negative_Scenario.Notifications_Negative","GetNotification"
"","3888","HoverDetail","ALL API TEST SUITE","2026-05-05","passed","2026-05-05","Negative_Scenario.Vessel_Negative","TESTV2","Negative_Scenario.Vessel_Negative","HoverDetail"
"","521","PoolPointList","ALL API TEST SUITE","2026-05-05","passed","2026-05-05","Negative_Scenario.PoolPoint_Negative","TESTV2","Negative_Scenario.PoolPoint_Negative","PoolPointList"
"","516","VesselEvents","ALL API TEST SUITE","2026-05-05","passed","2026-05-05","Negative_Scenario.Vessel_Negative","TESTV2","Negative_Scenario.Vessel_Negative","VesselEvents"
"","15139","Route","ALL API TEST SUITE","2026-05-05","failed","2026-05-05","Negative_Scenario.GlobalMap_Negative","TESTV2","Negative_Scenario.GlobalMap_Negative","Route"
"","567","CompareVessels","ALL API TEST SUITE","2026-05-05","passed","2026-05-05","Negative_Scenario.Compare_Vessels_Negative","TESTV2","Negative_Scenario.Compare_Vessels_Negative","CompareVessels"
"","483","SpeedPercentage","ALL API TEST SUITE","2026-05-05","passed","2026-05-05","Negative_Scenario.Performance_Negative","TESTV2","Negative_Scenario.Performance_Negative","SpeedPercentage"
"","451","MarketReportFile","ALL API TEST SUITE","2026-05-05","passed","2026-05-05","Negative_Scenario.PoolDocuments_Negative","TESTV2","Negative_Scenario.PoolDocuments_Negative","MarketReportFile"
"","536","SpeedPercentage","ALL API TEST SUITE","2026-05-05","passed","2026-05-05","Negative_Scenario.Performance_Negative","TESTV2","Negative_Scenario.Performance_Negative","SpeedPercentage"
"","519","Segments","ALL API TEST SUITE","2026-05-05","passed","2026-05-05","Negative_Scenario.MarketData_Negative","TESTV2","Negative_Scenario.MarketData_Negative","Segments"
"","625","ManageDashboard","ALL API TEST SUITE","2026-05-05","passed","2026-05-05","Negative_Scenario.Dashboard_Negative","TESTV2","Negative_Scenario.Dashboard_Negative","ManageDashboard"
"","496","SpeedPercentageBucket","ALL API TEST SUITE","2026-05-05","passed","2026-05-05","Negative_Scenario.Performance_Negative","TESTV2","Negative_Scenario.Performance_Negative","SpeedPercentageBucket"
"","493","SpeedPercentageExport","ALL API TEST SUITE","2026-05-05","passed","2026-05-05","Negative_Scenario.Performance_Negative","TESTV2","Negative_Scenario.Performance_Negative","SpeedPercentageExport"
"","514","EuetsList","ALL API TEST SUITE","2026-05-05","passed","2026-05-05","Negative_Scenario.EUETS_Negative","TESTV2","Negative_Scenario.EUETS_Negative","EuetsList"
"","973","ProjectedRoute","ALL API TEST SUITE","2026-05-05","passed","2026-05-05","Negative_Scenario.GlobalMap_Negative","TESTV2","Negative_Scenario.GlobalMap_Negative","ProjectedRoute"
"","502","EuetsByParticipants","ALL API TEST SUITE","2026-05-05","passed","2026-05-05","Negative_Scenario.EUETS_Negative","TESTV2","Negative_Scenario.EUETS_Negative","EuetsByParticipants"
"","4273","HoverDetail","ALL API TEST SUITE","2026-05-05","passed","2026-05-05","Negative_Scenario.Vessel_Negative","TESTV2","Negative_Scenario.Vessel_Negative","HoverDetail"
"","959","VesselReport","ALL API TEST SUITE","2026-05-05","passed","2026-05-05","Negative_Scenario.MarketData_Negative","TESTV2","Negative_Scenario.MarketData_Negative","VesselReport"
"","465","SpeedPercentageBucket","ALL API TEST SUITE","2026-05-05","passed","2026-05-05","Negative_Scenario.Performance_Negative","TESTV2","Negative_Scenario.Performance_Negative","SpeedPercentageBucket"
"","619","VesselAllEventSummary","ALL API TEST SUITE","2026-05-05","passed","2026-05-05","Negative_Scenario.Vessel_Negative","TESTV2","Negative_Scenario.Vessel_Negative","VesselAllEventSummary"
"","465","GetNotification","ALL API TEST SUITE","2026-05-05","passed","2026-05-05","Negative_Scenario.Notifications_Negative","TESTV2","Negative_Scenario.Notifications_Negative","GetNotification"
"","581","SpeedPercentageExport","ALL API TEST SUITE","2026-05-05","failed","2026-05-05","Negative_Scenario.Performance_Negative","TESTV2","Negative_Scenario.Performance_Negative","SpeedPercentageExport"
"","549","GetEarningsBySegment","ALL API TEST SUITE","2026-05-05","passed","2026-05-05","Negative_Scenario.Earnings_Negative","TESTV2","Negative_Scenario.Earnings_Negative","GetEarningsBySegment"
"","593","MarketReportFile","ALL API TEST SUITE","2026-05-05","failed","2026-05-05","Negative_Scenario.PoolDocuments_Negative","TESTV2","Negative_Scenario.PoolDocuments_Negative","MarketReportFile"
"","478","GetTop3EarningsByParticipant","ALL API TEST SUITE","2026-05-05","passed","2026-05-05","Negative_Scenario.Earnings_Negative","TESTV2","Negative_Scenario.Earnings_Negative","GetTop3EarningsByParticipant"
"","493","FuelEuByVessel","ALL API TEST SUITE","2026-05-05","passed","2026-05-05","Negative_Scenario.FuelEU_Negative","TESTV2","Negative_Scenario.FuelEU_Negative","FuelEuByVessel"
"","443","ReadUnreadNotifications","ALL API TEST SUITE","2026-05-05","passed","2026-05-05","Negative_Scenario.Notifications_Negative","TESTV2","Negative_Scenario.Notifications_Negative","ReadUnreadNotifications"
"","441","Savenotifications","ALL API TEST SUITE","2026-05-05","passed","2026-05-05","Negative_Scenario.Notifications_Negative","TESTV2","Negative_Scenario.Notifications_Negative","Savenotifications"
"","470","MarketReportFile","ALL API TEST SUITE","2026-05-05","passed","2026-05-05","Negative_Scenario.PoolDocuments_Negative","TESTV2","Negative_Scenario.PoolDocuments_Negative","MarketReportFile"
"","585","SpeedPercentageBucket","ALL API TEST SUITE","2026-05-05","failed","2026-05-05","Negative_Scenario.Performance_Negative","TESTV2","Negative_Scenario.Performance_Negative","SpeedPercentageBucket"
"","509","GetEarningsByVessel","ALL API TEST SUITE","2026-05-05","passed","2026-05-05","Negative_Scenario.Earnings_Negative","TESTV2","Negative_Scenario.Earnings_Negative","GetEarningsByVessel"
"","551","ProjectedRoute","ALL API TEST SUITE","2026-05-05","passed","2026-05-05","Negative_Scenario.GlobalMap_Negative","TESTV2","Negative_Scenario.GlobalMap_Negative","ProjectedRoute"
"","499","GetEarningsByVessel","ALL API TEST SUITE","2026-05-05","passed","2026-05-05","Negative_Scenario.Earnings_Negative","TESTV2","Negative_Scenario.Earnings_Negative","GetEarningsByVessel"
"","473","PoolPointList","ALL API TEST SUITE","2026-05-05","passed","2026-05-05","Negative_Scenario.PoolPoint_Negative","TESTV2","Negative_Scenario.PoolPoint_Negative","PoolPointList"
"","523","GetEarningsBySegment","ALL API TEST SUITE","2026-05-05","failed","2026-05-05","Negative_Scenario.Earnings_Negative","TESTV2","Negative_Scenario.Earnings_Negative","GetEarningsBySegment"
"","542","VesselonMap","ALL API TEST SUITE","2026-05-05","passed","2026-05-05","Negative_Scenario.GlobalMap_Negative","TESTV2","Negative_Scenario.GlobalMap_Negative","VesselonMap"
"","647","SpeedPercentageExport","ALL API TEST SUITE","2026-05-05","failed","2026-05-05","Negative_Scenario.Performance_Negative","TESTV2","Negative_Scenario.Performance_Negative","SpeedPercentageExport"
"","561","GetEarningsByVessel","ALL API TEST SUITE","2026-05-05","failed","2026-05-05","Negative_Scenario.Earnings_Negative","TESTV2","Negative_Scenario.Earnings_Negative","GetEarningsByVessel"
"","477","PoolPointList","ALL API TEST SUITE","2026-05-05","passed","2026-05-05","Negative_Scenario.PoolPoint_Negative","TESTV2","Negative_Scenario.PoolPoint_Negative","PoolPointList"
"","685","FuelEuByMonth","ALL API TEST SUITE","2026-05-05","passed","2026-05-05","Negative_Scenario.FuelEU_Negative","TESTV2","Negative_Scenario.FuelEU_Negative","FuelEuByMonth"
"","469","ArchiveNotifications","ALL API TEST SUITE","2026-05-05","passed","2026-05-05","Negative_Scenario.Notifications_Negative","TESTV2","Negative_Scenario.Notifications_Negative","ArchiveNotifications"
"","501","FuelEuByVessel","ALL API TEST SUITE","2026-05-05","passed","2026-05-05","Negative_Scenario.FuelEU_Negative","TESTV2","Negative_Scenario.FuelEU_Negative","FuelEuByVessel"
"","500","EarningsExport","ALL API TEST SUITE","2026-05-05","passed","2026-05-05","Negative_Scenario.Earnings_Negative","TESTV2","Negative_Scenario.Earnings_Negative","EarningsExport"
"","1050","EuetsByParticipants","ALL API TEST SUITE","2026-05-05","failed","2026-05-05","Negative_Scenario.EUETS_Negative","TESTV2","Negative_Scenario.EUETS_Negative","EuetsByParticipants"
"","486","SpeedPercentageBucket","ALL API TEST SUITE","2026-05-05","passed","2026-05-05","Negative_Scenario.Performance_Negative","TESTV2","Negative_Scenario.Performance_Negative","SpeedPercentageBucket"
"","465","EarningsExport","ALL API TEST SUITE","2026-05-05","passed","2026-05-05","Negative_Scenario.Earnings_Negative","TESTV2","Negative_Scenario.Earnings_Negative","EarningsExport"
"","530","CompareVessels","ALL API TEST SUITE","2026-05-05","passed","2026-05-05","Negative_Scenario.Compare_Vessels_Negative","TESTV2","Negative_Scenario.Compare_Vessels_Negative","CompareVessels"
"","592","GetEarningsByVessel","ALL API TEST SUITE","2026-05-05","passed","2026-05-05","Negative_Scenario.Earnings_Negative","TESTV2","Negative_Scenario.Earnings_Negative","GetEarningsByVessel"
"","522","EuetsList","ALL API TEST SUITE","2026-05-05","passed","2026-05-05","Negative_Scenario.EUETS_Negative","TESTV2","Negative_Scenario.EUETS_Negative","EuetsList"
"","478","FilterData","ALL API TEST SUITE","2026-05-05","passed","2026-05-05","Negative_Scenario.Filter_Negative","TESTV2","Negative_Scenario.Filter_Negative","FilterData"
"","6784","VesselOverview","ALL API TEST SUITE","2026-05-05","failed","2026-05-05","Negative_Scenario.Vessel_Negative","TESTV2","Negative_Scenario.Vessel_Negative","VesselOverview"
"","484","EarningsExport","ALL API TEST SUITE","2026-05-05","passed","2026-05-05","Negative_Scenario.Earnings_Negative","TESTV2","Negative_Scenario.Earnings_Negative","EarningsExport"
"","474","SpeedPercentageExport","ALL API TEST SUITE","2026-05-05","passed","2026-05-05","Negative_Scenario.Performance_Negative","TESTV2","Negative_Scenario.Performance_Negative","SpeedPercentageExport"
"","4011","SailingTime","ALL API TEST SUITE","2026-05-05","passed","2026-05-05","Negative_Scenario.Vessel_Negative","TESTV2","Negative_Scenario.Vessel_Negative","SailingTime"
"","496","GetEarningsBySegment","ALL API TEST SUITE","2026-05-05","passed","2026-05-05","Negative_Scenario.Earnings_Negative","TESTV2","Negative_Scenario.Earnings_Negative","GetEarningsBySegment"
"","474","VesselPositions","ALL API TEST SUITE","2026-05-05","passed","2026-05-05","Negative_Scenario.MarketData_Negative","TESTV2","Negative_Scenario.MarketData_Negative","VesselPositions"
"","464","SpeedPercentage","ALL API TEST SUITE","2026-05-05","passed","2026-05-05","Negative_Scenario.Performance_Negative","TESTV2","Negative_Scenario.Performance_Negative","SpeedPercentage"
"","503","MarketReportFile","ALL API TEST SUITE","2026-05-05","passed","2026-05-05","Negative_Scenario.PoolDocuments_Negative","TESTV2","Negative_Scenario.PoolDocuments_Negative","MarketReportFile"
"","517","GetEarningsBySegment","ALL API TEST SUITE","2026-05-05","passed","2026-05-05","Negative_Scenario.Earnings_Negative","TESTV2","Negative_Scenario.Earnings_Negative","GetEarningsBySegment"
"","507","Peformancelist","ALL API TEST SUITE","2026-05-05","passed","2026-05-05","Negative_Scenario.Performance_Negative","TESTV2","Negative_Scenario.Performance_Negative","Peformancelist"
"","539","EuetsByPoolcodes","ALL API TEST SUITE","2026-05-05","passed","2026-05-05","Negative_Scenario.EUETS_Negative","TESTV2","Negative_Scenario.EUETS_Negative","EuetsByPoolcodes"
"","1383","Peformancelist","ALL API TEST SUITE","2026-05-05","failed","2026-05-05","Negative_Scenario.Performance_Negative","TESTV2","Negative_Scenario.Performance_Negative","Peformancelist"
"","540","EarningsExport","ALL API TEST SUITE","2026-05-05","passed","2026-05-05","Negative_Scenario.Earnings_Negative","TESTV2","Negative_Scenario.Earnings_Negative","EarningsExport"
"","3956","MonthlyData","ALL API TEST SUITE","2026-05-05","passed","2026-05-05","Negative_Scenario.Vessel_Negative","TESTV2","Negative_Scenario.Vessel_Negative","MonthlyData"
"","1422","VesselOverview","ALL API TEST SUITE","2026-05-05","failed","2026-05-05","Negative_Scenario.Vessel_Negative","TESTV2","Negative_Scenario.Vessel_Negative","VesselOverview"
"","519","FuelEuByVessel","ALL API TEST SUITE","2026-05-05","passed","2026-05-05","Negative_Scenario.FuelEU_Negative","TESTV2","Negative_Scenario.FuelEU_Negative","FuelEuByVessel"
"","536","GetEarningsByYard","ALL API TEST SUITE","2026-05-05","passed","2026-05-05","Negative_Scenario.Earnings_Negative","TESTV2","Negative_Scenario.Earnings_Negative","GetEarningsByYard"
"","599","PoolPointMinMaxAvg","ALL API TEST SUITE","2026-05-05","passed","2026-05-05","Negative_Scenario.PoolPoint_Negative","TESTV2","Negative_Scenario.PoolPoint_Negative","PoolPointMinMaxAvg"
"","482","EuetsByParticipants","ALL API TEST SUITE","2026-05-05","passed","2026-05-05","Negative_Scenario.EUETS_Negative","TESTV2","Negative_Scenario.EUETS_Negative","EuetsByParticipants"
"","477","GetEarningsByVessel","ALL API TEST SUITE","2026-05-05","passed","2026-05-05","Negative_Scenario.Earnings_Negative","TESTV2","Negative_Scenario.Earnings_Negative","GetEarningsByVessel"
"","488","FuelEuByVessel","ALL API TEST SUITE","2026-05-05","passed","2026-05-05","Negative_Scenario.FuelEU_Negative","TESTV2","Negative_Scenario.FuelEU_Negative","FuelEuByVessel"
"","487","ManageWidget","ALL API TEST SUITE","2026-05-05","failed","2026-05-05","Negative_Scenario.Dashboard_Negative","TESTV2","Negative_Scenario.Dashboard_Negative","ManageWidget"
"","508","GetTop3EarningsByParticipant","ALL API TEST SUITE","2026-05-05","passed","2026-05-05","Negative_Scenario.Earnings_Negative","TESTV2","Negative_Scenario.Earnings_Negative","GetTop3EarningsByParticipant"
"","511","FilterData","ALL API TEST SUITE","2026-05-05","passed","2026-05-05","Negative_Scenario.Filter_Negative","TESTV2","Negative_Scenario.Filter_Negative","FilterData"
"","566","VesselonMap","ALL API TEST SUITE","2026-05-05","passed","2026-05-05","Negative_Scenario.GlobalMap_Negative","TESTV2","Negative_Scenario.GlobalMap_Negative","VesselonMap"
"","503","FuelEuByMonth","ALL API TEST SUITE","2026-05-05","passed","2026-05-05","Negative_Scenario.FuelEU_Negative","TESTV2","Negative_Scenario.FuelEU_Negative","FuelEuByMonth"
"","586","Route","ALL API TEST SUITE","2026-05-05","passed","2026-05-05","Negative_Scenario.GlobalMap_Negative","TESTV2","Negative_Scenario.GlobalMap_Negative","Route"
"","490","GetTop3EarningsByParticipant","ALL API TEST SUITE","2026-05-05","passed","2026-05-05","Negative_Scenario.Earnings_Negative","TESTV2","Negative_Scenario.Earnings_Negative","GetTop3EarningsByParticipant"
"","586","GetEarningsByYard","ALL API TEST SUITE","2026-05-05","failed","2026-05-05","Negative_Scenario.Earnings_Negative","TESTV2","Negative_Scenario.Earnings_Negative","GetEarningsByYard"
"","452","VesselAllEventSummary","ALL API TEST SUITE","2026-05-05","passed","2026-05-05","Negative_Scenario.Vessel_Negative","TESTV2","Negative_Scenario.Vessel_Negative","VesselAllEventSummary"
"","448","ReadUnreadNotifications","ALL API TEST SUITE","2026-05-05","passed","2026-05-05","Negative_Scenario.Notifications_Negative","TESTV2","Negative_Scenario.Notifications_Negative","ReadUnreadNotifications"
"","1884","EarningsExport","ALL API TEST SUITE","2026-05-05","failed","2026-05-05","Negative_Scenario.Earnings_Negative","TESTV2","Negative_Scenario.Earnings_Negative","EarningsExport"
"","518","ManageWidget","ALL API TEST SUITE","2026-05-05","passed","2026-05-05","Negative_Scenario.Dashboard_Negative","TESTV2","Negative_Scenario.Dashboard_Negative","ManageWidget"
"","476","VesselReport","ALL API TEST SUITE","2026-05-05","passed","2026-05-05","Negative_Scenario.MarketData_Negative","TESTV2","Negative_Scenario.MarketData_Negative","VesselReport"
"","460","PoolindexFilter","ALL API TEST SUITE","2026-05-05","passed","2026-05-05","Negative_Scenario.Filter_Negative","TESTV2","Negative_Scenario.Filter_Negative","PoolindexFilter"
"","465","SpeedPercentageBucket","ALL API TEST SUITE","2026-05-05","passed","2026-05-05","Negative_Scenario.Performance_Negative","TESTV2","Negative_Scenario.Performance_Negative","SpeedPercentageBucket"
"","482","PoolPointMinMaxAvg","ALL API TEST SUITE","2026-05-05","passed","2026-05-05","Negative_Scenario.PoolPoint_Negative","TESTV2","Negative_Scenario.PoolPoint_Negative","PoolPointMinMaxAvg"
"","544","GetNotification","ALL API TEST SUITE","2026-05-05","failed","2026-05-05","Negative_Scenario.Notifications_Negative","TESTV2","Negative_Scenario.Notifications_Negative","GetNotification"
"","573","SpeedPercentage","ALL API TEST SUITE","2026-05-05","failed","2026-05-05","Negative_Scenario.Performance_Negative","TESTV2","Negative_Scenario.Performance_Negative","SpeedPercentage"
"","971","MarketReport","ALL API TEST SUITE","2026-05-05","passed","2026-05-05","Negative_Scenario.MarketData_Negative","TESTV2","Negative_Scenario.MarketData_Negative","MarketReport"
"","3902","MonthlyData","ALL API TEST SUITE","2026-05-05","passed","2026-05-05","Negative_Scenario.Vessel_Negative","TESTV2","Negative_Scenario.Vessel_Negative","MonthlyData"
"","474","Earningsdistribution","ALL API TEST SUITE","2026-05-05","passed","2026-05-05","Negative_Scenario.Earnings_Negative","TESTV2","Negative_Scenario.Earnings_Negative","Earningsdistribution"
"","614","PoolindexFilter","ALL API TEST SUITE","2026-05-05","failed","2026-05-05","Negative_Scenario.Filter_Negative","TESTV2","Negative_Scenario.Filter_Negative","PoolindexFilter"
"","479","SpeedPercentage","ALL API TEST SUITE","2026-05-05","passed","2026-05-05","Negative_Scenario.Performance_Negative","TESTV2","Negative_Scenario.Performance_Negative","SpeedPercentage"
"","464","UnreadNotificationCount","ALL API TEST SUITE","2026-05-05","failed","2026-05-05","Negative_Scenario.Notifications_Negative","TESTV2","Negative_Scenario.Notifications_Negative","UnreadNotificationCount"
"","482","PoolPointList","ALL API TEST SUITE","2026-05-05","passed","2026-05-05","Negative_Scenario.PoolPoint_Negative","TESTV2","Negative_Scenario.PoolPoint_Negative","PoolPointList"
"","463","EuetsByPoolcodes","ALL API TEST SUITE","2026-05-05","passed","2026-05-05","Negative_Scenario.EUETS_Negative","TESTV2","Negative_Scenario.EUETS_Negative","EuetsByPoolcodes"
"","558","GetEarningsByYard","ALL API TEST SUITE","2026-05-05","passed","2026-05-05","Negative_Scenario.Earnings_Negative","TESTV2","Negative_Scenario.Earnings_Negative","GetEarningsByYard"
"","486","GetTop3EarningsByParticipant","ALL API TEST SUITE","2026-05-05","passed","2026-05-05","Negative_Scenario.Earnings_Negative","TESTV2","Negative_Scenario.Earnings_Negative","GetTop3EarningsByParticipant"
"","485","FilterData","ALL API TEST SUITE","2026-05-05","passed","2026-05-05","Negative_Scenario.Filter_Negative","TESTV2","Negative_Scenario.Filter_Negative","FilterData"
"","498","Comments","ALL API TEST SUITE","2026-05-05","passed","2026-05-05","Negative_Scenario.MarketData_Negative","TESTV2","Negative_Scenario.MarketData_Negative","Comments"
"","530","GetEarningsByParticipant","ALL API TEST SUITE","2026-05-05","passed","2026-05-05","Negative_Scenario.Earnings_Negative","TESTV2","Negative_Scenario.Earnings_Negative","GetEarningsByParticipant"
"","558","UpdateHistoricalRouteFromSearchRoute","ALL API TEST SUITE","2026-05-05","passed","2026-05-05","Negative_Scenario.GlobalMap_Negative","TESTV2","Negative_Scenario.GlobalMap_Negative","UpdateHistoricalRouteFromSearchRoute"
"","471","FilterData","ALL API TEST SUITE","2026-05-05","passed","2026-05-05","Negative_Scenario.Filter_Negative","TESTV2","Negative_Scenario.Filter_Negative","FilterData"
"","469","FilterData","ALL API TEST SUITE","2026-05-05","passed","2026-05-05","Negative_Scenario.Filter_Negative","TESTV2","Negative_Scenario.Filter_Negative","FilterData"
"","733","GetEarningsByVessel","ALL API TEST SUITE","2026-05-05","failed","2026-05-05","Negative_Scenario.Earnings_Negative","TESTV2","Negative_Scenario.Earnings_Negative","GetEarningsByVessel"
"","1158","EuetsByParticipants","ALL API TEST SUITE","2026-05-05","failed","2026-05-05","Negative_Scenario.EUETS_Negative","TESTV2","Negative_Scenario.EUETS_Negative","EuetsByParticipants"
"","492","GetTop3EarningsByParticipant","ALL API TEST SUITE","2026-05-05","passed","2026-05-05","Negative_Scenario.Earnings_Negative","TESTV2","Negative_Scenario.Earnings_Negative","GetTop3EarningsByParticipant"
"","466","FuelEuByVessel","ALL API TEST SUITE","2026-05-05","passed","2026-05-05","Negative_Scenario.FuelEU_Negative","TESTV2","Negative_Scenario.FuelEU_Negative","FuelEuByVessel"
"","481","EuetsByParticipants","ALL API TEST SUITE","2026-05-05","passed","2026-05-05","Negative_Scenario.EUETS_Negative","TESTV2","Negative_Scenario.EUETS_Negative","EuetsByParticipants"
"","458","Comments","ALL API TEST SUITE","2026-05-05","passed","2026-05-05","Negative_Scenario.MarketData_Negative","TESTV2","Negative_Scenario.MarketData_Negative","Comments"
"","474","VesselOverview","ALL API TEST SUITE","2026-05-05","passed","2026-05-05","Negative_Scenario.Vessel_Negative","TESTV2","Negative_Scenario.Vessel_Negative","VesselOverview"
"","493","FuelEuByMonth","ALL API TEST SUITE","2026-05-05","passed","2026-05-05","Negative_Scenario.FuelEU_Negative","TESTV2","Negative_Scenario.FuelEU_Negative","FuelEuByMonth"
"","547","Peformancelist","ALL API TEST SUITE","2026-05-05","passed","2026-05-05","Negative_Scenario.Performance_Negative","TESTV2","Negative_Scenario.Performance_Negative","Peformancelist"
"","503","SpeedPercentage","ALL API TEST SUITE","2026-05-05","passed","2026-05-05","Negative_Scenario.Performance_Negative","TESTV2","Negative_Scenario.Performance_Negative","SpeedPercentage"
"","688","GetEarningsByVessel","ALL API TEST SUITE","2026-05-05","failed","2026-05-05","Negative_Scenario.Earnings_Negative","TESTV2","Negative_Scenario.Earnings_Negative","GetEarningsByVessel"
"","549","CompareVessels","ALL API TEST SUITE","2026-05-05","passed","2026-05-05","Negative_Scenario.Compare_Vessels_Negative","TESTV2","Negative_Scenario.Compare_Vessels_Negative","CompareVessels"
"","515","EuetsByPoolcodes","ALL API TEST SUITE","2026-05-05","failed","2026-05-05","Negative_Scenario.EUETS_Negative","TESTV2","Negative_Scenario.EUETS_Negative","EuetsByPoolcodes"
"","502","BunkerPrice","ALL API TEST SUITE","2026-05-05","passed","2026-05-05","Negative_Scenario.MarketData_Negative","TESTV2","Negative_Scenario.MarketData_Negative","BunkerPrice"
"","505","GetEarningsBySegment","ALL API TEST SUITE","2026-05-05","passed","2026-05-05","Negative_Scenario.Earnings_Negative","TESTV2","Negative_Scenario.Earnings_Negative","GetEarningsBySegment"
"","504","FilterData","ALL API TEST SUITE","2026-05-05","passed","2026-05-05","Negative_Scenario.Filter_Negative","TESTV2","Negative_Scenario.Filter_Negative","FilterData"
"","525","MarketReportFile","ALL API TEST SUITE","2026-05-05","passed","2026-05-05","Negative_Scenario.PoolDocuments_Negative","TESTV2","Negative_Scenario.PoolDocuments_Negative","MarketReportFile"
"","5436","VesselVoyages","ALL API TEST SUITE","2026-05-05","failed","2026-05-05","Negative_Scenario.Vessel_Negative","TESTV2","Negative_Scenario.Vessel_Negative","VesselVoyages"
"","560","VesselonMap","ALL API TEST SUITE","2026-05-05","passed","2026-05-05","Negative_Scenario.GlobalMap_Negative","TESTV2","Negative_Scenario.GlobalMap_Negative","VesselonMap"
"","589","MapFilter","ALL API TEST SUITE","2026-05-05","failed","2026-05-05","Negative_Scenario.Filter_Negative","TESTV2","Negative_Scenario.Filter_Negative","MapFilter"
"","473","Eventtypes","ALL API TEST SUITE","2026-05-05","passed","2026-05-05","Negative_Scenario.Filter_Negative","TESTV2","Negative_Scenario.Filter_Negative","Eventtypes"
"","479","GetTop3EarningsByParticipant","ALL API TEST SUITE","2026-05-05","passed","2026-05-05","Negative_Scenario.Earnings_Negative","TESTV2","Negative_Scenario.Earnings_Negative","GetTop3EarningsByParticipant"
"","492","FilterData","ALL API TEST SUITE","2026-05-05","passed","2026-05-05","Negative_Scenario.Filter_Negative","TESTV2","Negative_Scenario.Filter_Negative","FilterData"
"","445","SpeedPercentageExport","ALL API TEST SUITE","2026-05-05","passed","2026-05-05","Negative_Scenario.Performance_Negative","TESTV2","Negative_Scenario.Performance_Negative","SpeedPercentageExport"
"","669","FuelEuByMonth","ALL API TEST SUITE","2026-05-05","passed","2026-05-05","Negative_Scenario.FuelEU_Negative","TESTV2","Negative_Scenario.FuelEU_Negative","FuelEuByMonth"
"","1362","VesselEvents","ALL API TEST SUITE","2026-05-05","failed","2026-05-05","Negative_Scenario.Vessel_Negative","TESTV2","Negative_Scenario.Vessel_Negative","VesselEvents"
"","908","MarketReport","ALL API TEST SUITE","2026-05-05","passed","2026-05-05","Negative_Scenario.MarketData_Negative","TESTV2","Negative_Scenario.MarketData_Negative","MarketReport"
"","516","MarketReportFile","ALL API TEST SUITE","2026-05-05","passed","2026-05-05","Negative_Scenario.PoolDocuments_Negative","TESTV2","Negative_Scenario.PoolDocuments_Negative","MarketReportFile"
"","669","ManageDashboard","ALL API TEST SUITE","2026-05-05","passed","2026-05-05","Negative_Scenario.Dashboard_Negative","TESTV2","Negative_Scenario.Dashboard_Negative","ManageDashboard"
"","541","EuetsList","ALL API TEST SUITE","2026-05-05","passed","2026-05-05","Negative_Scenario.EUETS_Negative","TESTV2","Negative_Scenario.EUETS_Negative","EuetsList"
"","624","GetEarningsByVessel","ALL API TEST SUITE","2026-05-05","failed","2026-05-05","Negative_Scenario.Earnings_Negative","TESTV2","Negative_Scenario.Earnings_Negative","GetEarningsByVessel"
"","564","ManageWidget","ALL API TEST SUITE","2026-05-05","failed","2026-05-05","Negative_Scenario.Dashboard_Negative","TESTV2","Negative_Scenario.Dashboard_Negative","ManageWidget"
"","497","GetTop3EarningsByParticipant","ALL API TEST SUITE","2026-05-05","passed","2026-05-05","Negative_Scenario.Earnings_Negative","TESTV2","Negative_Scenario.Earnings_Negative","GetTop3EarningsByParticipant"
"","516","PoolPointList","ALL API TEST SUITE","2026-05-05","passed","2026-05-05","Negative_Scenario.PoolPoint_Negative","TESTV2","Negative_Scenario.PoolPoint_Negative","PoolPointList"
"","562","Earningsdistribution","ALL API TEST SUITE","2026-05-05","passed","2026-05-05","Negative_Scenario.Earnings_Negative","TESTV2","Negative_Scenario.Earnings_Negative","Earningsdistribution"
"","568","GetTop3EarningsByParticipant","ALL API TEST SUITE","2026-05-05","failed","2026-05-05","Negative_Scenario.Earnings_Negative","TESTV2","Negative_Scenario.Earnings_Negative","GetTop3EarningsByParticipant"
"","496","GetTop3EarningsByParticipant","ALL API TEST SUITE","2026-05-05","passed","2026-05-05","Negative_Scenario.Earnings_Negative","TESTV2","Negative_Scenario.Earnings_Negative","GetTop3EarningsByParticipant"
"","573","VesselOverview","ALL API TEST SUITE","2026-05-05","passed","2026-05-05","Negative_Scenario.Vessel_Negative","TESTV2","Negative_Scenario.Vessel_Negative","VesselOverview"
"","498","SpeedPercentageBucket","ALL API TEST SUITE","2026-05-05","passed","2026-05-05","Negative_Scenario.Performance_Negative","TESTV2","Negative_Scenario.Performance_Negative","SpeedPercentageBucket"
"","480","VesselEvents","ALL API TEST SUITE","2026-05-05","passed","2026-05-05","Negative_Scenario.Vessel_Negative","TESTV2","Negative_Scenario.Vessel_Negative","VesselEvents"
"","597","GetEarningsBySegment","ALL API TEST SUITE","2026-05-05","failed","2026-05-05","Negative_Scenario.Earnings_Negative","TESTV2","Negative_Scenario.Earnings_Negative","GetEarningsBySegment"
"","829","Route","ALL API TEST SUITE","2026-05-05","passed","2026-05-05","Negative_Scenario.GlobalMap_Negative","TESTV2","Negative_Scenario.GlobalMap_Negative","Route"
"","475","FuelEuByMonth","ALL API TEST SUITE","2026-05-05","passed","2026-05-05","Negative_Scenario.FuelEU_Negative","TESTV2","Negative_Scenario.FuelEU_Negative","FuelEuByMonth"
"","518","Segments","ALL API TEST SUITE","2026-05-05","passed","2026-05-05","Negative_Scenario.MarketData_Negative","TESTV2","Negative_Scenario.MarketData_Negative","Segments"
"","450","VesselPositions","ALL API TEST SUITE","2026-05-05","passed","2026-05-05","Negative_Scenario.MarketData_Negative","TESTV2","Negative_Scenario.MarketData_Negative","VesselPositions"
"","877","GetEarningsByYard","ALL API TEST SUITE","2026-05-05","passed","2026-05-05","Negative_Scenario.Earnings_Negative","TESTV2","Negative_Scenario.Earnings_Negative","GetEarningsByYard"
"","515","Peformancelist","ALL API TEST SUITE","2026-05-05","passed","2026-05-05","Negative_Scenario.Performance_Negative","TESTV2","Negative_Scenario.Performance_Negative","Peformancelist"
"","458","Segments","ALL API TEST SUITE","2026-05-05","passed","2026-05-05","Negative_Scenario.MarketData_Negative","TESTV2","Negative_Scenario.MarketData_Negative","Segments"
"","4504","HoverDetail","ALL API TEST SUITE","2026-05-05","passed","2026-05-05","Negative_Scenario.Vessel_Negative","TESTV2","Negative_Scenario.Vessel_Negative","HoverDetail"
"","499","DashboardList","ALL API TEST SUITE","2026-05-05","passed","2026-05-05","Negative_Scenario.Dashboard_Negative","TESTV2","Negative_Scenario.Dashboard_Negative","DashboardList"
"","611","FuelEuByMonth","ALL API TEST SUITE","2026-05-05","passed","2026-05-05","Negative_Scenario.FuelEU_Negative","TESTV2","Negative_Scenario.FuelEU_Negative","FuelEuByMonth"
"","511","EarningsExport","ALL API TEST SUITE","2026-05-05","passed","2026-05-05","Negative_Scenario.Earnings_Negative","TESTV2","Negative_Scenario.Earnings_Negative","EarningsExport"
"","484","PoolPointList","ALL API TEST SUITE","2026-05-05","passed","2026-05-05","Negative_Scenario.PoolPoint_Negative","TESTV2","Negative_Scenario.PoolPoint_Negative","PoolPointList"
"","474","ManageWidget","ALL API TEST SUITE","2026-05-05","passed","2026-05-05","Negative_Scenario.Dashboard_Negative","TESTV2","Negative_Scenario.Dashboard_Negative","ManageWidget"
"","956","VesselReport","ALL API TEST SUITE","2026-05-05","passed","2026-05-05","Negative_Scenario.MarketData_Negative","TESTV2","Negative_Scenario.MarketData_Negative","VesselReport"
"","533","VesselonMap","ALL API TEST SUITE","2026-05-05","passed","2026-05-05","Negative_Scenario.GlobalMap_Negative","TESTV2","Negative_Scenario.GlobalMap_Negative","VesselonMap"
"","570","SpeedPercentageExport","ALL API TEST SUITE","2026-05-05","passed","2026-05-05","Negative_Scenario.Performance_Negative","TESTV2","Negative_Scenario.Performance_Negative","SpeedPercentageExport"
"","1060","EuetsByParticipants","ALL API TEST SUITE","2026-05-05","failed","2026-05-05","Negative_Scenario.EUETS_Negative","TESTV2","Negative_Scenario.EUETS_Negative","EuetsByParticipants"
"","480","GetUserNotificationPreference","ALL API TEST SUITE","2026-05-05","passed","2026-05-05","Negative_Scenario.Notifications_Negative","TESTV2","Negative_Scenario.Notifications_Negative","GetUserNotificationPreference"
"","462","FilterData","ALL API TEST SUITE","2026-05-05","passed","2026-05-05","Negative_Scenario.Filter_Negative","TESTV2","Negative_Scenario.Filter_Negative","FilterData"
"","503","Earningsdistribution","ALL API TEST SUITE","2026-05-05","passed","2026-05-05","Negative_Scenario.Earnings_Negative","TESTV2","Negative_Scenario.Earnings_Negative","Earningsdistribution"
"","498","CompareVessels","ALL API TEST SUITE","2026-05-05","passed","2026-05-05","Negative_Scenario.Compare_Vessels_Negative","TESTV2","Negative_Scenario.Compare_Vessels_Negative","CompareVessels"
"","492","SegmentsPools","ALL API TEST SUITE","2026-05-05","passed","2026-05-05","Negative_Scenario.MarketData_Negative","TESTV2","Negative_Scenario.MarketData_Negative","SegmentsPools"
"","982","MarketReport","ALL API TEST SUITE","2026-05-05","passed","2026-05-05","Negative_Scenario.MarketData_Negative","TESTV2","Negative_Scenario.MarketData_Negative","MarketReport"
"","505","FuelEuByVessel","ALL API TEST SUITE","2026-05-05","passed","2026-05-05","Negative_Scenario.FuelEU_Negative","TESTV2","Negative_Scenario.FuelEU_Negative","FuelEuByVessel"
"","484","GetEarningsByVessel","ALL API TEST SUITE","2026-05-05","passed","2026-05-05","Negative_Scenario.Earnings_Negative","TESTV2","Negative_Scenario.Earnings_Negative","GetEarningsByVessel"
"","4546","VesselVoyages","ALL API TEST SUITE","2026-05-05","passed","2026-05-05","Negative_Scenario.Vessel_Negative","TESTV2","Negative_Scenario.Vessel_Negative","VesselVoyages"
"","975","PoolPointList","ALL API TEST SUITE","2026-05-05","failed","2026-05-05","Negative_Scenario.PoolPoint_Negative","TESTV2","Negative_Scenario.PoolPoint_Negative","PoolPointList"
"","695","GetEarningsByVessel","ALL API TEST SUITE","2026-05-05","failed","2026-05-05","Negative_Scenario.Earnings_Negative","TESTV2","Negative_Scenario.Earnings_Negative","GetEarningsByVessel"
"","472","SpeedPercentageBucket","ALL API TEST SUITE","2026-05-05","passed","2026-05-05","Negative_Scenario.Performance_Negative","TESTV2","Negative_Scenario.Performance_Negative","SpeedPercentageBucket"
"","490","GetEarningsBySegment","ALL API TEST SUITE","2026-05-05","passed","2026-05-05","Negative_Scenario.Earnings_Negative","TESTV2","Negative_Scenario.Earnings_Negative","GetEarningsBySegment"
"","539","SpeedPercentageBucket","ALL API TEST SUITE","2026-05-05","passed","2026-05-05","Negative_Scenario.Performance_Negative","TESTV2","Negative_Scenario.Performance_Negative","SpeedPercentageBucket"
"","573","VesselonMap","ALL API TEST SUITE","2026-05-05","passed","2026-05-05","Negative_Scenario.GlobalMap_Negative","TESTV2","Negative_Scenario.GlobalMap_Negative","VesselonMap"
"","498","GetEarningsByParticipant","ALL API TEST SUITE","2026-05-05","passed","2026-05-05","Negative_Scenario.Earnings_Negative","TESTV2","Negative_Scenario.Earnings_Negative","GetEarningsByParticipant"
"","575","GetEarningsByParticipant","ALL API TEST SUITE","2026-05-05","passed","2026-05-05","Negative_Scenario.Earnings_Negative","TESTV2","Negative_Scenario.Earnings_Negative","GetEarningsByParticipant"
"","10378","Route","ALL API TEST SUITE","2026-05-05","failed","2026-05-05","Negative_Scenario.GlobalMap_Negative","TESTV2","Negative_Scenario.GlobalMap_Negative","Route"
"","504","GetEarningsByParticipant","ALL API TEST SUITE","2026-05-05","passed","2026-05-05","Negative_Scenario.Earnings_Negative","TESTV2","Negative_Scenario.Earnings_Negative","GetEarningsByParticipant"
"","464","Segments","ALL API TEST SUITE","2026-05-05","passed","2026-05-05","Negative_Scenario.MarketData_Negative","TESTV2","Negative_Scenario.MarketData_Negative","Segments"
"","464","Earningsdistribution","ALL API TEST SUITE","2026-05-05","passed","2026-05-05","Negative_Scenario.Earnings_Negative","TESTV2","Negative_Scenario.Earnings_Negative","Earningsdistribution"
"","689","ManageDashboard","ALL API TEST SUITE","2026-05-05","passed","2026-05-05","Negative_Scenario.Dashboard_Negative","TESTV2","Negative_Scenario.Dashboard_Negative","ManageDashboard"
"","536","GetEarningsBySegment","ALL API TEST SUITE","2026-05-05","passed","2026-05-05","Negative_Scenario.Earnings_Negative","TESTV2","Negative_Scenario.Earnings_Negative","GetEarningsBySegment"
"","702","ManageDashboard","ALL API TEST SUITE","2026-05-05","passed","2026-05-05","Negative_Scenario.Dashboard_Negative","TESTV2","Negative_Scenario.Dashboard_Negative","ManageDashboard"
"","1924","SpeedPercentage","ALL API TEST SUITE","2026-05-05","failed","2026-05-05","Negative_Scenario.Performance_Negative","TESTV2","Negative_Scenario.Performance_Negative","SpeedPercentage"
"","578","PoolPointMinMaxAvg","ALL API TEST SUITE","2026-05-05","passed","2026-05-05","Negative_Scenario.PoolPoint_Negative","TESTV2","Negative_Scenario.PoolPoint_Negative","PoolPointMinMaxAvg"
"","499","Earningsdistribution","ALL API TEST SUITE","2026-05-05","passed","2026-05-05","Negative_Scenario.Earnings_Negative","TESTV2","Negative_Scenario.Earnings_Negative","Earningsdistribution"
"","510","EuetsList","ALL API TEST SUITE","2026-05-05","passed","2026-05-05","Negative_Scenario.EUETS_Negative","TESTV2","Negative_Scenario.EUETS_Negative","EuetsList"
"","1373","Route","ALL API TEST SUITE","2026-05-05","passed","2026-05-05","Negative_Scenario.GlobalMap_Negative","TESTV2","Negative_Scenario.GlobalMap_Negative","Route"
"","474","MarketReportFile","ALL API TEST SUITE","2026-05-05","passed","2026-05-05","Negative_Scenario.PoolDocuments_Negative","TESTV2","Negative_Scenario.PoolDocuments_Negative","MarketReportFile"
"","495","PoolPointMinMaxAvg","ALL API TEST SUITE","2026-05-05","passed","2026-05-05","Negative_Scenario.PoolPoint_Negative","TESTV2","Negative_Scenario.PoolPoint_Negative","PoolPointMinMaxAvg"
"","476","MarketReport","ALL API TEST SUITE","2026-05-05","passed","2026-05-05","Negative_Scenario.MarketData_Negative","TESTV2","Negative_Scenario.MarketData_Negative","MarketReport"
"","514","Earningsdistribution","ALL API TEST SUITE","2026-05-05","passed","2026-05-05","Negative_Scenario.Earnings_Negative","TESTV2","Negative_Scenario.Earnings_Negative","Earningsdistribution"
"","537","SpeedPercentageExport","ALL API TEST SUITE","2026-05-05","failed","2026-05-05","Negative_Scenario.Performance_Negative","TESTV2","Negative_Scenario.Performance_Negative","SpeedPercentageExport"
"","512","Earningsdistribution","ALL API TEST SUITE","2026-05-05","passed","2026-05-05","Negative_Scenario.Earnings_Negative","TESTV2","Negative_Scenario.Earnings_Negative","Earningsdistribution"
"","1016","EuetsByParticipants","ALL API TEST SUITE","2026-05-05","failed","2026-05-05","Negative_Scenario.EUETS_Negative","TESTV2","Negative_Scenario.EUETS_Negative","EuetsByParticipants"
"","524","EuetsList","ALL API TEST SUITE","2026-05-05","passed","2026-05-05","Negative_Scenario.EUETS_Negative","TESTV2","Negative_Scenario.EUETS_Negative","EuetsList"
"","477","FilterData","ALL API TEST SUITE","2026-05-05","passed","2026-05-05","Negative_Scenario.Filter_Negative","TESTV2","Negative_Scenario.Filter_Negative","FilterData"
"","481","GetEarningsBySegment","ALL API TEST SUITE","2026-05-05","passed","2026-05-05","Negative_Scenario.Earnings_Negative","TESTV2","Negative_Scenario.Earnings_Negative","GetEarningsBySegment"
"","545","EarningsExport","ALL API TEST SUITE","2026-05-05","failed","2026-05-05","Negative_Scenario.Earnings_Negative","TESTV2","Negative_Scenario.Earnings_Negative","EarningsExport"
"","480","FilterData","ALL API TEST SUITE","2026-05-05","passed","2026-05-05","Negative_Scenario.Filter_Negative","TESTV2","Negative_Scenario.Filter_Negative","FilterData"
"","520","GetEarningsByVessel","ALL API TEST SUITE","2026-05-05","passed","2026-05-05","Negative_Scenario.Earnings_Negative","TESTV2","Negative_Scenario.Earnings_Negative","GetEarningsByVessel"
"","484","GetMinMaxAvgBySegment","ALL API TEST SUITE","2026-05-05","passed","2026-05-05","Negative_Scenario.Earnings_Negative","TESTV2","Negative_Scenario.Earnings_Negative","GetMinMaxAvgBySegment"
"","467","PoolPointList","ALL API TEST SUITE","2026-05-05","passed","2026-05-05","Negative_Scenario.PoolPoint_Negative","TESTV2","Negative_Scenario.PoolPoint_Negative","PoolPointList"
"","446","ProjectedRoute","ALL API TEST SUITE","2026-05-05","passed","2026-05-05","Negative_Scenario.GlobalMap_Negative","TESTV2","Negative_Scenario.GlobalMap_Negative","ProjectedRoute"
"","1245","EarningsExport","ALL API TEST SUITE","2026-05-05","failed","2026-05-05","Negative_Scenario.Earnings_Negative","TESTV2","Negative_Scenario.Earnings_Negative","EarningsExport"
"","623","ProjectedRoute","ALL API TEST SUITE","2026-05-05","passed","2026-05-05","Negative_Scenario.GlobalMap_Negative","TESTV2","Negative_Scenario.GlobalMap_Negative","ProjectedRoute"
"","494","FilterData","ALL API TEST SUITE","2026-05-05","passed","2026-05-05","Negative_Scenario.Filter_Negative","TESTV2","Negative_Scenario.Filter_Negative","FilterData"
"","523","EuetsList","ALL API TEST SUITE","2026-05-05","passed","2026-05-05","Negative_Scenario.EUETS_Negative","TESTV2","Negative_Scenario.EUETS_Negative","EuetsList"
"","648","SpeedPercentage","ALL API TEST SUITE","2026-05-05","failed","2026-05-05","Negative_Scenario.Performance_Negative","TESTV2","Negative_Scenario.Performance_Negative","SpeedPercentage"
"","485","ArchiveNotifications","ALL API TEST SUITE","2026-05-05","passed","2026-05-05","Negative_Scenario.Notifications_Negative","TESTV2","Negative_Scenario.Notifications_Negative","ArchiveNotifications"
"","476","SpeedPercentageExport","ALL API TEST SUITE","2026-05-05","passed","2026-05-05","Negative_Scenario.Performance_Negative","TESTV2","Negative_Scenario.Performance_Negative","SpeedPercentageExport"
"","3938","SailingTime","ALL API TEST SUITE","2026-05-05","failed","2026-05-05","Negative_Scenario.Vessel_Negative","TESTV2","Negative_Scenario.Vessel_Negative","SailingTime"
"","3932","SailingTime","ALL API TEST SUITE","2026-05-05","passed","2026-05-05","Negative_Scenario.Vessel_Negative","TESTV2","Negative_Scenario.Vessel_Negative","SailingTime"
"","631","GetEarningsBySegment","ALL API TEST SUITE","2026-05-05","failed","2026-05-05","Negative_Scenario.Earnings_Negative","TESTV2","Negative_Scenario.Earnings_Negative","GetEarningsBySegment"
"","525","FuelEuByVessel","ALL API TEST SUITE","2026-05-05","passed","2026-05-05","Negative_Scenario.FuelEU_Negative","TESTV2","Negative_Scenario.FuelEU_Negative","FuelEuByVessel"
"","480","GetNotification","ALL API TEST SUITE","2026-05-05","failed","2026-05-05","Negative_Scenario.Notifications_Negative","TESTV2","Negative_Scenario.Notifications_Negative","GetNotification"
"","503","Earningsdistribution","ALL API TEST SUITE","2026-05-05","passed","2026-05-05","Negative_Scenario.Earnings_Negative","TESTV2","Negative_Scenario.Earnings_Negative","Earningsdistribution"
"","486","GetTop3EarningsByParticipant","ALL API TEST SUITE","2026-05-05","passed","2026-05-05","Negative_Scenario.Earnings_Negative","TESTV2","Negative_Scenario.Earnings_Negative","GetTop3EarningsByParticipant"
"","497","GetTop3EarningsByParticipant","ALL API TEST SUITE","2026-05-05","passed","2026-05-05","Negative_Scenario.Earnings_Negative","TESTV2","Negative_Scenario.Earnings_Negative","GetTop3EarningsByParticipant"
"","15315","Route","ALL API TEST SUITE","2026-05-05","failed","2026-05-05","Negative_Scenario.GlobalMap_Negative","TESTV2","Negative_Scenario.GlobalMap_Negative","Route"
"","475","FuelEuByVessel","ALL API TEST SUITE","2026-05-05","passed","2026-05-05","Negative_Scenario.FuelEU_Negative","TESTV2","Negative_Scenario.FuelEU_Negative","FuelEuByVessel"
"","3388","VesselOverview","ALL API TEST SUITE","2026-05-05","failed","2026-05-05","Negative_Scenario.Vessel_Negative","TESTV2","Negative_Scenario.Vessel_Negative","VesselOverview"
"","520","ArchiveNotifications","ALL API TEST SUITE","2026-05-05","failed","2026-05-05","Negative_Scenario.Notifications_Negative","TESTV2","Negative_Scenario.Notifications_Negative","ArchiveNotifications"
"","517","SpeedPercentageExport","ALL API TEST SUITE","2026-05-05","passed","2026-05-05","Negative_Scenario.Performance_Negative","TESTV2","Negative_Scenario.Performance_Negative","SpeedPercentageExport"
"","501","EuetsByPoolcodes","ALL API TEST SUITE","2026-05-05","passed","2026-05-05","Negative_Scenario.EUETS_Negative","TESTV2","Negative_Scenario.EUETS_Negative","EuetsByPoolcodes"
"","490","FilterData","ALL API TEST SUITE","2026-05-05","passed","2026-05-05","Negative_Scenario.Filter_Negative","TESTV2","Negative_Scenario.Filter_Negative","FilterData"
"","4049","HoverDetail","ALL API TEST SUITE","2026-05-05","passed","2026-05-05","Negative_Scenario.Vessel_Negative","TESTV2","Negative_Scenario.Vessel_Negative","HoverDetail"
"","545","FilterData","ALL API TEST SUITE","2026-05-05","passed","2026-05-05","Negative_Scenario.Filter_Negative","TESTV2","Negative_Scenario.Filter_Negative","FilterData"
"","521","GetEarningsBySegment","ALL API TEST SUITE","2026-05-05","passed","2026-05-05","Negative_Scenario.Earnings_Negative","TESTV2","Negative_Scenario.Earnings_Negative","GetEarningsBySegment"
"","1290","Peformancelist","ALL API TEST SUITE","2026-05-05","failed","2026-05-05","Negative_Scenario.Performance_Negative","TESTV2","Negative_Scenario.Performance_Negative","Peformancelist"
"","496","Segments","ALL API TEST SUITE","2026-05-05","passed","2026-05-05","Negative_Scenario.MarketData_Negative","TESTV2","Negative_Scenario.MarketData_Negative","Segments"
"","3975","HoverDetail","ALL API TEST SUITE","2026-05-05","failed","2026-05-05","Negative_Scenario.Vessel_Negative","TESTV2","Negative_Scenario.Vessel_Negative","HoverDetail"
"","484","FuelEuByVessel","ALL API TEST SUITE","2026-05-05","passed","2026-05-05","Negative_Scenario.FuelEU_Negative","TESTV2","Negative_Scenario.FuelEU_Negative","FuelEuByVessel"
"","470","GetEarningsByVessel","ALL API TEST SUITE","2026-05-05","passed","2026-05-05","Negative_Scenario.Earnings_Negative","TESTV2","Negative_Scenario.Earnings_Negative","GetEarningsByVessel"
"","669","ManageDashboard","ALL API TEST SUITE","2026-05-05","passed","2026-05-05","Negative_Scenario.Dashboard_Negative","TESTV2","Negative_Scenario.Dashboard_Negative","ManageDashboard"
"","994","MarketReport","ALL API TEST SUITE","2026-05-05","passed","2026-05-05","Negative_Scenario.MarketData_Negative","TESTV2","Negative_Scenario.MarketData_Negative","MarketReport"
"","486","Savenotifications","ALL API TEST SUITE","2026-05-05","passed","2026-05-05","Negative_Scenario.Notifications_Negative","TESTV2","Negative_Scenario.Notifications_Negative","Savenotifications"
"","509","EuetsList","ALL API TEST SUITE","2026-05-05","passed","2026-05-05","Negative_Scenario.EUETS_Negative","TESTV2","Negative_Scenario.EUETS_Negative","EuetsList"
"","475","FilterData","ALL API TEST SUITE","2026-05-05","passed","2026-05-05","Negative_Scenario.Filter_Negative","TESTV2","Negative_Scenario.Filter_Negative","FilterData"
"","543","EarningsExport","ALL API TEST SUITE","2026-05-05","passed","2026-05-05","Negative_Scenario.Earnings_Negative","TESTV2","Negative_Scenario.Earnings_Negative","EarningsExport"
"","540","GetEarningsBySegment","ALL API TEST SUITE","2026-05-05","failed","2026-05-05","Negative_Scenario.Earnings_Negative","TESTV2","Negative_Scenario.Earnings_Negative","GetEarningsBySegment"
"","455","Comments","ALL API TEST SUITE","2026-05-05","passed","2026-05-05","Negative_Scenario.MarketData_Negative","TESTV2","Negative_Scenario.MarketData_Negative","Comments"
"","618","Peformancelist","ALL API TEST SUITE","2026-05-05","passed","2026-05-05","Negative_Scenario.Performance_Negative","TESTV2","Negative_Scenario.Performance_Negative","Peformancelist"
"","484","FilterData","ALL API TEST SUITE","2026-05-05","passed","2026-05-05","Negative_Scenario.Filter_Negative","TESTV2","Negative_Scenario.Filter_Negative","FilterData"
"","497","FuelEuByMonth","ALL API TEST SUITE","2026-05-05","passed","2026-05-05","Negative_Scenario.FuelEU_Negative","TESTV2","Negative_Scenario.FuelEU_Negative","FuelEuByMonth"
"","572","EuetsByPoolcodes","ALL API TEST SUITE","2026-05-05","passed","2026-05-05","Negative_Scenario.EUETS_Negative","TESTV2","Negative_Scenario.EUETS_Negative","EuetsByPoolcodes"
"","534","GetUserNotificationPreference","ALL API TEST SUITE","2026-05-05","failed","2026-05-05","Negative_Scenario.Notifications_Negative","TESTV2","Negative_Scenario.Notifications_Negative","GetUserNotificationPreference"
"","480","EuetsByPoolcodes","ALL API TEST SUITE","2026-05-05","passed","2026-05-05","Negative_Scenario.EUETS_Negative","TESTV2","Negative_Scenario.EUETS_Negative","EuetsByPoolcodes"
"","537","EuetsList","ALL API TEST SUITE","2026-05-05","passed","2026-05-05","Negative_Scenario.EUETS_Negative","TESTV2","Negative_Scenario.EUETS_Negative","EuetsList"
"","437","SpeedPercentage","ALL API TEST SUITE","2026-05-05","passed","2026-05-05","Negative_Scenario.Performance_Negative","TESTV2","Negative_Scenario.Performance_Negative","SpeedPercentage"
"","979","VoyageTracking","ALL API TEST SUITE","2026-05-05","passed","2026-05-05","Negative_Scenario.Vessel_Negative","TESTV2","Negative_Scenario.Vessel_Negative","VoyageTracking"
"","452","UnreadNotificationCount","ALL API TEST SUITE","2026-05-05","passed","2026-05-05","Negative_Scenario.Notifications_Negative","TESTV2","Negative_Scenario.Notifications_Negative","UnreadNotificationCount"
"","474","Peformancelist","ALL API TEST SUITE","2026-05-05","passed","2026-05-05","Negative_Scenario.Performance_Negative","TESTV2","Negative_Scenario.Performance_Negative","Peformancelist"
"","487","Earningsdistribution","ALL API TEST SUITE","2026-05-05","passed","2026-05-05","Negative_Scenario.Earnings_Negative","TESTV2","Negative_Scenario.Earnings_Negative","Earningsdistribution"
"","462","SpeedPercentage","ALL API TEST SUITE","2026-05-05","passed","2026-05-05","Negative_Scenario.Performance_Negative","TESTV2","Negative_Scenario.Performance_Negative","SpeedPercentage"
"","461","PoolPointMinMaxAvg","ALL API TEST SUITE","2026-05-05","passed","2026-05-05","Negative_Scenario.PoolPoint_Negative","TESTV2","Negative_Scenario.PoolPoint_Negative","PoolPointMinMaxAvg"
"","580","GetEarningsBySegment","ALL API TEST SUITE","2026-05-05","passed","2026-05-05","Negative_Scenario.Earnings_Negative","TESTV2","Negative_Scenario.Earnings_Negative","GetEarningsBySegment"
"","515","EuetsList","ALL API TEST SUITE","2026-05-05","passed","2026-05-05","Negative_Scenario.EUETS_Negative","TESTV2","Negative_Scenario.EUETS_Negative","EuetsList"
"","526","DashboardWidgets","ALL API TEST SUITE","2026-05-05","passed","2026-05-05","Negative_Scenario.Dashboard_Negative","TESTV2","Negative_Scenario.Dashboard_Negative","DashboardWidgets"
"","479","GetEarningsByVessel","ALL API TEST SUITE","2026-05-05","passed","2026-05-05","Negative_Scenario.Earnings_Negative","TESTV2","Negative_Scenario.Earnings_Negative","GetEarningsByVessel"
"","503","SpeedPercentageExport","ALL API TEST SUITE","2026-05-05","passed","2026-05-05","Negative_Scenario.Performance_Negative","TESTV2","Negative_Scenario.Performance_Negative","SpeedPercentageExport"
"","489","PoolPointList","ALL API TEST SUITE","2026-05-05","passed","2026-05-05","Negative_Scenario.PoolPoint_Negative","TESTV2","Negative_Scenario.PoolPoint_Negative","PoolPointList"
"","784","ManageWidget","ALL API TEST SUITE","2026-05-05","failed","2026-05-05","Negative_Scenario.Dashboard_Negative","TESTV2","Negative_Scenario.Dashboard_Negative","ManageWidget"
"","4661","MonthlyData","ALL API TEST SUITE","2026-05-05","failed","2026-05-05","Negative_Scenario.Vessel_Negative","TESTV2","Negative_Scenario.Vessel_Negative","MonthlyData"
"","546","DashboardRemove","ALL API TEST SUITE","2026-05-05","passed","2026-05-05","Negative_Scenario.Dashboard_Negative","TESTV2","Negative_Scenario.Dashboard_Negative","DashboardRemove"
"","480","SpeedPercentage","ALL API TEST SUITE","2026-05-05","passed","2026-05-05","Negative_Scenario.Performance_Negative","TESTV2","Negative_Scenario.Performance_Negative","SpeedPercentage"
"","519","Comments","ALL API TEST SUITE","2026-05-05","passed","2026-05-05","Negative_Scenario.MarketData_Negative","TESTV2","Negative_Scenario.MarketData_Negative","Comments"
"","649","ManageDashboard","ALL API TEST SUITE","2026-05-05","passed","2026-05-05","Negative_Scenario.Dashboard_Negative","TESTV2","Negative_Scenario.Dashboard_Negative","ManageDashboard"
"","513","FilterData","ALL API TEST SUITE","2026-05-05","passed","2026-05-05","Negative_Scenario.Filter_Negative","TESTV2","Negative_Scenario.Filter_Negative","FilterData"
"","482","Earningsdistribution","ALL API TEST SUITE","2026-05-05","passed","2026-05-05","Negative_Scenario.Earnings_Negative","TESTV2","Negative_Scenario.Earnings_Negative","Earningsdistribution"
"","519","SpeedPercentageExport","ALL API TEST SUITE","2026-05-05","failed","2026-05-05","Negative_Scenario.Performance_Negative","TESTV2","Negative_Scenario.Performance_Negative","SpeedPercentageExport"
"","639","CompareVessels","ALL API TEST SUITE","2026-05-05","passed","2026-05-05","Negative_Scenario.Compare_Vessels_Negative","TESTV2","Negative_Scenario.Compare_Vessels_Negative","CompareVessels"
"","463","SpeedPercentageBucket","ALL API TEST SUITE","2026-05-05","passed","2026-05-05","Negative_Scenario.Performance_Negative","TESTV2","Negative_Scenario.Performance_Negative","SpeedPercentageBucket"
"","581","GetMinMaxAvgBySegment","ALL API TEST SUITE","2026-05-05","passed","2026-05-05","Negative_Scenario.Earnings_Negative","TESTV2","Negative_Scenario.Earnings_Negative","GetMinMaxAvgBySegment"
"","470","GetNotification","ALL API TEST SUITE","2026-05-05","passed","2026-05-05","Negative_Scenario.Notifications_Negative","TESTV2","Negative_Scenario.Notifications_Negative","GetNotification"
"","623","ManageDashboard","ALL API TEST SUITE","2026-05-05","passed","2026-05-05","Negative_Scenario.Dashboard_Negative","TESTV2","Negative_Scenario.Dashboard_Negative","ManageDashboard"
"","599","DashboardList","ALL API TEST SUITE","2026-05-05","failed","2026-05-05","Negative_Scenario.Dashboard_Negative","TESTV2","Negative_Scenario.Dashboard_Negative","DashboardList"
"","496","EarningsExport","ALL API TEST SUITE","2026-05-05","failed","2026-05-05","Negative_Scenario.Earnings_Negative","TESTV2","Negative_Scenario.Earnings_Negative","EarningsExport"
"","507","VesselPositions","ALL API TEST SUITE","2026-05-05","passed","2026-05-05","Negative_Scenario.MarketData_Negative","TESTV2","Negative_Scenario.MarketData_Negative","VesselPositions"
"","535","EuetsByPoolcodes","ALL API TEST SUITE","2026-05-05","passed","2026-05-05","Negative_Scenario.EUETS_Negative","TESTV2","Negative_Scenario.EUETS_Negative","EuetsByPoolcodes"
"","624","VesselonMap","ALL API TEST SUITE","2026-05-05","failed","2026-05-05","Negative_Scenario.GlobalMap_Negative","TESTV2","Negative_Scenario.GlobalMap_Negative","VesselonMap"
"","645","Comments","ALL API TEST SUITE","2026-05-05","passed","2026-05-05","Negative_Scenario.MarketData_Negative","TESTV2","Negative_Scenario.MarketData_Negative","Comments"
"","626","ManageDashboard","ALL API TEST SUITE","2026-05-05","passed","2026-05-05","Negative_Scenario.Dashboard_Negative","TESTV2","Negative_Scenario.Dashboard_Negative","ManageDashboard"
"","1169","GetMinMaxAvgBySegment","ALL API TEST SUITE","2026-05-05","failed","2026-05-05","Negative_Scenario.Earnings_Negative","TESTV2","Negative_Scenario.Earnings_Negative","GetMinMaxAvgBySegment"
"","497","FuelEuByMonth","ALL API TEST SUITE","2026-05-05","passed","2026-05-05","Negative_Scenario.FuelEU_Negative","TESTV2","Negative_Scenario.FuelEU_Negative","FuelEuByMonth"
"","472","Savenotifications","ALL API TEST SUITE","2026-05-05","passed","2026-05-05","Negative_Scenario.Notifications_Negative","TESTV2","Negative_Scenario.Notifications_Negative","Savenotifications"
"","504","FilterData","ALL API TEST SUITE","2026-05-05","passed","2026-05-05","Negative_Scenario.Filter_Negative","TESTV2","Negative_Scenario.Filter_Negative","FilterData"
"","543","EuetsByPoolcodes","ALL API TEST SUITE","2026-05-05","failed","2026-05-05","Negative_Scenario.EUETS_Negative","TESTV2","Negative_Scenario.EUETS_Negative","EuetsByPoolcodes"
"","614","MapFilter","ALL API TEST SUITE","2026-05-05","failed","2026-05-05","Negative_Scenario.Filter_Negative","TESTV2","Negative_Scenario.Filter_Negative","MapFilter"
"","617","ManageDashboard","ALL API TEST SUITE","2026-05-05","passed","2026-05-05","Negative_Scenario.Dashboard_Negative","TESTV2","Negative_Scenario.Dashboard_Negative","ManageDashboard"
"","6877","MonthlyData","ALL API TEST SUITE","2026-05-05","failed","2026-05-05","Negative_Scenario.Vessel_Negative","TESTV2","Negative_Scenario.Vessel_Negative","MonthlyData"
"","653","Peformancelist","ALL API TEST SUITE","2026-05-05","passed","2026-05-05","Negative_Scenario.Performance_Negative","TESTV2","Negative_Scenario.Performance_Negative","Peformancelist"
"","819","SpeedPercentageBucket","ALL API TEST SUITE","2026-05-05","passed","2026-05-05","Negative_Scenario.Performance_Negative","TESTV2","Negative_Scenario.Performance_Negative","SpeedPercentageBucket"
"","501","FuelEuByVessel","ALL API TEST SUITE","2026-05-05","passed","2026-05-05","Negative_Scenario.FuelEU_Negative","TESTV2","Negative_Scenario.FuelEU_Negative","FuelEuByVessel"
"","3946","SailingTime","ALL API TEST SUITE","2026-05-05","passed","2026-05-05","Negative_Scenario.Vessel_Negative","TESTV2","Negative_Scenario.Vessel_Negative","SailingTime"
"","492","PoolPointList","ALL API TEST SUITE","2026-05-05","passed","2026-05-05","Negative_Scenario.PoolPoint_Negative","TESTV2","Negative_Scenario.PoolPoint_Negative","PoolPointList"
"","501","GetTop3EarningsByParticipant","ALL API TEST SUITE","2026-05-05","passed","2026-05-05","Negative_Scenario.Earnings_Negative","TESTV2","Negative_Scenario.Earnings_Negative","GetTop3EarningsByParticipant"
"","538","FuelEuByVessel","ALL API TEST SUITE","2026-05-05","passed","2026-05-05","Negative_Scenario.FuelEU_Negative","TESTV2","Negative_Scenario.FuelEU_Negative","FuelEuByVessel"
"","495","FilterData","ALL API TEST SUITE","2026-05-05","passed","2026-05-05","Negative_Scenario.Filter_Negative","TESTV2","Negative_Scenario.Filter_Negative","FilterData"
"","490","SpeedPercentageBucket","ALL API TEST SUITE","2026-05-05","passed","2026-05-05","Negative_Scenario.Performance_Negative","TESTV2","Negative_Scenario.Performance_Negative","SpeedPercentageBucket"
"","518","CompareVessels","ALL API TEST SUITE","2026-05-05","passed","2026-05-05","Negative_Scenario.Compare_Vessels_Negative","TESTV2","Negative_Scenario.Compare_Vessels_Negative","CompareVessels"
"","480","DashboardRemove","ALL API TEST SUITE","2026-05-05","passed","2026-05-05","Negative_Scenario.Dashboard_Negative","TESTV2","Negative_Scenario.Dashboard_Negative","DashboardRemove"
"","498","GetEarningsByParticipant","ALL API TEST SUITE","2026-05-05","passed","2026-05-05","Negative_Scenario.Earnings_Negative","TESTV2","Negative_Scenario.Earnings_Negative","GetEarningsByParticipant"
"","476","Comments","ALL API TEST SUITE","2026-05-05","passed","2026-05-05","Negative_Scenario.MarketData_Negative","TESTV2","Negative_Scenario.MarketData_Negative","Comments"
"","472","SpeedPercentage","ALL API TEST SUITE","2026-05-05","passed","2026-05-05","Negative_Scenario.Performance_Negative","TESTV2","Negative_Scenario.Performance_Negative","SpeedPercentage"
"","583","VesselEvents","ALL API TEST SUITE","2026-05-05","passed","2026-05-05","Negative_Scenario.Vessel_Negative","TESTV2","Negative_Scenario.Vessel_Negative","VesselEvents"
"","499","FuelEuByVessel","ALL API TEST SUITE","2026-05-05","passed","2026-05-05","Negative_Scenario.FuelEU_Negative","TESTV2","Negative_Scenario.FuelEU_Negative","FuelEuByVessel"
"","601","Earningsdistribution","ALL API TEST SUITE","2026-05-05","passed","2026-05-05","Negative_Scenario.Earnings_Negative","TESTV2","Negative_Scenario.Earnings_Negative","Earningsdistribution"
"","507","GetEarningsByVessel","ALL API TEST SUITE","2026-05-05","passed","2026-05-05","Negative_Scenario.Earnings_Negative","TESTV2","Negative_Scenario.Earnings_Negative","GetEarningsByVessel"
"","8404","MonthlyData","ALL API TEST SUITE","2026-05-05","failed","2026-05-05","Negative_Scenario.Vessel_Negative","TESTV2","Negative_Scenario.Vessel_Negative","MonthlyData"
"","471","SpeedPercentageExport","ALL API TEST SUITE","2026-05-05","passed","2026-05-05","Negative_Scenario.Performance_Negative","TESTV2","Negative_Scenario.Performance_Negative","SpeedPercentageExport"
"","634","GetEarningsByYard","ALL API TEST SUITE","2026-05-05","failed","2026-05-05","Negative_Scenario.Earnings_Negative","TESTV2","Negative_Scenario.Earnings_Negative","GetEarningsByYard"
"","558","ManageWidget","ALL API TEST SUITE","2026-05-05","failed","2026-05-05","Negative_Scenario.Dashboard_Negative","TESTV2","Negative_Scenario.Dashboard_Negative","ManageWidget"
"","570","CompareVessels","ALL API TEST SUITE","2026-05-05","passed","2026-05-05","Negative_Scenario.Compare_Vessels_Negative","TESTV2","Negative_Scenario.Compare_Vessels_Negative","CompareVessels"
"","686","GetEarningsByParticipant","ALL API TEST SUITE","2026-05-05","failed","2026-05-05","Negative_Scenario.Earnings_Negative","TESTV2","Negative_Scenario.Earnings_Negative","GetEarningsByParticipant"
"","485","FilterData","ALL API TEST SUITE","2026-05-05","passed","2026-05-05","Negative_Scenario.Filter_Negative","TESTV2","Negative_Scenario.Filter_Negative","FilterData"
"","898","GetEarningsByVessel","ALL API TEST SUITE","2026-05-05","passed","2026-05-05","Negative_Scenario.Earnings_Negative","TESTV2","Negative_Scenario.Earnings_Negative","GetEarningsByVessel"
"","516","FuelEuByMonth","ALL API TEST SUITE","2026-05-05","passed","2026-05-05","Negative_Scenario.FuelEU_Negative","TESTV2","Negative_Scenario.FuelEU_Negative","FuelEuByMonth"
"","524","MapFilter","ALL API TEST SUITE","2026-05-05","passed","2026-05-05","Negative_Scenario.Filter_Negative","TESTV2","Negative_Scenario.Filter_Negative","MapFilter"
"","523","PoolEarnings","ALL API TEST SUITE","2026-05-05","passed","2026-05-05","Negative_Scenario.MarketData_Negative","TESTV2","Negative_Scenario.MarketData_Negative","PoolEarnings"
"","4100","HoverDetail","ALL API TEST SUITE","2026-05-05","passed","2026-05-05","Negative_Scenario.Vessel_Negative","TESTV2","Negative_Scenario.Vessel_Negative","HoverDetail"
"","541","CompareVessels","ALL API TEST SUITE","2026-05-05","passed","2026-05-05","Negative_Scenario.Compare_Vessels_Negative","TESTV2","Negative_Scenario.Compare_Vessels_Negative","CompareVessels"
"","446","GetNotification","ALL API TEST SUITE","2026-05-05","passed","2026-05-05","Negative_Scenario.Notifications_Negative","TESTV2","Negative_Scenario.Notifications_Negative","GetNotification"
"","643","ManageDashboard","ALL API TEST SUITE","2026-05-05","failed","2026-05-05","Negative_Scenario.Dashboard_Negative","TESTV2","Negative_Scenario.Dashboard_Negative","ManageDashboard"
"","481","GetEarningsByVessel","ALL API TEST SUITE","2026-05-05","passed","2026-05-05","Negative_Scenario.Earnings_Negative","TESTV2","Negative_Scenario.Earnings_Negative","GetEarningsByVessel"
"","539","CompareVessels","ALL API TEST SUITE","2026-05-05","passed","2026-05-05","Negative_Scenario.Compare_Vessels_Negative","TESTV2","Negative_Scenario.Compare_Vessels_Negative","CompareVessels"
"","531","GetEarningsBySegment","ALL API TEST SUITE","2026-05-05","failed","2026-05-05","Negative_Scenario.Earnings_Negative","TESTV2","Negative_Scenario.Earnings_Negative","GetEarningsBySegment"
"","496","GetEarningsBySegment","ALL API TEST SUITE","2026-05-05","passed","2026-05-05","Negative_Scenario.Earnings_Negative","TESTV2","Negative_Scenario.Earnings_Negative","GetEarningsBySegment"
"","507","FuelEuByVessel","ALL API TEST SUITE","2026-05-05","passed","2026-05-05","Negative_Scenario.FuelEU_Negative","TESTV2","Negative_Scenario.FuelEU_Negative","FuelEuByVessel"
"","479","GetEarningsByYard","ALL API TEST SUITE","2026-05-05","passed","2026-05-05","Negative_Scenario.Earnings_Negative","TESTV2","Negative_Scenario.Earnings_Negative","GetEarningsByYard"
"","479","SpeedPercentageExport","ALL API TEST SUITE","2026-05-05","passed","2026-05-05","Negative_Scenario.Performance_Negative","TESTV2","Negative_Scenario.Performance_Negative","SpeedPercentageExport"
"","485","PoolPointList","ALL API TEST SUITE","2026-05-05","passed","2026-05-05","Negative_Scenario.PoolPoint_Negative","TESTV2","Negative_Scenario.PoolPoint_Negative","PoolPointList"
"","491","CompareVessels","ALL API TEST SUITE","2026-05-05","passed","2026-05-05","Negative_Scenario.Compare_Vessels_Negative","TESTV2","Negative_Scenario.Compare_Vessels_Negative","CompareVessels"
"","477","GetMinMaxAvgBySegment","ALL API TEST SUITE","2026-05-05","passed","2026-05-05","Negative_Scenario.Earnings_Negative","TESTV2","Negative_Scenario.Earnings_Negative","GetMinMaxAvgBySegment"
"","496","EuetsList","ALL API TEST SUITE","2026-05-05","passed","2026-05-05","Negative_Scenario.EUETS_Negative","TESTV2","Negative_Scenario.EUETS_Negative","EuetsList"
"","497","FilterData","ALL API TEST SUITE","2026-05-05","passed","2026-05-05","Negative_Scenario.Filter_Negative","TESTV2","Negative_Scenario.Filter_Negative","FilterData"
"","479","GetTop3EarningsByParticipant","ALL API TEST SUITE","2026-05-05","passed","2026-05-05","Negative_Scenario.Earnings_Negative","TESTV2","Negative_Scenario.Earnings_Negative","GetTop3EarningsByParticipant"
"","54980","MonthlyData","ALL API TEST SUITE","2026-05-05","failed","2026-05-05","Negative_Scenario.Vessel_Negative","TESTV2","Negative_Scenario.Vessel_Negative","MonthlyData"
"","752","GetEarningsByVessel","ALL API TEST SUITE","2026-05-05","failed","2026-05-05","Negative_Scenario.Earnings_Negative","TESTV2","Negative_Scenario.Earnings_Negative","GetEarningsByVessel"
"","493","PoolPointMinMaxAvg","ALL API TEST SUITE","2026-05-05","passed","2026-05-05","Negative_Scenario.PoolPoint_Negative","TESTV2","Negative_Scenario.PoolPoint_Negative","PoolPointMinMaxAvg"
"","575","SpeedPercentageExport","ALL API TEST SUITE","2026-05-05","failed","2026-05-05","Negative_Scenario.Performance_Negative","TESTV2","Negative_Scenario.Performance_Negative","SpeedPercentageExport"
"","472","EarningsExport","ALL API TEST SUITE","2026-05-05","passed","2026-05-05","Negative_Scenario.Earnings_Negative","TESTV2","Negative_Scenario.Earnings_Negative","EarningsExport"
"","480","Comments","ALL API TEST SUITE","2026-05-05","passed","2026-05-05","Negative_Scenario.MarketData_Negative","TESTV2","Negative_Scenario.MarketData_Negative","Comments"
"","491","VesselEvents","ALL API TEST SUITE","2026-05-05","passed","2026-05-05","Negative_Scenario.Vessel_Negative","TESTV2","Negative_Scenario.Vessel_Negative","VesselEvents"
"","560","Route","ALL API TEST SUITE","2026-05-05","failed","2026-05-05","Negative_Scenario.GlobalMap_Negative","TESTV2","Negative_Scenario.GlobalMap_Negative","Route"
"","469","PoolPointList","ALL API TEST SUITE","2026-05-05","passed","2026-05-05","Negative_Scenario.PoolPoint_Negative","TESTV2","Negative_Scenario.PoolPoint_Negative","PoolPointList"
"","465","MarketReportFile","ALL API TEST SUITE","2026-05-05","failed","2026-05-05","Negative_Scenario.PoolDocuments_Negative","TESTV2","Negative_Scenario.PoolDocuments_Negative","MarketReportFile"
"","512","VesselOverview","ALL API TEST SUITE","2026-05-05","passed","2026-05-05","Negative_Scenario.Vessel_Negative","TESTV2","Negative_Scenario.Vessel_Negative","VesselOverview"
"","463","SpeedPercentage","ALL API TEST SUITE","2026-05-05","passed","2026-05-05","Negative_Scenario.Performance_Negative","TESTV2","Negative_Scenario.Performance_Negative","SpeedPercentage"
"","477","VesselEvents","ALL API TEST SUITE","2026-05-05","passed","2026-05-05","Negative_Scenario.Vessel_Negative","TESTV2","Negative_Scenario.Vessel_Negative","VesselEvents"
"","488","VesselEvents","ALL API TEST SUITE","2026-05-05","passed","2026-05-05","Negative_Scenario.Vessel_Negative","TESTV2","Negative_Scenario.Vessel_Negative","VesselEvents"
"","571","GetEarningsByYard","ALL API TEST SUITE","2026-05-05","passed","2026-05-05","Negative_Scenario.Earnings_Negative","TESTV2","Negative_Scenario.Earnings_Negative","GetEarningsByYard"
"","4012","MonthlyData","ALL API TEST SUITE","2026-05-05","passed","2026-05-05","Negative_Scenario.Vessel_Negative","TESTV2","Negative_Scenario.Vessel_Negative","MonthlyData"
"","542","ManageWidget","ALL API TEST SUITE","2026-05-05","passed","2026-05-05","Negative_Scenario.Dashboard_Negative","TESTV2","Negative_Scenario.Dashboard_Negative","ManageWidget"
"","570","CompareVessels","ALL API TEST SUITE","2026-05-05","passed","2026-05-05","Negative_Scenario.Compare_Vessels_Negative","TESTV2","Negative_Scenario.Compare_Vessels_Negative","CompareVessels"
"","1038","VesselReport","ALL API TEST SUITE","2026-05-05","passed","2026-05-05","Negative_Scenario.MarketData_Negative","TESTV2","Negative_Scenario.MarketData_Negative","VesselReport"
"","474","Peformancelist","ALL API TEST SUITE","2026-05-05","passed","2026-05-05","Negative_Scenario.Performance_Negative","TESTV2","Negative_Scenario.Performance_Negative","Peformancelist"
"","1123","GetEarningsBySegment","ALL API TEST SUITE","2026-05-05","passed","2026-05-05","Negative_Scenario.Earnings_Negative","TESTV2","Negative_Scenario.Earnings_Negative","GetEarningsBySegment"
"","3967","MonthlyData","ALL API TEST SUITE","2026-05-05","passed","2026-05-05","Negative_Scenario.Vessel_Negative","TESTV2","Negative_Scenario.Vessel_Negative","MonthlyData"
"","822","GetEarningsByVessel","ALL API TEST SUITE","2026-05-05","failed","2026-05-05","Negative_Scenario.Earnings_Negative","TESTV2","Negative_Scenario.Earnings_Negative","GetEarningsByVessel"
"","507","PoolPointMinMaxAvg","ALL API TEST SUITE","2026-05-05","passed","2026-05-05","Negative_Scenario.PoolPoint_Negative","TESTV2","Negative_Scenario.PoolPoint_Negative","PoolPointMinMaxAvg"
"","984","VesselReport","ALL API TEST SUITE","2026-05-05","passed","2026-05-05","Negative_Scenario.MarketData_Negative","TESTV2","Negative_Scenario.MarketData_Negative","VesselReport"
"","515","GetTop3EarningsByParticipant","ALL API TEST SUITE","2026-05-05","passed","2026-05-05","Negative_Scenario.Earnings_Negative","TESTV2","Negative_Scenario.Earnings_Negative","GetTop3EarningsByParticipant"
"","494","EuetsByPoolcodes","ALL API TEST SUITE","2026-05-05","failed","2026-05-05","Negative_Scenario.EUETS_Negative","TESTV2","Negative_Scenario.EUETS_Negative","EuetsByPoolcodes"
"","748","ManageDashboard","ALL API TEST SUITE","2026-05-05","passed","2026-05-05","Negative_Scenario.Dashboard_Negative","TESTV2","Negative_Scenario.Dashboard_Negative","ManageDashboard"
"","516","FuelEuByMonth","ALL API TEST SUITE","2026-05-05","passed","2026-05-05","Negative_Scenario.FuelEU_Negative","TESTV2","Negative_Scenario.FuelEU_Negative","FuelEuByMonth"
"","485","EuetsList","ALL API TEST SUITE","2026-05-05","passed","2026-05-05","Negative_Scenario.EUETS_Negative","TESTV2","Negative_Scenario.EUETS_Negative","EuetsList"
"","582","GetEarningsByYard","ALL API TEST SUITE","2026-05-05","passed","2026-05-05","Negative_Scenario.Earnings_Negative","TESTV2","Negative_Scenario.Earnings_Negative","GetEarningsByYard"
"","577","VesselonMap","ALL API TEST SUITE","2026-05-05","passed","2026-05-05","Negative_Scenario.GlobalMap_Negative","TESTV2","Negative_Scenario.GlobalMap_Negative","VesselonMap"
"","589","MapFilter","ALL API TEST SUITE","2026-05-05","passed","2026-05-05","Negative_Scenario.Filter_Negative","TESTV2","Negative_Scenario.Filter_Negative","MapFilter"
"","447","MarketReport","ALL API TEST SUITE","2026-05-05","passed","2026-05-05","Negative_Scenario.MarketData_Negative","TESTV2","Negative_Scenario.MarketData_Negative","MarketReport"
"","446","SaveNotificationPreference","ALL API TEST SUITE","2026-05-05","passed","2026-05-05","Negative_Scenario.Notifications_Negative","TESTV2","Negative_Scenario.Notifications_Negative","SaveNotificationPreference"
"","4726","VesselVoyages","ALL API TEST SUITE","2026-05-05","passed","2026-05-05","Negative_Scenario.Vessel_Negative","TESTV2","Negative_Scenario.Vessel_Negative","VesselVoyages"
"","514","MapFilter","ALL API TEST SUITE","2026-05-05","passed","2026-05-05","Negative_Scenario.Filter_Negative","TESTV2","Negative_Scenario.Filter_Negative","MapFilter"
"","499","PoolindexFilter","ALL API TEST SUITE","2026-05-05","failed","2026-05-05","Negative_Scenario.Filter_Negative","TESTV2","Negative_Scenario.Filter_Negative","PoolindexFilter"
"","480","Peformancelist","ALL API TEST SUITE","2026-05-05","passed","2026-05-05","Negative_Scenario.Performance_Negative","TESTV2","Negative_Scenario.Performance_Negative","Peformancelist"
"","456","PoolPointMinMaxAvg","ALL API TEST SUITE","2026-05-05","passed","2026-05-05","Negative_Scenario.PoolPoint_Negative","TESTV2","Negative_Scenario.PoolPoint_Negative","PoolPointMinMaxAvg"
"","1141","Earningsdistribution","ALL API TEST SUITE","2026-05-05","failed","2026-05-05","Negative_Scenario.Earnings_Negative","TESTV2","Negative_Scenario.Earnings_Negative","Earningsdistribution"
"","457","SpeedPercentage","ALL API TEST SUITE","2026-05-05","passed","2026-05-05","Negative_Scenario.Performance_Negative","TESTV2","Negative_Scenario.Performance_Negative","SpeedPercentage"
"","619","Route","ALL API TEST SUITE","2026-05-05","passed","2026-05-05","Negative_Scenario.GlobalMap_Negative","TESTV2","Negative_Scenario.GlobalMap_Negative","Route"
"","470","Earningsdistribution","ALL API TEST SUITE","2026-05-05","passed","2026-05-05","Negative_Scenario.Earnings_Negative","TESTV2","Negative_Scenario.Earnings_Negative","Earningsdistribution"
"","555","Peformancelist","ALL API TEST SUITE","2026-05-05","passed","2026-05-05","Negative_Scenario.Performance_Negative","TESTV2","Negative_Scenario.Performance_Negative","Peformancelist"
"","944","ProjectedRoute","ALL API TEST SUITE","2026-05-05","passed","2026-05-05","Negative_Scenario.GlobalMap_Negative","TESTV2","Negative_Scenario.GlobalMap_Negative","ProjectedRoute"
"","512","Earningsdistribution","ALL API TEST SUITE","2026-05-05","failed","2026-05-05","Negative_Scenario.Earnings_Negative","TESTV2","Negative_Scenario.Earnings_Negative","Earningsdistribution"
"","966","MarketReport","ALL API TEST SUITE","2026-05-05","passed","2026-05-05","Negative_Scenario.MarketData_Negative","TESTV2","Negative_Scenario.MarketData_Negative","MarketReport"
"","467","EarningsExport","ALL API TEST SUITE","2026-05-05","passed","2026-05-05","Negative_Scenario.Earnings_Negative","TESTV2","Negative_Scenario.Earnings_Negative","EarningsExport"
"","469","SpeedPercentageExport","ALL API TEST SUITE","2026-05-05","passed","2026-05-05","Negative_Scenario.Performance_Negative","TESTV2","Negative_Scenario.Performance_Negative","SpeedPercentageExport"
"","484","VesselOverview","ALL API TEST SUITE","2026-05-05","passed","2026-05-05","Negative_Scenario.Vessel_Negative","TESTV2","Negative_Scenario.Vessel_Negative","VesselOverview"
"","501","FilterData","ALL API TEST SUITE","2026-05-05","passed","2026-05-05","Negative_Scenario.Filter_Negative","TESTV2","Negative_Scenario.Filter_Negative","FilterData"
"","602","GetEarningsBySegment","ALL API TEST SUITE","2026-05-05","failed","2026-05-05","Negative_Scenario.Earnings_Negative","TESTV2","Negative_Scenario.Earnings_Negative","GetEarningsBySegment"
"","7059","MonthlyData","ALL API TEST SUITE","2026-05-05","failed","2026-05-05","Negative_Scenario.Vessel_Negative","TESTV2","Negative_Scenario.Vessel_Negative","MonthlyData"
"","477","Peformancelist","ALL API TEST SUITE","2026-05-05","passed","2026-05-05","Negative_Scenario.Performance_Negative","TESTV2","Negative_Scenario.Performance_Negative","Peformancelist"
"","523","EarningsExport","ALL API TEST SUITE","2026-05-05","passed","2026-05-05","Negative_Scenario.Earnings_Negative","TESTV2","Negative_Scenario.Earnings_Negative","EarningsExport"
"","523","CompareVessels","ALL API TEST SUITE","2026-05-05","passed","2026-05-05","Negative_Scenario.Compare_Vessels_Negative","TESTV2","Negative_Scenario.Compare_Vessels_Negative","CompareVessels"
"","607","ManageDashboard","ALL API TEST SUITE","2026-05-05","passed","2026-05-05","Negative_Scenario.Dashboard_Negative","TESTV2","Negative_Scenario.Dashboard_Negative","ManageDashboard"
"","547","ManageWidget","ALL API TEST SUITE","2026-05-05","passed","2026-05-05","Negative_Scenario.Dashboard_Negative","TESTV2","Negative_Scenario.Dashboard_Negative","ManageWidget"
"","1085","EuetsByParticipants","ALL API TEST SUITE","2026-05-05","failed","2026-05-05","Negative_Scenario.EUETS_Negative","TESTV2","Negative_Scenario.EUETS_Negative","EuetsByParticipants"
"","486","CompareVessels","ALL API TEST SUITE","2026-05-05","passed","2026-05-05","Negative_Scenario.Compare_Vessels_Negative","TESTV2","Negative_Scenario.Compare_Vessels_Negative","CompareVessels"
"","519","VesselAllEventSummary","ALL API TEST SUITE","2026-05-05","passed","2026-05-05","Negative_Scenario.Vessel_Negative","TESTV2","Negative_Scenario.Vessel_Negative","VesselAllEventSummary"
"","10994","NoonReport","ALL API TEST SUITE","2026-05-05","passed","2026-05-05","Negative_Scenario.GlobalMap_Negative","TESTV2","Negative_Scenario.GlobalMap_Negative","NoonReport"
"","656","Route","ALL API TEST SUITE","2026-05-05","passed","2026-05-05","Negative_Scenario.GlobalMap_Negative","TESTV2","Negative_Scenario.GlobalMap_Negative","Route"
"","4075","HoverDetail","ALL API TEST SUITE","2026-05-05","passed","2026-05-05","Negative_Scenario.Vessel_Negative","TESTV2","Negative_Scenario.Vessel_Negative","HoverDetail"
"","542","VesselonMap","ALL API TEST SUITE","2026-05-05","passed","2026-05-05","Negative_Scenario.GlobalMap_Negative","TESTV2","Negative_Scenario.GlobalMap_Negative","VesselonMap"
"","484","SpeedPercentage","ALL API TEST SUITE","2026-05-05","passed","2026-05-05","Negative_Scenario.Performance_Negative","TESTV2","Negative_Scenario.Performance_Negative","SpeedPercentage"
"","529","DashboardWidgets","ALL API TEST SUITE","2026-05-05","passed","2026-05-05","Negative_Scenario.Dashboard_Negative","TESTV2","Negative_Scenario.Dashboard_Negative","DashboardWidgets"
"","544","GetEarningsByYard","ALL API TEST SUITE","2026-05-05","passed","2026-05-05","Negative_Scenario.Earnings_Negative","TESTV2","Negative_Scenario.Earnings_Negative","GetEarningsByYard"
"","654","GetEarningsByVessel","ALL API TEST SUITE","2026-05-05","failed","2026-05-05","Negative_Scenario.Earnings_Negative","TESTV2","Negative_Scenario.Earnings_Negative","GetEarningsByVessel"
"","932","GetEarningsByParticipant","ALL API TEST SUITE","2026-05-05","failed","2026-05-05","Negative_Scenario.Earnings_Negative","TESTV2","Negative_Scenario.Earnings_Negative","GetEarningsByParticipant"
"","484","PoolPointList","ALL API TEST SUITE","2026-05-05","passed","2026-05-05","Negative_Scenario.PoolPoint_Negative","TESTV2","Negative_Scenario.PoolPoint_Negative","PoolPointList"
"","556","VesselonMap","ALL API TEST SUITE","2026-05-05","passed","2026-05-05","Negative_Scenario.GlobalMap_Negative","TESTV2","Negative_Scenario.GlobalMap_Negative","VesselonMap"
"","3924","HoverDetail","ALL API TEST SUITE","2026-05-05","passed","2026-05-05","Negative_Scenario.Vessel_Negative","TESTV2","Negative_Scenario.Vessel_Negative","HoverDetail"
"","65316","HoverDetail","ALL API TEST SUITE","2026-05-05","passed","2026-05-05","Negative_Scenario.Vessel_Negative","TESTV2","Negative_Scenario.Vessel_Negative","HoverDetail"
"","495","EuetsList","ALL API TEST SUITE","2026-05-05","passed","2026-05-05","Negative_Scenario.EUETS_Negative","TESTV2","Negative_Scenario.EUETS_Negative","EuetsList"
"","479","GetMinMaxAvgBySegment","ALL API TEST SUITE","2026-05-05","passed","2026-05-05","Negative_Scenario.Earnings_Negative","TESTV2","Negative_Scenario.Earnings_Negative","GetMinMaxAvgBySegment"
"","535","MapFilter","ALL API TEST SUITE","2026-05-05","failed","2026-05-05","Negative_Scenario.Filter_Negative","TESTV2","Negative_Scenario.Filter_Negative","MapFilter"
"","480","UpdateHistoricalRouteFromSearchRoute","ALL API TEST SUITE","2026-05-05","passed","2026-05-05","Negative_Scenario.GlobalMap_Negative","TESTV2","Negative_Scenario.GlobalMap_Negative","UpdateHistoricalRouteFromSearchRoute"
"","692","MapFilter","ALL API TEST SUITE","2026-05-05","failed","2026-05-05","Negative_Scenario.Filter_Negative","TESTV2","Negative_Scenario.Filter_Negative","MapFilter"
"","470","SpeedPercentageBucket","ALL API TEST SUITE","2026-05-05","passed","2026-05-05","Negative_Scenario.Performance_Negative","TESTV2","Negative_Scenario.Performance_Negative","SpeedPercentageBucket"
"","520","GetEarningsByYard","ALL API TEST SUITE","2026-05-05","passed","2026-05-05","Negative_Scenario.Earnings_Negative","TESTV2","Negative_Scenario.Earnings_Negative","GetEarningsByYard"
"","500","Earningsdistribution","ALL API TEST SUITE","2026-05-05","passed","2026-05-05","Negative_Scenario.Earnings_Negative","TESTV2","Negative_Scenario.Earnings_Negative","Earningsdistribution"
"","478","SpeedPercentageExport","ALL API TEST SUITE","2026-05-05","passed","2026-05-05","Negative_Scenario.Performance_Negative","TESTV2","Negative_Scenario.Performance_Negative","SpeedPercentageExport"
"","606","SpeedPercentageBucket","ALL API TEST SUITE","2026-05-05","failed","2026-05-05","Negative_Scenario.Performance_Negative","TESTV2","Negative_Scenario.Performance_Negative","SpeedPercentageBucket"
"","500","Comments","ALL API TEST SUITE","2026-05-05","passed","2026-05-05","Negative_Scenario.MarketData_Negative","TESTV2","Negative_Scenario.MarketData_Negative","Comments"
"","467","PoolEarnings","ALL API TEST SUITE","2026-05-05","passed","2026-05-05","Negative_Scenario.MarketData_Negative","TESTV2","Negative_Scenario.MarketData_Negative","PoolEarnings"
"","1202","Earningsdistribution","ALL API TEST SUITE","2026-05-05","failed","2026-05-05","Negative_Scenario.Earnings_Negative","TESTV2","Negative_Scenario.Earnings_Negative","Earningsdistribution"
"","1058","VoyageTracking","ALL API TEST SUITE","2026-05-05","failed","2026-05-05","Negative_Scenario.Vessel_Negative","TESTV2","Negative_Scenario.Vessel_Negative","VoyageTracking"
"","4231","HoverDetail","ALL API TEST SUITE","2026-05-05","passed","2026-05-05","Negative_Scenario.Vessel_Negative","TESTV2","Negative_Scenario.Vessel_Negative","HoverDetail"
"","492","FilterData","ALL API TEST SUITE","2026-05-05","passed","2026-05-05","Negative_Scenario.Filter_Negative","TESTV2","Negative_Scenario.Filter_Negative","FilterData"
"","471","Earningsdistribution","ALL API TEST SUITE","2026-05-05","passed","2026-05-05","Negative_Scenario.Earnings_Negative","TESTV2","Negative_Scenario.Earnings_Negative","Earningsdistribution"
"","579","GetEarningsByVessel","ALL API TEST SUITE","2026-05-05","passed","2026-05-05","Negative_Scenario.Earnings_Negative","TESTV2","Negative_Scenario.Earnings_Negative","GetEarningsByVessel"
"","1134","GetMinMaxAvgBySegment","ALL API TEST SUITE","2026-05-05","passed","2026-05-05","Negative_Scenario.Earnings_Negative","TESTV2","Negative_Scenario.Earnings_Negative","GetMinMaxAvgBySegment"
"","571","MarketReportFile","ALL API TEST SUITE","2026-05-05","failed","2026-05-05","Negative_Scenario.PoolDocuments_Negative","TESTV2","Negative_Scenario.PoolDocuments_Negative","MarketReportFile"
"","479","SaveNotificationPreference","ALL API TEST SUITE","2026-05-05","passed","2026-05-05","Negative_Scenario.Notifications_Negative","TESTV2","Negative_Scenario.Notifications_Negative","SaveNotificationPreference"
"","477","GetTop3EarningsByParticipant","ALL API TEST SUITE","2026-05-05","passed","2026-05-05","Negative_Scenario.Earnings_Negative","TESTV2","Negative_Scenario.Earnings_Negative","GetTop3EarningsByParticipant"
"","4399","VesselVoyages","ALL API TEST SUITE","2026-05-05","passed","2026-05-05","Negative_Scenario.Vessel_Negative","TESTV2","Negative_Scenario.Vessel_Negative","VesselVoyages"
"","480","SpeedPercentageExport","ALL API TEST SUITE","2026-05-05","passed","2026-05-05","Negative_Scenario.Performance_Negative","TESTV2","Negative_Scenario.Performance_Negative","SpeedPercentageExport"
"","577","GetEarningsByVessel","ALL API TEST SUITE","2026-05-05","failed","2026-05-05","Negative_Scenario.Earnings_Negative","TESTV2","Negative_Scenario.Earnings_Negative","GetEarningsByVessel"
"","492","GetEarningsByParticipant","ALL API TEST SUITE","2026-05-05","passed","2026-05-05","Negative_Scenario.Earnings_Negative","TESTV2","Negative_Scenario.Earnings_Negative","GetEarningsByParticipant"
"","466","SpeedPercentageExport","ALL API TEST SUITE","2026-05-05","passed","2026-05-05","Negative_Scenario.Performance_Negative","TESTV2","Negative_Scenario.Performance_Negative","SpeedPercentageExport"
"","1098","PoolPointList","ALL API TEST SUITE","2026-05-05","failed","2026-05-05","Negative_Scenario.PoolPoint_Negative","TESTV2","Negative_Scenario.PoolPoint_Negative","PoolPointList"
"","589","VesselDetails","ALL API TEST SUITE","2026-05-05","passed","2026-05-05","Negative_Scenario.Vessel_Negative","TESTV2","Negative_Scenario.Vessel_Negative","VesselDetails"
"","488","CompareVessels","ALL API TEST SUITE","2026-05-05","passed","2026-05-05","Negative_Scenario.Compare_Vessels_Negative","TESTV2","Negative_Scenario.Compare_Vessels_Negative","CompareVessels"
"","498","Earningsdistribution","ALL API TEST SUITE","2026-05-05","passed","2026-05-05","Negative_Scenario.Earnings_Negative","TESTV2","Negative_Scenario.Earnings_Negative","Earningsdistribution"
"","502","EuetsByParticipants","ALL API TEST SUITE","2026-05-05","passed","2026-05-05","Negative_Scenario.EUETS_Negative","TESTV2","Negative_Scenario.EUETS_Negative","EuetsByParticipants"
"","540","DashboardList","ALL API TEST SUITE","2026-05-05","passed","2026-05-05","Negative_Scenario.Dashboard_Negative","TESTV2","Negative_Scenario.Dashboard_Negative","DashboardList"
"","634","FuelEuByMonth","ALL API TEST SUITE","2026-05-05","passed","2026-05-05","Negative_Scenario.FuelEU_Negative","TESTV2","Negative_Scenario.FuelEU_Negative","FuelEuByMonth"
"","485","GetEarningsBySegment","ALL API TEST SUITE","2026-05-05","passed","2026-05-05","Negative_Scenario.Earnings_Negative","TESTV2","Negative_Scenario.Earnings_Negative","GetEarningsBySegment"
"","625","EuetsByPoolcodes","ALL API TEST SUITE","2026-05-05","failed","2026-05-05","Negative_Scenario.EUETS_Negative","TESTV2","Negative_Scenario.EUETS_Negative","EuetsByPoolcodes"
"","507","GetEarningsByVessel","ALL API TEST SUITE","2026-05-05","passed","2026-05-05","Negative_Scenario.Earnings_Negative","TESTV2","Negative_Scenario.Earnings_Negative","GetEarningsByVessel"
"","512","Peformancelist","ALL API TEST SUITE","2026-05-05","passed","2026-05-05","Negative_Scenario.Performance_Negative","TESTV2","Negative_Scenario.Performance_Negative","Peformancelist"
"","483","MarketReportFile","ALL API TEST SUITE","2026-05-05","passed","2026-05-05","Negative_Scenario.PoolDocuments_Negative","TESTV2","Negative_Scenario.PoolDocuments_Negative","MarketReportFile"
"","580","EuetsByPoolcodes","ALL API TEST SUITE","2026-05-05","passed","2026-05-05","Negative_Scenario.EUETS_Negative","TESTV2","Negative_Scenario.EUETS_Negative","EuetsByPoolcodes"
"","467","PoolPointList","ALL API TEST SUITE","2026-05-05","passed","2026-05-05","Negative_Scenario.PoolPoint_Negative","TESTV2","Negative_Scenario.PoolPoint_Negative","PoolPointList"
"","852","GetEarningsByVessel","ALL API TEST SUITE","2026-05-05","failed","2026-05-05","Negative_Scenario.Earnings_Negative","TESTV2","Negative_Scenario.Earnings_Negative","GetEarningsByVessel"
"","587","SpeedPercentageExport","ALL API TEST SUITE","2026-05-05","passed","2026-05-05","Negative_Scenario.Performance_Negative","TESTV2","Negative_Scenario.Performance_Negative","SpeedPercentageExport"
"","475","VesselEvents","ALL API TEST SUITE","2026-05-05","passed","2026-05-05","Negative_Scenario.Vessel_Negative","TESTV2","Negative_Scenario.Vessel_Negative","VesselEvents"
"","481","PoolPointList","ALL API TEST SUITE","2026-05-05","passed","2026-05-05","Negative_Scenario.PoolPoint_Negative","TESTV2","Negative_Scenario.PoolPoint_Negative","PoolPointList"
"","566","DashboardRemove","ALL API TEST SUITE","2026-05-05","failed","2026-05-05","Negative_Scenario.Dashboard_Negative","TESTV2","Negative_Scenario.Dashboard_Negative","DashboardRemove"
"","616","GetEarningsByYard","ALL API TEST SUITE","2026-05-05","passed","2026-05-05","Negative_Scenario.Earnings_Negative","TESTV2","Negative_Scenario.Earnings_Negative","GetEarningsByYard"
"","451","GetUserNotificationPreference","ALL API TEST SUITE","2026-05-05","passed","2026-05-05","Negative_Scenario.Notifications_Negative","TESTV2","Negative_Scenario.Notifications_Negative","GetUserNotificationPreference"
"","541","GetTop3EarningsByParticipant","ALL API TEST SUITE","2026-05-05","passed","2026-05-05","Negative_Scenario.Earnings_Negative","TESTV2","Negative_Scenario.Earnings_Negative","GetTop3EarningsByParticipant"
"","4965","VesselVoyages","ALL API TEST SUITE","2026-05-05","failed","2026-05-05","Negative_Scenario.Vessel_Negative","TESTV2","Negative_Scenario.Vessel_Negative","VesselVoyages"
"","559","SpeedPercentageBucket","ALL API TEST SUITE","2026-05-05","passed","2026-05-05","Negative_Scenario.Performance_Negative","TESTV2","Negative_Scenario.Performance_Negative","SpeedPercentageBucket"
"","461","BunkerPrice","ALL API TEST SUITE","2026-05-05","passed","2026-05-05","Negative_Scenario.MarketData_Negative","TESTV2","Negative_Scenario.MarketData_Negative","BunkerPrice"
"","497","MarketReportFile","ALL API TEST SUITE","2026-05-05","passed","2026-05-05","Negative_Scenario.PoolDocuments_Negative","TESTV2","Negative_Scenario.PoolDocuments_Negative","MarketReportFile"
"","1091","EuetsByParticipants","ALL API TEST SUITE","2026-05-05","failed","2026-05-05","Negative_Scenario.EUETS_Negative","TESTV2","Negative_Scenario.EUETS_Negative","EuetsByParticipants"
"","4016","SailingTime","ALL API TEST SUITE","2026-05-05","passed","2026-05-05","Negative_Scenario.Vessel_Negative","TESTV2","Negative_Scenario.Vessel_Negative","SailingTime"
"","473","PoolEarnings","ALL API TEST SUITE","2026-05-05","passed","2026-05-05","Negative_Scenario.MarketData_Negative","TESTV2","Negative_Scenario.MarketData_Negative","PoolEarnings"
"","464","Peformancelist","ALL API TEST SUITE","2026-05-05","passed","2026-05-05","Negative_Scenario.Performance_Negative","TESTV2","Negative_Scenario.Performance_Negative","Peformancelist"
"","517","DashboardWidgets","ALL API TEST SUITE","2026-05-05","passed","2026-05-05","Negative_Scenario.Dashboard_Negative","TESTV2","Negative_Scenario.Dashboard_Negative","DashboardWidgets"
"","510","GetEarningsByYard","ALL API TEST SUITE","2026-05-05","passed","2026-05-05","Negative_Scenario.Earnings_Negative","TESTV2","Negative_Scenario.Earnings_Negative","GetEarningsByYard"
"","780","Peformancelist","ALL API TEST SUITE","2026-05-05","failed","2026-05-05","Negative_Scenario.Performance_Negative","TESTV2","Negative_Scenario.Performance_Negative","Peformancelist"
"","503","Earningsdistribution","ALL API TEST SUITE","2026-05-05","failed","2026-05-05","Negative_Scenario.Earnings_Negative","TESTV2","Negative_Scenario.Earnings_Negative","Earningsdistribution"
"","489","VesselEvents","ALL API TEST SUITE","2026-05-05","passed","2026-05-05","Negative_Scenario.Vessel_Negative","TESTV2","Negative_Scenario.Vessel_Negative","VesselEvents"
"","484","MarketReport","ALL API TEST SUITE","2026-05-05","passed","2026-05-05","Negative_Scenario.MarketData_Negative","TESTV2","Negative_Scenario.MarketData_Negative","MarketReport"
"","501","Eventtypes","ALL API TEST SUITE","2026-05-05","passed","2026-05-05","Negative_Scenario.Filter_Negative","TESTV2","Negative_Scenario.Filter_Negative","Eventtypes"
"","522","EuetsList","ALL API TEST SUITE","2026-05-05","passed","2026-05-05","Negative_Scenario.EUETS_Negative","TESTV2","Negative_Scenario.EUETS_Negative","EuetsList"
"","495","GetEarningsBySegment","ALL API TEST SUITE","2026-05-05","passed","2026-05-05","Negative_Scenario.Earnings_Negative","TESTV2","Negative_Scenario.Earnings_Negative","GetEarningsBySegment"
"","532","CompareVessels","ALL API TEST SUITE","2026-05-05","passed","2026-05-05","Negative_Scenario.Compare_Vessels_Negative","TESTV2","Negative_Scenario.Compare_Vessels_Negative","CompareVessels"
"","509","SpeedPercentage","ALL API TEST SUITE","2026-05-05","passed","2026-05-05","Negative_Scenario.Performance_Negative","TESTV2","Negative_Scenario.Performance_Negative","SpeedPercentage"
"","844","GetEarningsByParticipant","ALL API TEST SUITE","2026-05-05","failed","2026-05-05","Negative_Scenario.Earnings_Negative","TESTV2","Negative_Scenario.Earnings_Negative","GetEarningsByParticipant"
"","6929","MonthlyData","ALL API TEST SUITE","2026-05-05","failed","2026-05-05","Negative_Scenario.Vessel_Negative","TESTV2","Negative_Scenario.Vessel_Negative","MonthlyData"
"","4644","VesselVoyages","ALL API TEST SUITE","2026-05-05","failed","2026-05-05","Negative_Scenario.Vessel_Negative","TESTV2","Negative_Scenario.Vessel_Negative","VesselVoyages"
"","486","FuelEuByVessel","ALL API TEST SUITE","2026-05-05","passed","2026-05-05","Negative_Scenario.FuelEU_Negative","TESTV2","Negative_Scenario.FuelEU_Negative","FuelEuByVessel"
"","532","CompareVessels","ALL API TEST SUITE","2026-05-05","passed","2026-05-05","Negative_Scenario.Compare_Vessels_Negative","TESTV2","Negative_Scenario.Compare_Vessels_Negative","CompareVessels"
"","1145","GetEarningsByYard","ALL API TEST SUITE","2026-05-05","failed","2026-05-05","Negative_Scenario.Earnings_Negative","TESTV2","Negative_Scenario.Earnings_Negative","GetEarningsByYard"
"","473","PoolPointMinMaxAvg","ALL API TEST SUITE","2026-05-05","passed","2026-05-05","Negative_Scenario.PoolPoint_Negative","TESTV2","Negative_Scenario.PoolPoint_Negative","PoolPointMinMaxAvg"
"","506","ManageDashboard","ALL API TEST SUITE","2026-05-05","passed","2026-05-05","Negative_Scenario.Dashboard_Negative","TESTV2","Negative_Scenario.Dashboard_Negative","ManageDashboard"
"","527","GetTop3EarningsByParticipant","ALL API TEST SUITE","2026-05-05","passed","2026-05-05","Negative_Scenario.Earnings_Negative","TESTV2","Negative_Scenario.Earnings_Negative","GetTop3EarningsByParticipant"
"","516","GetEarningsBySegment","ALL API TEST SUITE","2026-05-05","passed","2026-05-05","Negative_Scenario.Earnings_Negative","TESTV2","Negative_Scenario.Earnings_Negative","GetEarningsBySegment"
"","462","SpeedPercentageBucket","ALL API TEST SUITE","2026-05-05","passed","2026-05-05","Negative_Scenario.Performance_Negative","TESTV2","Negative_Scenario.Performance_Negative","SpeedPercentageBucket"
"","1168","VesselOverview","ALL API TEST SUITE","2026-05-05","failed","2026-05-05","Negative_Scenario.Vessel_Negative","TESTV2","Negative_Scenario.Vessel_Negative","VesselOverview"
"","553","GetNotification","ALL API TEST SUITE","2026-05-05","failed","2026-05-05","Negative_Scenario.Notifications_Negative","TESTV2","Negative_Scenario.Notifications_Negative","GetNotification"
"","476","FilterData","ALL API TEST SUITE","2026-05-05","passed","2026-05-05","Negative_Scenario.Filter_Negative","TESTV2","Negative_Scenario.Filter_Negative","FilterData"
"","480","GetMinMaxAvgBySegment","ALL API TEST SUITE","2026-05-05","passed","2026-05-05","Negative_Scenario.Earnings_Negative","TESTV2","Negative_Scenario.Earnings_Negative","GetMinMaxAvgBySegment"
"","529","Peformancelist","ALL API TEST SUITE","2026-05-05","passed","2026-05-05","Negative_Scenario.Performance_Negative","TESTV2","Negative_Scenario.Performance_Negative","Peformancelist"
"","501","GetEarningsBySegment","ALL API TEST SUITE","2026-05-05","passed","2026-05-05","Negative_Scenario.Earnings_Negative","TESTV2","Negative_Scenario.Earnings_Negative","GetEarningsBySegment"
"","503","GetEarningsBySegment","ALL API TEST SUITE","2026-05-05","passed","2026-05-05","Negative_Scenario.Earnings_Negative","TESTV2","Negative_Scenario.Earnings_Negative","GetEarningsBySegment"
"","490","FuelEuByVessel","ALL API TEST SUITE","2026-05-05","passed","2026-05-05","Negative_Scenario.FuelEU_Negative","TESTV2","Negative_Scenario.FuelEU_Negative","FuelEuByVessel"
"","1015","VoyageTracking","ALL API TEST SUITE","2026-05-05","passed","2026-05-05","Negative_Scenario.Vessel_Negative","TESTV2","Negative_Scenario.Vessel_Negative","VoyageTracking"
"","499","Peformancelist","ALL API TEST SUITE","2026-05-05","passed","2026-05-05","Negative_Scenario.Performance_Negative","TESTV2","Negative_Scenario.Performance_Negative","Peformancelist"
"","778","PoolPointMinMaxAvg","ALL API TEST SUITE","2026-05-05","failed","2026-05-05","Negative_Scenario.PoolPoint_Negative","TESTV2","Negative_Scenario.PoolPoint_Negative","PoolPointMinMaxAvg"
"","533","FilterData","ALL API TEST SUITE","2026-05-05","passed","2026-05-05","Negative_Scenario.Filter_Negative","TESTV2","Negative_Scenario.Filter_Negative","FilterData"
"","494","GetMinMaxAvgBySegment","ALL API TEST SUITE","2026-05-05","passed","2026-05-05","Negative_Scenario.Earnings_Negative","TESTV2","Negative_Scenario.Earnings_Negative","GetMinMaxAvgBySegment"
"","617","CompareVessels","ALL API TEST SUITE","2026-05-05","passed","2026-05-05","Negative_Scenario.Compare_Vessels_Negative","TESTV2","Negative_Scenario.Compare_Vessels_Negative","CompareVessels"
"","884","PoolPointList","ALL API TEST SUITE","2026-05-05","failed","2026-05-05","Negative_Scenario.PoolPoint_Negative","TESTV2","Negative_Scenario.PoolPoint_Negative","PoolPointList"
"","495","FuelEuByVessel","ALL API TEST SUITE","2026-05-05","passed","2026-05-05","Negative_Scenario.FuelEU_Negative","TESTV2","Negative_Scenario.FuelEU_Negative","FuelEuByVessel"
"","540","GetEarningsByParticipant","ALL API TEST SUITE","2026-05-05","passed","2026-05-05","Negative_Scenario.Earnings_Negative","TESTV2","Negative_Scenario.Earnings_Negative","GetEarningsByParticipant"
"","619","ManageDashboard","ALL API TEST SUITE","2026-05-05","passed","2026-05-05","Negative_Scenario.Dashboard_Negative","TESTV2","Negative_Scenario.Dashboard_Negative","ManageDashboard"
"","519","EarningsExport","ALL API TEST SUITE","2026-05-05","passed","2026-05-05","Negative_Scenario.Earnings_Negative","TESTV2","Negative_Scenario.Earnings_Negative","EarningsExport"
"","682","VesselonMap","ALL API TEST SUITE","2026-05-05","failed","2026-05-05","Negative_Scenario.GlobalMap_Negative","TESTV2","Negative_Scenario.GlobalMap_Negative","VesselonMap"
"","4028","HoverDetail","ALL API TEST SUITE","2026-05-05","passed","2026-05-05","Negative_Scenario.Vessel_Negative","TESTV2","Negative_Scenario.Vessel_Negative","HoverDetail"
"","461","VesselPositions","ALL API TEST SUITE","2026-05-05","passed","2026-05-05","Negative_Scenario.MarketData_Negative","TESTV2","Negative_Scenario.MarketData_Negative","VesselPositions"
"","498","EarningsExport","ALL API TEST SUITE","2026-05-05","passed","2026-05-05","Negative_Scenario.Earnings_Negative","TESTV2","Negative_Scenario.Earnings_Negative","EarningsExport"
"","583","GetTop3EarningsByParticipant","ALL API TEST SUITE","2026-05-05","passed","2026-05-05","Negative_Scenario.Earnings_Negative","TESTV2","Negative_Scenario.Earnings_Negative","GetTop3EarningsByParticipant"
"","491","DashboardList","ALL API TEST SUITE","2026-05-05","passed","2026-05-05","Negative_Scenario.Dashboard_Negative","TESTV2","Negative_Scenario.Dashboard_Negative","DashboardList"
"","477","GetEarningsByVessel","ALL API TEST SUITE","2026-05-05","passed","2026-05-05","Negative_Scenario.Earnings_Negative","TESTV2","Negative_Scenario.Earnings_Negative","GetEarningsByVessel"
"","726","ManageDashboard","ALL API TEST SUITE","2026-05-05","failed","2026-05-05","Negative_Scenario.Dashboard_Negative","TESTV2","Negative_Scenario.Dashboard_Negative","ManageDashboard"
"","574","MarketReportFile","ALL API TEST SUITE","2026-05-05","failed","2026-05-05","Negative_Scenario.PoolDocuments_Negative","TESTV2","Negative_Scenario.PoolDocuments_Negative","MarketReportFile"
"","527","VesselonMap","ALL API TEST SUITE","2026-05-05","passed","2026-05-05","Negative_Scenario.GlobalMap_Negative","TESTV2","Negative_Scenario.GlobalMap_Negative","VesselonMap"
"","471","ArchiveNotifications","ALL API TEST SUITE","2026-05-05","passed","2026-05-05","Negative_Scenario.Notifications_Negative","TESTV2","Negative_Scenario.Notifications_Negative","ArchiveNotifications"
"","496","FuelEuByVessel","ALL API TEST SUITE","2026-05-05","passed","2026-05-05","Negative_Scenario.FuelEU_Negative","TESTV2","Negative_Scenario.FuelEU_Negative","FuelEuByVessel"
"","516","GetEarningsByVessel","ALL API TEST SUITE","2026-05-05","passed","2026-05-05","Negative_Scenario.Earnings_Negative","TESTV2","Negative_Scenario.Earnings_Negative","GetEarningsByVessel"
"","481","VesselOverview","ALL API TEST SUITE","2026-05-05","passed","2026-05-05","Negative_Scenario.Vessel_Negative","TESTV2","Negative_Scenario.Vessel_Negative","VesselOverview"
"","529","FuelEuByVessel","ALL API TEST SUITE","2026-05-05","passed","2026-05-05","Negative_Scenario.FuelEU_Negative","TESTV2","Negative_Scenario.FuelEU_Negative","FuelEuByVessel"
"","509","Peformancelist","ALL API TEST SUITE","2026-05-05","passed","2026-05-05","Negative_Scenario.Performance_Negative","TESTV2","Negative_Scenario.Performance_Negative","Peformancelist"
"","505","GetEarningsByParticipant","ALL API TEST SUITE","2026-05-05","passed","2026-05-05","Negative_Scenario.Earnings_Negative","TESTV2","Negative_Scenario.Earnings_Negative","GetEarningsByParticipant"
"","625","ManageDashboard","ALL API TEST SUITE","2026-05-05","passed","2026-05-05","Negative_Scenario.Dashboard_Negative","TESTV2","Negative_Scenario.Dashboard_Negative","ManageDashboard"
"","511","Segments","ALL API TEST SUITE","2026-05-05","passed","2026-05-05","Negative_Scenario.MarketData_Negative","TESTV2","Negative_Scenario.MarketData_Negative","Segments"
"","996","VesselReport","ALL API TEST SUITE","2026-05-05","passed","2026-05-05","Negative_Scenario.MarketData_Negative","TESTV2","Negative_Scenario.MarketData_Negative","VesselReport"
"","501","FilterData","ALL API TEST SUITE","2026-05-05","passed","2026-05-05","Negative_Scenario.Filter_Negative","TESTV2","Negative_Scenario.Filter_Negative","FilterData"
"","536","GetEarningsByYard","ALL API TEST SUITE","2026-05-05","passed","2026-05-05","Negative_Scenario.Earnings_Negative","TESTV2","Negative_Scenario.Earnings_Negative","GetEarningsByYard"
"","558","GetEarningsBySegment","ALL API TEST SUITE","2026-05-05","passed","2026-05-05","Negative_Scenario.Earnings_Negative","TESTV2","Negative_Scenario.Earnings_Negative","GetEarningsBySegment"
"","1126","EuetsByParticipants","ALL API TEST SUITE","2026-05-05","failed","2026-05-05","Negative_Scenario.EUETS_Negative","TESTV2","Negative_Scenario.EUETS_Negative","EuetsByParticipants"
"","776","ProjectedRoute","ALL API TEST SUITE","2026-05-05","passed","2026-05-05","Negative_Scenario.GlobalMap_Negative","TESTV2","Negative_Scenario.GlobalMap_Negative","ProjectedRoute"
"","523","GetEarningsByParticipant","ALL API TEST SUITE","2026-05-05","passed","2026-05-05","Negative_Scenario.Earnings_Negative","TESTV2","Negative_Scenario.Earnings_Negative","GetEarningsByParticipant"
"","465","VesselPositions","ALL API TEST SUITE","2026-05-05","passed","2026-05-05","Negative_Scenario.MarketData_Negative","TESTV2","Negative_Scenario.MarketData_Negative","VesselPositions"
"","534","GetMinMaxAvgBySegment","ALL API TEST SUITE","2026-05-05","passed","2026-05-05","Negative_Scenario.Earnings_Negative","TESTV2","Negative_Scenario.Earnings_Negative","GetMinMaxAvgBySegment"
"","4080","HoverDetail","ALL API TEST SUITE","2026-05-05","passed","2026-05-05","Negative_Scenario.Vessel_Negative","TESTV2","Negative_Scenario.Vessel_Negative","HoverDetail"
"","2645","GetEarningsByYard","ALL API TEST SUITE","2026-05-05","failed","2026-05-05","Negative_Scenario.Earnings_Negative","TESTV2","Negative_Scenario.Earnings_Negative","GetEarningsByYard"
"","1071","SpeedPercentageBucket","ALL API TEST SUITE","2026-05-05","failed","2026-05-05","Negative_Scenario.Performance_Negative","TESTV2","Negative_Scenario.Performance_Negative","SpeedPercentageBucket"
"","481","GetMinMaxAvgBySegment","ALL API TEST SUITE","2026-05-05","passed","2026-05-05","Negative_Scenario.Earnings_Negative","TESTV2","Negative_Scenario.Earnings_Negative","GetMinMaxAvgBySegment"
"","519","GetEarningsByParticipant","ALL API TEST SUITE","2026-05-05","passed","2026-05-05","Negative_Scenario.Earnings_Negative","TESTV2","Negative_Scenario.Earnings_Negative","GetEarningsByParticipant"
"","533","VesselonMap","ALL API TEST SUITE","2026-05-05","passed","2026-05-05","Negative_Scenario.GlobalMap_Negative","TESTV2","Negative_Scenario.GlobalMap_Negative","VesselonMap"
"","4901","VesselVoyages","ALL API TEST SUITE","2026-05-05","failed","2026-05-05","Negative_Scenario.Vessel_Negative","TESTV2","Negative_Scenario.Vessel_Negative","VesselVoyages"
"","482","EarningsExport","ALL API TEST SUITE","2026-05-05","passed","2026-05-05","Negative_Scenario.Earnings_Negative","TESTV2","Negative_Scenario.Earnings_Negative","EarningsExport"
"","559","NoonReport","ALL API TEST SUITE","2026-05-05","passed","2026-05-05","Negative_Scenario.GlobalMap_Negative","TESTV2","Negative_Scenario.GlobalMap_Negative","NoonReport"
"","1776","Peformancelist","ALL API TEST SUITE","2026-05-05","failed","2026-05-05","Negative_Scenario.Performance_Negative","TESTV2","Negative_Scenario.Performance_Negative","Peformancelist"
"","493","FilterData","ALL API TEST SUITE","2026-05-05","passed","2026-05-05","Negative_Scenario.Filter_Negative","TESTV2","Negative_Scenario.Filter_Negative","FilterData"
"","548","GetEarningsByParticipant","ALL API TEST SUITE","2026-05-05","passed","2026-05-05","Negative_Scenario.Earnings_Negative","TESTV2","Negative_Scenario.Earnings_Negative","GetEarningsByParticipant"
"","456","Savenotifications","ALL API TEST SUITE","2026-05-05","passed","2026-05-05","Negative_Scenario.Notifications_Negative","TESTV2","Negative_Scenario.Notifications_Negative","Savenotifications"
"","483","EarningsExport","ALL API TEST SUITE","2026-05-05","passed","2026-05-05","Negative_Scenario.Earnings_Negative","TESTV2","Negative_Scenario.Earnings_Negative","EarningsExport"
"","497","FilterData","ALL API TEST SUITE","2026-05-05","passed","2026-05-05","Negative_Scenario.Filter_Negative","TESTV2","Negative_Scenario.Filter_Negative","FilterData"
"","465","Peformancelist","ALL API TEST SUITE","2026-05-05","passed","2026-05-05","Negative_Scenario.Performance_Negative","TESTV2","Negative_Scenario.Performance_Negative","Peformancelist"
"","477","MarketReportFile","ALL API TEST SUITE","2026-05-05","failed","2026-05-05","Negative_Scenario.PoolDocuments_Negative","TESTV2","Negative_Scenario.PoolDocuments_Negative","MarketReportFile"
"","625","ManageDashboard","ALL API TEST SUITE","2026-05-05","passed","2026-05-05","Negative_Scenario.Dashboard_Negative","TESTV2","Negative_Scenario.Dashboard_Negative","ManageDashboard"
"","439","SpeedPercentageExport","ALL API TEST SUITE","2026-05-05","passed","2026-05-05","Negative_Scenario.Performance_Negative","TESTV2","Negative_Scenario.Performance_Negative","SpeedPercentageExport"
"","638","ManageWidget","ALL API TEST SUITE","2026-05-05","failed","2026-05-05","Negative_Scenario.Dashboard_Negative","TESTV2","Negative_Scenario.Dashboard_Negative","ManageWidget"
"","461","SpeedPercentageBucket","ALL API TEST SUITE","2026-05-05","passed","2026-05-05","Negative_Scenario.Performance_Negative","TESTV2","Negative_Scenario.Performance_Negative","SpeedPercentageBucket"
"","564","SpeedPercentageBucket","ALL API TEST SUITE","2026-05-05","passed","2026-05-05","Negative_Scenario.Performance_Negative","TESTV2","Negative_Scenario.Performance_Negative","SpeedPercentageBucket"
"","476","ReadUnreadNotifications","ALL API TEST SUITE","2026-05-05","failed","2026-05-05","Negative_Scenario.Notifications_Negative","TESTV2","Negative_Scenario.Notifications_Negative","ReadUnreadNotifications"
"","707","GetEarningsByYard","ALL API TEST SUITE","2026-05-05","passed","2026-05-05","Negative_Scenario.Earnings_Negative","TESTV2","Negative_Scenario.Earnings_Negative","GetEarningsByYard"
"","476","GetNotification","ALL API TEST SUITE","2026-05-05","passed","2026-05-05","Negative_Scenario.Notifications_Negative","TESTV2","Negative_Scenario.Notifications_Negative","GetNotification"
"","457","Route","ALL API TEST SUITE","2026-05-05","passed","2026-05-05","Negative_Scenario.GlobalMap_Negative","TESTV2","Negative_Scenario.GlobalMap_Negative","Route"
"","686","PoolPointList","ALL API TEST SUITE","2026-05-05","failed","2026-05-05","Negative_Scenario.PoolPoint_Negative","TESTV2","Negative_Scenario.PoolPoint_Negative","PoolPointList"
"","536","FuelEuByMonth","ALL API TEST SUITE","2026-05-05","passed","2026-05-05","Negative_Scenario.FuelEU_Negative","TESTV2","Negative_Scenario.FuelEU_Negative","FuelEuByMonth"
"","477","GetNotification","ALL API TEST SUITE","2026-05-05","passed","2026-05-05","Negative_Scenario.Notifications_Negative","TESTV2","Negative_Scenario.Notifications_Negative","GetNotification"
"","498","ArchiveNotifications","ALL API TEST SUITE","2026-05-05","passed","2026-05-05","Negative_Scenario.Notifications_Negative","TESTV2","Negative_Scenario.Notifications_Negative","ArchiveNotifications"
"","484","GetEarningsByVessel","ALL API TEST SUITE","2026-05-05","passed","2026-05-05","Negative_Scenario.Earnings_Negative","TESTV2","Negative_Scenario.Earnings_Negative","GetEarningsByVessel"
"","4005","HoverDetail","ALL API TEST SUITE","2026-05-05","passed","2026-05-05","Negative_Scenario.Vessel_Negative","TESTV2","Negative_Scenario.Vessel_Negative","HoverDetail"
"","520","DashboardList","ALL API TEST SUITE","2026-05-05","failed","2026-05-05","Negative_Scenario.Dashboard_Negative","TESTV2","Negative_Scenario.Dashboard_Negative","DashboardList"
"","922","GetEarningsByParticipant","ALL API TEST SUITE","2026-05-05","failed","2026-05-05","Negative_Scenario.Earnings_Negative","TESTV2","Negative_Scenario.Earnings_Negative","GetEarningsByParticipant"
"","503","VesselPositions","ALL API TEST SUITE","2026-05-05","passed","2026-05-05","Negative_Scenario.MarketData_Negative","TESTV2","Negative_Scenario.MarketData_Negative","VesselPositions"
"","515","FilterData","ALL API TEST SUITE","2026-05-05","passed","2026-05-05","Negative_Scenario.Filter_Negative","TESTV2","Negative_Scenario.Filter_Negative","FilterData"
"","565","EuetsByPoolcodes","ALL API TEST SUITE","2026-05-05","failed","2026-05-05","Negative_Scenario.EUETS_Negative","TESTV2","Negative_Scenario.EUETS_Negative","EuetsByPoolcodes"
"","561","EarningsExport","ALL API TEST SUITE","2026-05-05","passed","2026-05-05","Negative_Scenario.Earnings_Negative","TESTV2","Negative_Scenario.Earnings_Negative","EarningsExport"
"","642","NoonReport","ALL API TEST SUITE","2026-05-05","failed","2026-05-05","Negative_Scenario.GlobalMap_Negative","TESTV2","Negative_Scenario.GlobalMap_Negative","NoonReport"
"","497","PoolPointList","ALL API TEST SUITE","2026-05-05","passed","2026-05-05","Negative_Scenario.PoolPoint_Negative","TESTV2","Negative_Scenario.PoolPoint_Negative","PoolPointList"
"","542","EuetsByPoolcodes","ALL API TEST SUITE","2026-05-05","failed","2026-05-05","Negative_Scenario.EUETS_Negative","TESTV2","Negative_Scenario.EUETS_Negative","EuetsByPoolcodes"
"","493","EuetsByPoolcodes","ALL API TEST SUITE","2026-05-05","failed","2026-05-05","Negative_Scenario.EUETS_Negative","TESTV2","Negative_Scenario.EUETS_Negative","EuetsByPoolcodes"
"","606","GetTop3EarningsByParticipant","ALL API TEST SUITE","2026-05-05","failed","2026-05-05","Negative_Scenario.Earnings_Negative","TESTV2","Negative_Scenario.Earnings_Negative","GetTop3EarningsByParticipant"
"","3951","MonthlyData","ALL API TEST SUITE","2026-05-05","passed","2026-05-05","Negative_Scenario.Vessel_Negative","TESTV2","Negative_Scenario.Vessel_Negative","MonthlyData"
"","546","GetEarningsByYard","ALL API TEST SUITE","2026-05-05","passed","2026-05-05","Negative_Scenario.Earnings_Negative","TESTV2","Negative_Scenario.Earnings_Negative","GetEarningsByYard"
"","511","EuetsByPoolcodes","ALL API TEST SUITE","2026-05-05","failed","2026-05-05","Negative_Scenario.EUETS_Negative","TESTV2","Negative_Scenario.EUETS_Negative","EuetsByPoolcodes"
"","780","GetEarningsByVessel","ALL API TEST SUITE","2026-05-05","passed","2026-05-05","Negative_Scenario.Earnings_Negative","TESTV2","Negative_Scenario.Earnings_Negative","GetEarningsByVessel"
"","591","EuetsByPoolcodes","ALL API TEST SUITE","2026-05-05","failed","2026-05-05","Negative_Scenario.EUETS_Negative","TESTV2","Negative_Scenario.EUETS_Negative","EuetsByPoolcodes"
"","549","VesselEvents","ALL API TEST SUITE","2026-05-05","failed","2026-05-05","Negative_Scenario.Vessel_Negative","TESTV2","Negative_Scenario.Vessel_Negative","VesselEvents"
"","553","SpeedPercentageExport","ALL API TEST SUITE","2026-05-05","failed","2026-05-05","Negative_Scenario.Performance_Negative","TESTV2","Negative_Scenario.Performance_Negative","SpeedPercentageExport"
"","666","GetEarningsByParticipant","ALL API TEST SUITE","2026-05-05","passed","2026-05-05","Negative_Scenario.Earnings_Negative","TESTV2","Negative_Scenario.Earnings_Negative","GetEarningsByParticipant"
"","453","PoolEarnings","ALL API TEST SUITE","2026-05-05","passed","2026-05-05","Negative_Scenario.MarketData_Negative","TESTV2","Negative_Scenario.MarketData_Negative","PoolEarnings"
"","4014","HoverDetail","ALL API TEST SUITE","2026-05-05","passed","2026-05-05","Negative_Scenario.Vessel_Negative","TESTV2","Negative_Scenario.Vessel_Negative","HoverDetail"
"","672","ManageDashboard","ALL API TEST SUITE","2026-05-05","passed","2026-05-05","Negative_Scenario.Dashboard_Negative","TESTV2","Negative_Scenario.Dashboard_Negative","ManageDashboard"
"","490","PoolPointMinMaxAvg","ALL API TEST SUITE","2026-05-05","passed","2026-05-05","Negative_Scenario.PoolPoint_Negative","TESTV2","Negative_Scenario.PoolPoint_Negative","PoolPointMinMaxAvg"
"","668","ManageDashboard","ALL API TEST SUITE","2026-05-05","passed","2026-05-05","Negative_Scenario.Dashboard_Negative","TESTV2","Negative_Scenario.Dashboard_Negative","ManageDashboard"
"","757","ManageDashboard","ALL API TEST SUITE","2026-05-05","passed","2026-05-05","Negative_Scenario.Dashboard_Negative","TESTV2","Negative_Scenario.Dashboard_Negative","ManageDashboard"
"","517","ArchiveNotifications","ALL API TEST SUITE","2026-05-05","passed","2026-05-05","Negative_Scenario.Notifications_Negative","TESTV2","Negative_Scenario.Notifications_Negative","ArchiveNotifications"
"","516","GetMinMaxAvgBySegment","ALL API TEST SUITE","2026-05-05","passed","2026-05-05","Negative_Scenario.Earnings_Negative","TESTV2","Negative_Scenario.Earnings_Negative","GetMinMaxAvgBySegment"
"","1139","DashboardList","ALL API TEST SUITE","2026-05-05","failed","2026-05-05","Negative_Scenario.Dashboard_Negative","TESTV2","Negative_Scenario.Dashboard_Negative","DashboardList"
"","5282","VesselVoyages","ALL API TEST SUITE","2026-05-05","failed","2026-05-05","Negative_Scenario.Vessel_Negative","TESTV2","Negative_Scenario.Vessel_Negative","VesselVoyages"
"","494","PoolPointList","ALL API TEST SUITE","2026-05-05","passed","2026-05-05","Negative_Scenario.PoolPoint_Negative","TESTV2","Negative_Scenario.PoolPoint_Negative","PoolPointList"
"","4932","VesselVoyages","ALL API TEST SUITE","2026-05-05","failed","2026-05-05","Negative_Scenario.Vessel_Negative","TESTV2","Negative_Scenario.Vessel_Negative","VesselVoyages"
"","15307","Route","ALL API TEST SUITE","2026-05-05","failed","2026-05-05","Negative_Scenario.GlobalMap_Negative","TESTV2","Negative_Scenario.GlobalMap_Negative","Route"
"","488","ReadUnreadNotifications","ALL API TEST SUITE","2026-05-05","passed","2026-05-05","Negative_Scenario.Notifications_Negative","TESTV2","Negative_Scenario.Notifications_Negative","ReadUnreadNotifications"
"","527","SpeedPercentageExport","ALL API TEST SUITE","2026-05-05","passed","2026-05-05","Negative_Scenario.Performance_Negative","TESTV2","Negative_Scenario.Performance_Negative","SpeedPercentageExport"
"","4131","HoverDetail","ALL API TEST SUITE","2026-05-05","passed","2026-05-05","Negative_Scenario.Vessel_Negative","TESTV2","Negative_Scenario.Vessel_Negative","HoverDetail"
"","441","VesselPositions","ALL API TEST SUITE","2026-05-05","passed","2026-05-05","Negative_Scenario.MarketData_Negative","TESTV2","Negative_Scenario.MarketData_Negative","VesselPositions"
"","478","PoolPointList","ALL API TEST SUITE","2026-05-05","passed","2026-05-05","Negative_Scenario.PoolPoint_Negative","TESTV2","Negative_Scenario.PoolPoint_Negative","PoolPointList"
"","1329","EarningsExport","ALL API TEST SUITE","2026-05-05","failed","2026-05-05","Negative_Scenario.Earnings_Negative","TESTV2","Negative_Scenario.Earnings_Negative","EarningsExport"
"","474","Earningsdistribution","ALL API TEST SUITE","2026-05-05","passed","2026-05-05","Negative_Scenario.Earnings_Negative","TESTV2","Negative_Scenario.Earnings_Negative","Earningsdistribution"
"","603","GetTop3EarningsByParticipant","ALL API TEST SUITE","2026-05-05","passed","2026-05-05","Negative_Scenario.Earnings_Negative","TESTV2","Negative_Scenario.Earnings_Negative","GetTop3EarningsByParticipant"
"","461","PoolPointList","ALL API TEST SUITE","2026-05-05","passed","2026-05-05","Negative_Scenario.PoolPoint_Negative","TESTV2","Negative_Scenario.PoolPoint_Negative","PoolPointList"
"","4977","VesselVoyages","ALL API TEST SUITE","2026-05-05","failed","2026-05-05","Negative_Scenario.Vessel_Negative","TESTV2","Negative_Scenario.Vessel_Negative","VesselVoyages"
"","537","FuelEuByMonth","ALL API TEST SUITE","2026-05-05","passed","2026-05-05","Negative_Scenario.FuelEU_Negative","TESTV2","Negative_Scenario.FuelEU_Negative","FuelEuByMonth"
"","4074","SailingTime","ALL API TEST SUITE","2026-05-05","passed","2026-05-05","Negative_Scenario.Vessel_Negative","TESTV2","Negative_Scenario.Vessel_Negative","SailingTime"
"","485","MarketReportFile","ALL API TEST SUITE","2026-05-05","failed","2026-05-05","Negative_Scenario.PoolDocuments_Negative","TESTV2","Negative_Scenario.PoolDocuments_Negative","MarketReportFile"
"","467","VesselEvents","ALL API TEST SUITE","2026-05-05","passed","2026-05-05","Negative_Scenario.Vessel_Negative","TESTV2","Negative_Scenario.Vessel_Negative","VesselEvents"
"","472","SpeedPercentageExport","ALL API TEST SUITE","2026-05-05","passed","2026-05-05","Negative_Scenario.Performance_Negative","TESTV2","Negative_Scenario.Performance_Negative","SpeedPercentageExport"
"","452","SaveNotificationPreference","ALL API TEST SUITE","2026-05-05","failed","2026-05-05","Negative_Scenario.Notifications_Negative","TESTV2","Negative_Scenario.Notifications_Negative","SaveNotificationPreference"
"","4411","HoverDetail","ALL API TEST SUITE","2026-05-05","passed","2026-05-05","Negative_Scenario.Vessel_Negative","TESTV2","Negative_Scenario.Vessel_Negative","HoverDetail"
"","463","SpeedPercentageExport","ALL API TEST SUITE","2026-05-05","passed","2026-05-05","Negative_Scenario.Performance_Negative","TESTV2","Negative_Scenario.Performance_Negative","SpeedPercentageExport"
"","602","CompareVessels","ALL API TEST SUITE","2026-05-05","passed","2026-05-05","Negative_Scenario.Compare_Vessels_Negative","TESTV2","Negative_Scenario.Compare_Vessels_Negative","CompareVessels"
"","663","ManageDashboard","ALL API TEST SUITE","2026-05-05","failed","2026-05-05","Negative_Scenario.Dashboard_Negative","TESTV2","Negative_Scenario.Dashboard_Negative","ManageDashboard"
"","561","FuelEuByVessel","ALL API TEST SUITE","2026-05-05","passed","2026-05-05","Negative_Scenario.FuelEU_Negative","TESTV2","Negative_Scenario.FuelEU_Negative","FuelEuByVessel"
"","784","GetTop3EarningsByParticipant","ALL API TEST SUITE","2026-05-05","failed","2026-05-05","Negative_Scenario.Earnings_Negative","TESTV2","Negative_Scenario.Earnings_Negative","GetTop3EarningsByParticipant"
"","519","SpeedPercentage","ALL API TEST SUITE","2026-05-05","failed","2026-05-05","Negative_Scenario.Performance_Negative","TESTV2","Negative_Scenario.Performance_Negative","SpeedPercentage"
"","471","FilterData","ALL API TEST SUITE","2026-05-05","passed","2026-05-05","Negative_Scenario.Filter_Negative","TESTV2","Negative_Scenario.Filter_Negative","FilterData"
"","497","FuelEuByMonth","ALL API TEST SUITE","2026-05-05","passed","2026-05-05","Negative_Scenario.FuelEU_Negative","TESTV2","Negative_Scenario.FuelEU_Negative","FuelEuByMonth"
"","572","FuelEuByVessel","ALL API TEST SUITE","2026-05-05","failed","2026-05-05","Negative_Scenario.FuelEU_Negative","TESTV2","Negative_Scenario.FuelEU_Negative","FuelEuByVessel"
"","516","PoolEarnings","ALL API TEST SUITE","2026-05-05","passed","2026-05-05","Negative_Scenario.MarketData_Negative","TESTV2","Negative_Scenario.MarketData_Negative","PoolEarnings"
"","538","VesselonMap","ALL API TEST SUITE","2026-05-05","passed","2026-05-05","Negative_Scenario.GlobalMap_Negative","TESTV2","Negative_Scenario.GlobalMap_Negative","VesselonMap"
"","4782","VesselVoyages","ALL API TEST SUITE","2026-05-05","passed","2026-05-05","Negative_Scenario.Vessel_Negative","TESTV2","Negative_Scenario.Vessel_Negative","VesselVoyages"
"","510","PoolPointList","ALL API TEST SUITE","2026-05-05","passed","2026-05-05","Negative_Scenario.PoolPoint_Negative","TESTV2","Negative_Scenario.PoolPoint_Negative","PoolPointList"
"","514","EuetsByParticipants","ALL API TEST SUITE","2026-05-05","passed","2026-05-05","Negative_Scenario.EUETS_Negative","TESTV2","Negative_Scenario.EUETS_Negative","EuetsByParticipants"
"","457","PoolPointList","ALL API TEST SUITE","2026-05-05","passed","2026-05-05","Negative_Scenario.PoolPoint_Negative","TESTV2","Negative_Scenario.PoolPoint_Negative","PoolPointList"
"","491","PoolEarnings","ALL API TEST SUITE","2026-05-05","passed","2026-05-05","Negative_Scenario.MarketData_Negative","TESTV2","Negative_Scenario.MarketData_Negative","PoolEarnings"
"","618","Peformancelist","ALL API TEST SUITE","2026-05-05","passed","2026-05-05","Negative_Scenario.Performance_Negative","TESTV2","Negative_Scenario.Performance_Negative","Peformancelist"
"","531","SpeedPercentage","ALL API TEST SUITE","2026-05-05","failed","2026-05-05","Negative_Scenario.Performance_Negative","TESTV2","Negative_Scenario.Performance_Negative","SpeedPercentage"
"","534","MarketReportFile","ALL API TEST SUITE","2026-05-05","failed","2026-05-05","Negative_Scenario.PoolDocuments_Negative","TESTV2","Negative_Scenario.PoolDocuments_Negative","MarketReportFile"
"","937","EuetsByPoolcodes","ALL API TEST SUITE","2026-05-05","failed","2026-05-05","Negative_Scenario.EUETS_Negative","TESTV2","Negative_Scenario.EUETS_Negative","EuetsByPoolcodes"
"","491","ManageWidget","ALL API TEST SUITE","2026-05-05","passed","2026-05-05","Negative_Scenario.Dashboard_Negative","TESTV2","Negative_Scenario.Dashboard_Negative","ManageWidget"
"","1024","VesselReport","ALL API TEST SUITE","2026-05-05","passed","2026-05-05","Negative_Scenario.MarketData_Negative","TESTV2","Negative_Scenario.MarketData_Negative","VesselReport"
"","464","SpeedPercentage","ALL API TEST SUITE","2026-05-05","passed","2026-05-05","Negative_Scenario.Performance_Negative","TESTV2","Negative_Scenario.Performance_Negative","SpeedPercentage"
"","549","SpeedPercentage","ALL API TEST SUITE","2026-05-05","failed","2026-05-05","Negative_Scenario.Performance_Negative","TESTV2","Negative_Scenario.Performance_Negative","SpeedPercentage"
"","471","GetEarningsByParticipant","ALL API TEST SUITE","2026-05-05","passed","2026-05-05","Negative_Scenario.Earnings_Negative","TESTV2","Negative_Scenario.Earnings_Negative","GetEarningsByParticipant"
"","735","VesselonMap","ALL API TEST SUITE","2026-05-05","failed","2026-05-05","Negative_Scenario.GlobalMap_Negative","TESTV2","Negative_Scenario.GlobalMap_Negative","VesselonMap"
"","471","SpeedPercentageBucket","ALL API TEST SUITE","2026-05-05","passed","2026-05-05","Negative_Scenario.Performance_Negative","TESTV2","Negative_Scenario.Performance_Negative","SpeedPercentageBucket"
"","489","EuetsByParticipants","ALL API TEST SUITE","2026-05-05","passed","2026-05-05","Negative_Scenario.EUETS_Negative","TESTV2","Negative_Scenario.EUETS_Negative","EuetsByParticipants"
"","491","GetEarningsByVessel","ALL API TEST SUITE","2026-05-05","passed","2026-05-05","Negative_Scenario.Earnings_Negative","TESTV2","Negative_Scenario.Earnings_Negative","GetEarningsByVessel"
"","480","UnreadNotificationCount","ALL API TEST SUITE","2026-05-05","passed","2026-05-05","Negative_Scenario.Notifications_Negative","TESTV2","Negative_Scenario.Notifications_Negative","UnreadNotificationCount"
"","617","ManageDashboard","ALL API TEST SUITE","2026-05-05","passed","2026-05-05","Negative_Scenario.Dashboard_Negative","TESTV2","Negative_Scenario.Dashboard_Negative","ManageDashboard"
"","468","GetEarningsByParticipant","ALL API TEST SUITE","2026-05-05","passed","2026-05-05","Negative_Scenario.Earnings_Negative","TESTV2","Negative_Scenario.Earnings_Negative","GetEarningsByParticipant"
"","501","SpeedPercentageBucket","ALL API TEST SUITE","2026-05-05","passed","2026-05-05","Negative_Scenario.Performance_Negative","TESTV2","Negative_Scenario.Performance_Negative","SpeedPercentageBucket"
"","498","GetEarningsBySegment","ALL API TEST SUITE","2026-05-05","passed","2026-05-05","Negative_Scenario.Earnings_Negative","TESTV2","Negative_Scenario.Earnings_Negative","GetEarningsBySegment"
"","498","FuelEuByVessel","ALL API TEST SUITE","2026-05-05","passed","2026-05-05","Negative_Scenario.FuelEU_Negative","TESTV2","Negative_Scenario.FuelEU_Negative","FuelEuByVessel"
"","484","PoolPointMinMaxAvg","ALL API TEST SUITE","2026-05-05","passed","2026-05-05","Negative_Scenario.PoolPoint_Negative","TESTV2","Negative_Scenario.PoolPoint_Negative","PoolPointMinMaxAvg"
"","486","VesselPositions","ALL API TEST SUITE","2026-05-05","passed","2026-05-05","Negative_Scenario.MarketData_Negative","TESTV2","Negative_Scenario.MarketData_Negative","VesselPositions"
"","455","GetNotification","ALL API TEST SUITE","2026-05-05","passed","2026-05-05","Negative_Scenario.Notifications_Negative","TESTV2","Negative_Scenario.Notifications_Negative","GetNotification"
"","524","GetEarningsBySegment","ALL API TEST SUITE","2026-05-05","passed","2026-05-05","Negative_Scenario.Earnings_Negative","TESTV2","Negative_Scenario.Earnings_Negative","GetEarningsBySegment"
"","495","Earningsdistribution","ALL API TEST SUITE","2026-05-05","passed","2026-05-05","Negative_Scenario.Earnings_Negative","TESTV2","Negative_Scenario.Earnings_Negative","Earningsdistribution"
"","467","GetUserNotificationPreference","ALL API TEST SUITE","2026-05-05","failed","2026-05-05","Negative_Scenario.Notifications_Negative","TESTV2","Negative_Scenario.Notifications_Negative","GetUserNotificationPreference"
"","1086","GetEarningsByYard","ALL API TEST SUITE","2026-05-05","failed","2026-05-05","Negative_Scenario.Earnings_Negative","TESTV2","Negative_Scenario.Earnings_Negative","GetEarningsByYard"
"","482","GetMinMaxAvgBySegment","ALL API TEST SUITE","2026-05-05","passed","2026-05-05","Negative_Scenario.Earnings_Negative","TESTV2","Negative_Scenario.Earnings_Negative","GetMinMaxAvgBySegment"
"","594","EuetsByPoolcodes","ALL API TEST SUITE","2026-05-05","failed","2026-05-05","Negative_Scenario.EUETS_Negative","TESTV2","Negative_Scenario.EUETS_Negative","EuetsByPoolcodes"
"","513","SpeedPercentageExport","ALL API TEST SUITE","2026-05-05","passed","2026-05-05","Negative_Scenario.Performance_Negative","TESTV2","Negative_Scenario.Performance_Negative","SpeedPercentageExport"
"","698","GetMinMaxAvgBySegment","ALL API TEST SUITE","2026-05-05","failed","2026-05-05","Negative_Scenario.Earnings_Negative","TESTV2","Negative_Scenario.Earnings_Negative","GetMinMaxAvgBySegment"
"","4052","HoverDetail","ALL API TEST SUITE","2026-05-05","passed","2026-05-05","Negative_Scenario.Vessel_Negative","TESTV2","Negative_Scenario.Vessel_Negative","HoverDetail"
"","4151","HoverDetail","ALL API TEST SUITE","2026-05-05","passed","2026-05-05","Negative_Scenario.Vessel_Negative","TESTV2","Negative_Scenario.Vessel_Negative","HoverDetail"
"","468","VesselEvents","ALL API TEST SUITE","2026-05-05","passed","2026-05-05","Negative_Scenario.Vessel_Negative","TESTV2","Negative_Scenario.Vessel_Negative","VesselEvents"
"","547","Earningsdistribution","ALL API TEST SUITE","2026-05-05","passed","2026-05-05","Negative_Scenario.Earnings_Negative","TESTV2","Negative_Scenario.Earnings_Negative","Earningsdistribution"
"","471","GetTop3EarningsByParticipant","ALL API TEST SUITE","2026-05-05","passed","2026-05-05","Negative_Scenario.Earnings_Negative","TESTV2","Negative_Scenario.Earnings_Negative","GetTop3EarningsByParticipant"
"","590","DashboardRemove","ALL API TEST SUITE","2026-05-05","passed","2026-05-05","Negative_Scenario.Dashboard_Negative","TESTV2","Negative_Scenario.Dashboard_Negative","DashboardRemove"
"","488","GetEarningsByVessel","ALL API TEST SUITE","2026-05-05","passed","2026-05-05","Negative_Scenario.Earnings_Negative","TESTV2","Negative_Scenario.Earnings_Negative","GetEarningsByVessel"
"","523","CompareVessels","ALL API TEST SUITE","2026-05-05","passed","2026-05-05","Negative_Scenario.Compare_Vessels_Negative","TESTV2","Negative_Scenario.Compare_Vessels_Negative","CompareVessels"
"","689","ProjectedRoute","ALL API TEST SUITE","2026-05-05","passed","2026-05-05","Negative_Scenario.GlobalMap_Negative","TESTV2","Negative_Scenario.GlobalMap_Negative","ProjectedRoute"
"","518","EuetsList","ALL API TEST SUITE","2026-05-05","passed","2026-05-05","Negative_Scenario.EUETS_Negative","TESTV2","Negative_Scenario.EUETS_Negative","EuetsList"
"","464","ReadUnreadNotifications","ALL API TEST SUITE","2026-05-05","passed","2026-05-05","Negative_Scenario.Notifications_Negative","TESTV2","Negative_Scenario.Notifications_Negative","ReadUnreadNotifications"
"","527","EuetsList","ALL API TEST SUITE","2026-05-05","passed","2026-05-05","Negative_Scenario.EUETS_Negative","TESTV2","Negative_Scenario.EUETS_Negative","EuetsList"
"","453","VesselAllEventSummary","ALL API TEST SUITE","2026-05-05","passed","2026-05-05","Negative_Scenario.Vessel_Negative","TESTV2","Negative_Scenario.Vessel_Negative","VesselAllEventSummary"
"","1149","Earningsdistribution","ALL API TEST SUITE","2026-05-05","failed","2026-05-05","Negative_Scenario.Earnings_Negative","TESTV2","Negative_Scenario.Earnings_Negative","Earningsdistribution"
"","593","Route","ALL API TEST SUITE","2026-05-05","passed","2026-05-05","Negative_Scenario.GlobalMap_Negative","TESTV2","Negative_Scenario.GlobalMap_Negative","Route"
"","526","GetEarningsBySegment","ALL API TEST SUITE","2026-05-05","passed","2026-05-05","Negative_Scenario.Earnings_Negative","TESTV2","Negative_Scenario.Earnings_Negative","GetEarningsBySegment"
"","480","ArchiveNotifications","ALL API TEST SUITE","2026-05-05","failed","2026-05-05","Negative_Scenario.Notifications_Negative","TESTV2","Negative_Scenario.Notifications_Negative","ArchiveNotifications"
"","507","FuelEuByMonth","ALL API TEST SUITE","2026-05-05","passed","2026-05-05","Negative_Scenario.FuelEU_Negative","TESTV2","Negative_Scenario.FuelEU_Negative","FuelEuByMonth"
"","505","Eventtypes","ALL API TEST SUITE","2026-05-05","failed","2026-05-05","Negative_Scenario.Filter_Negative","TESTV2","Negative_Scenario.Filter_Negative","Eventtypes"
"","503","SpeedPercentageExport","ALL API TEST SUITE","2026-05-05","passed","2026-05-05","Negative_Scenario.Performance_Negative","TESTV2","Negative_Scenario.Performance_Negative","SpeedPercentageExport"
"","503","GetTop3EarningsByParticipant","ALL API TEST SUITE","2026-05-05","passed","2026-05-05","Negative_Scenario.Earnings_Negative","TESTV2","Negative_Scenario.Earnings_Negative","GetTop3EarningsByParticipant"
"","626","ManageWidget","ALL API TEST SUITE","2026-05-05","failed","2026-05-05","Negative_Scenario.Dashboard_Negative","TESTV2","Negative_Scenario.Dashboard_Negative","ManageWidget"
"","483","MarketReportFile","ALL API TEST SUITE","2026-05-05","passed","2026-05-05","Negative_Scenario.PoolDocuments_Negative","TESTV2","Negative_Scenario.PoolDocuments_Negative","MarketReportFile"
"","600","VesselonMap","ALL API TEST SUITE","2026-05-05","failed","2026-05-05","Negative_Scenario.GlobalMap_Negative","TESTV2","Negative_Scenario.GlobalMap_Negative","VesselonMap"
"","521","EuetsByParticipants","ALL API TEST SUITE","2026-05-05","passed","2026-05-05","Negative_Scenario.EUETS_Negative","TESTV2","Negative_Scenario.EUETS_Negative","EuetsByParticipants"
"","517","PoolPointMinMaxAvg","ALL API TEST SUITE","2026-05-05","passed","2026-05-05","Negative_Scenario.PoolPoint_Negative","TESTV2","Negative_Scenario.PoolPoint_Negative","PoolPointMinMaxAvg"
"","451","Savenotifications","ALL API TEST SUITE","2026-05-05","passed","2026-05-05","Negative_Scenario.Notifications_Negative","TESTV2","Negative_Scenario.Notifications_Negative","Savenotifications"
"","579","VesselonMap","ALL API TEST SUITE","2026-05-05","passed","2026-05-05","Negative_Scenario.GlobalMap_Negative","TESTV2","Negative_Scenario.GlobalMap_Negative","VesselonMap"
"","1328","EarningsExport","ALL API TEST SUITE","2026-05-05","failed","2026-05-05","Negative_Scenario.Earnings_Negative","TESTV2","Negative_Scenario.Earnings_Negative","EarningsExport"
"","601","SpeedPercentage","ALL API TEST SUITE","2026-05-05","passed","2026-05-05","Negative_Scenario.Performance_Negative","TESTV2","Negative_Scenario.Performance_Negative","SpeedPercentage"
"","522","DashboardList","ALL API TEST SUITE","2026-05-05","passed","2026-05-05","Negative_Scenario.Dashboard_Negative","TESTV2","Negative_Scenario.Dashboard_Negative","DashboardList"
"","4464","VesselVoyages","ALL API TEST SUITE","2026-05-05","passed","2026-05-05","Negative_Scenario.Vessel_Negative","TESTV2","Negative_Scenario.Vessel_Negative","VesselVoyages"
"","552","PoolPointMinMaxAvg","ALL API TEST SUITE","2026-05-05","passed","2026-05-05","Negative_Scenario.PoolPoint_Negative","TESTV2","Negative_Scenario.PoolPoint_Negative","PoolPointMinMaxAvg"
"","472","Comments","ALL API TEST SUITE","2026-05-05","passed","2026-05-05","Negative_Scenario.MarketData_Negative","TESTV2","Negative_Scenario.MarketData_Negative","Comments"
"","580","EuetsList","ALL API TEST SUITE","2026-05-05","passed","2026-05-05","Negative_Scenario.EUETS_Negative","TESTV2","Negative_Scenario.EUETS_Negative","EuetsList"
"","482","GetEarningsByParticipant","ALL API TEST SUITE","2026-05-05","passed","2026-05-05","Negative_Scenario.Earnings_Negative","TESTV2","Negative_Scenario.Earnings_Negative","GetEarningsByParticipant"
"","610","ManageDashboard","ALL API TEST SUITE","2026-05-05","passed","2026-05-05","Negative_Scenario.Dashboard_Negative","TESTV2","Negative_Scenario.Dashboard_Negative","ManageDashboard"
"","907","MarketReportFile","ALL API TEST SUITE","2026-05-05","passed","2026-05-05","Negative_Scenario.PoolDocuments_Negative","TESTV2","Negative_Scenario.PoolDocuments_Negative","MarketReportFile"
"","5032","HoverDetail","ALL API TEST SUITE","2026-05-05","failed","2026-05-05","Negative_Scenario.Vessel_Negative","TESTV2","Negative_Scenario.Vessel_Negative","HoverDetail"
"","3897","MonthlyData","ALL API TEST SUITE","2026-05-05","passed","2026-05-05","Negative_Scenario.Vessel_Negative","TESTV2","Negative_Scenario.Vessel_Negative","MonthlyData"
"","496","VesselAllEventSummary","ALL API TEST SUITE","2026-05-05","passed","2026-05-05","Negative_Scenario.Vessel_Negative","TESTV2","Negative_Scenario.Vessel_Negative","VesselAllEventSummary"
"","535","DashboardRemove","ALL API TEST SUITE","2026-05-05","passed","2026-05-05","Negative_Scenario.Dashboard_Negative","TESTV2","Negative_Scenario.Dashboard_Negative","DashboardRemove"
"","524","GetEarningsByVessel","ALL API TEST SUITE","2026-05-05","passed","2026-05-05","Negative_Scenario.Earnings_Negative","TESTV2","Negative_Scenario.Earnings_Negative","GetEarningsByVessel"
"","492","PoolPointList","ALL API TEST SUITE","2026-05-05","passed","2026-05-05","Negative_Scenario.PoolPoint_Negative","TESTV2","Negative_Scenario.PoolPoint_Negative","PoolPointList"
"","496","Earningsdistribution","ALL API TEST SUITE","2026-05-05","passed","2026-05-05","Negative_Scenario.Earnings_Negative","TESTV2","Negative_Scenario.Earnings_Negative","Earningsdistribution"
"","468","Peformancelist","ALL API TEST SUITE","2026-05-05","passed","2026-05-05","Negative_Scenario.Performance_Negative","TESTV2","Negative_Scenario.Performance_Negative","Peformancelist"
"","481","SpeedPercentageExport","ALL API TEST SUITE","2026-05-05","passed","2026-05-05","Negative_Scenario.Performance_Negative","TESTV2","Negative_Scenario.Performance_Negative","SpeedPercentageExport"
"","454","SpeedPercentage","ALL API TEST SUITE","2026-05-05","passed","2026-05-05","Negative_Scenario.Performance_Negative","TESTV2","Negative_Scenario.Performance_Negative","SpeedPercentage"
"","490","GetMinMaxAvgBySegment","ALL API TEST SUITE","2026-05-05","passed","2026-05-05","Negative_Scenario.Earnings_Negative","TESTV2","Negative_Scenario.Earnings_Negative","GetMinMaxAvgBySegment"
"","3902","SailingTime","ALL API TEST SUITE","2026-05-05","failed","2026-05-05","Negative_Scenario.Vessel_Negative","TESTV2","Negative_Scenario.Vessel_Negative","SailingTime"
"","483","Earningsdistribution","ALL API TEST SUITE","2026-05-05","passed","2026-05-05","Negative_Scenario.Earnings_Negative","TESTV2","Negative_Scenario.Earnings_Negative","Earningsdistribution"
"","597","SpeedPercentageBucket","ALL API TEST SUITE","2026-05-05","failed","2026-05-05","Negative_Scenario.Performance_Negative","TESTV2","Negative_Scenario.Performance_Negative","SpeedPercentageBucket"
"","447","GetNotification","ALL API TEST SUITE","2026-05-05","passed","2026-05-05","Negative_Scenario.Notifications_Negative","TESTV2","Negative_Scenario.Notifications_Negative","GetNotification"
"","491","MarketReportFile","ALL API TEST SUITE","2026-05-05","failed","2026-05-05","Negative_Scenario.PoolDocuments_Negative","TESTV2","Negative_Scenario.PoolDocuments_Negative","MarketReportFile"
"","486","Peformancelist","ALL API TEST SUITE","2026-05-05","passed","2026-05-05","Negative_Scenario.Performance_Negative","TESTV2","Negative_Scenario.Performance_Negative","Peformancelist"
"","527","GetEarningsByVessel","ALL API TEST SUITE","2026-05-05","passed","2026-05-05","Negative_Scenario.Earnings_Negative","TESTV2","Negative_Scenario.Earnings_Negative","GetEarningsByVessel"
"","664","ManageDashboard","ALL API TEST SUITE","2026-05-05","passed","2026-05-05","Negative_Scenario.Dashboard_Negative","TESTV2","Negative_Scenario.Dashboard_Negative","ManageDashboard"
"","469","PoolEarnings","ALL API TEST SUITE","2026-05-05","passed","2026-05-05","Negative_Scenario.MarketData_Negative","TESTV2","Negative_Scenario.MarketData_Negative","PoolEarnings"
"","519","GetEarningsBySegment","ALL API TEST SUITE","2026-05-05","passed","2026-05-05","Negative_Scenario.Earnings_Negative","TESTV2","Negative_Scenario.Earnings_Negative","GetEarningsBySegment"
"","3906","MonthlyData","ALL API TEST SUITE","2026-05-05","passed","2026-05-05","Negative_Scenario.Vessel_Negative","TESTV2","Negative_Scenario.Vessel_Negative","MonthlyData"
"","777","PoolPointMinMaxAvg","ALL API TEST SUITE","2026-05-05","failed","2026-05-05","Negative_Scenario.PoolPoint_Negative","TESTV2","Negative_Scenario.PoolPoint_Negative","PoolPointMinMaxAvg"
"","475","VesselEvents","ALL API TEST SUITE","2026-05-05","passed","2026-05-05","Negative_Scenario.Vessel_Negative","TESTV2","Negative_Scenario.Vessel_Negative","VesselEvents"
"","527","VesselonMap","ALL API TEST SUITE","2026-05-05","passed","2026-05-05","Negative_Scenario.GlobalMap_Negative","TESTV2","Negative_Scenario.GlobalMap_Negative","VesselonMap"
"","546","GetEarningsByParticipant","ALL API TEST SUITE","2026-05-05","failed","2026-05-05","Negative_Scenario.Earnings_Negative","TESTV2","Negative_Scenario.Earnings_Negative","GetEarningsByParticipant"
"","537","SpeedPercentageExport","ALL API TEST SUITE","2026-05-05","failed","2026-05-05","Negative_Scenario.Performance_Negative","TESTV2","Negative_Scenario.Performance_Negative","SpeedPercentageExport"
"","482","GetEarningsBySegment","ALL API TEST SUITE","2026-05-05","passed","2026-05-05","Negative_Scenario.Earnings_Negative","TESTV2","Negative_Scenario.Earnings_Negative","GetEarningsBySegment"
"","1265","Earningsdistribution","ALL API TEST SUITE","2026-05-05","failed","2026-05-05","Negative_Scenario.Earnings_Negative","TESTV2","Negative_Scenario.Earnings_Negative","Earningsdistribution"
"","488","FilterData","ALL API TEST SUITE","2026-05-05","passed","2026-05-05","Negative_Scenario.Filter_Negative","TESTV2","Negative_Scenario.Filter_Negative","FilterData"
"","524","EuetsByParticipants","ALL API TEST SUITE","2026-05-05","passed","2026-05-05","Negative_Scenario.EUETS_Negative","TESTV2","Negative_Scenario.EUETS_Negative","EuetsByParticipants"
"","448","Savenotifications","ALL API TEST SUITE","2026-05-05","passed","2026-05-05","Negative_Scenario.Notifications_Negative","TESTV2","Negative_Scenario.Notifications_Negative","Savenotifications"
"","574","EarningsExport","ALL API TEST SUITE","2026-05-05","passed","2026-05-05","Negative_Scenario.Earnings_Negative","TESTV2","Negative_Scenario.Earnings_Negative","EarningsExport"
"","621","VesselonMap","ALL API TEST SUITE","2026-05-05","passed","2026-05-05","Negative_Scenario.GlobalMap_Negative","TESTV2","Negative_Scenario.GlobalMap_Negative","VesselonMap"
"","490","GetMinMaxAvgBySegment","ALL API TEST SUITE","2026-05-05","failed","2026-05-05","Negative_Scenario.Earnings_Negative","TESTV2","Negative_Scenario.Earnings_Negative","GetMinMaxAvgBySegment"
"","769","VesselEvents","ALL API TEST SUITE","2026-05-05","failed","2026-05-05","Negative_Scenario.Vessel_Negative","TESTV2","Negative_Scenario.Vessel_Negative","VesselEvents"
"","1067","ProjectedRoute","ALL API TEST SUITE","2026-05-05","passed","2026-05-05","Negative_Scenario.GlobalMap_Negative","TESTV2","Negative_Scenario.GlobalMap_Negative","ProjectedRoute"
"","500","Earningsdistribution","ALL API TEST SUITE","2026-05-05","passed","2026-05-05","Negative_Scenario.Earnings_Negative","TESTV2","Negative_Scenario.Earnings_Negative","Earningsdistribution"
"","1242","Peformancelist","ALL API TEST SUITE","2026-05-05","failed","2026-05-05","Negative_Scenario.Performance_Negative","TESTV2","Negative_Scenario.Performance_Negative","Peformancelist"
"","514","EuetsList","ALL API TEST SUITE","2026-05-05","passed","2026-05-05","Negative_Scenario.EUETS_Negative","TESTV2","Negative_Scenario.EUETS_Negative","EuetsList"
"","468","Earningsdistribution","ALL API TEST SUITE","2026-05-05","passed","2026-05-05","Negative_Scenario.Earnings_Negative","TESTV2","Negative_Scenario.Earnings_Negative","Earningsdistribution"
"","473","Peformancelist","ALL API TEST SUITE","2026-05-05","passed","2026-05-05","Negative_Scenario.Performance_Negative","TESTV2","Negative_Scenario.Performance_Negative","Peformancelist"
"","650","VesselEvents","ALL API TEST SUITE","2026-05-05","passed","2026-05-05","Negative_Scenario.Vessel_Negative","TESTV2","Negative_Scenario.Vessel_Negative","VesselEvents"
"","9576","ProjectedRoute","ALL API TEST SUITE","2026-05-05","failed","2026-05-05","Negative_Scenario.GlobalMap_Negative","TESTV2","Negative_Scenario.GlobalMap_Negative","ProjectedRoute"
"","667","EarningsExport","ALL API TEST SUITE","2026-05-05","passed","2026-05-05","Negative_Scenario.Earnings_Negative","TESTV2","Negative_Scenario.Earnings_Negative","EarningsExport"
"","459","ReadUnreadNotifications","ALL API TEST SUITE","2026-05-05","passed","2026-05-05","Negative_Scenario.Notifications_Negative","TESTV2","Negative_Scenario.Notifications_Negative","ReadUnreadNotifications"
"","452","PoolEarnings","ALL API TEST SUITE","2026-05-05","passed","2026-05-05","Negative_Scenario.MarketData_Negative","TESTV2","Negative_Scenario.MarketData_Negative","PoolEarnings"
"","505","GetMinMaxAvgBySegment","ALL API TEST SUITE","2026-05-05","passed","2026-05-05","Negative_Scenario.Earnings_Negative","TESTV2","Negative_Scenario.Earnings_Negative","GetMinMaxAvgBySegment"
"","547","EuetsList","ALL API TEST SUITE","2026-05-05","passed","2026-05-05","Negative_Scenario.EUETS_Negative","TESTV2","Negative_Scenario.EUETS_Negative","EuetsList"
"","520","EuetsList","ALL API TEST SUITE","2026-05-05","passed","2026-05-05","Negative_Scenario.EUETS_Negative","TESTV2","Negative_Scenario.EUETS_Negative","EuetsList"
"","480","SpeedPercentageExport","ALL API TEST SUITE","2026-05-05","passed","2026-05-05","Negative_Scenario.Performance_Negative","TESTV2","Negative_Scenario.Performance_Negative","SpeedPercentageExport"
"","1375","ManageWidget","ALL API TEST SUITE","2026-05-05","failed","2026-05-05","Negative_Scenario.Dashboard_Negative","TESTV2","Negative_Scenario.Dashboard_Negative","ManageWidget"
"","509","VesselEvents","ALL API TEST SUITE","2026-05-05","failed","2026-05-05","Negative_Scenario.Vessel_Negative","TESTV2","Negative_Scenario.Vessel_Negative","VesselEvents"
"","486","FuelEuByVessel","ALL API TEST SUITE","2026-05-05","passed","2026-05-05","Negative_Scenario.FuelEU_Negative","TESTV2","Negative_Scenario.FuelEU_Negative","FuelEuByVessel"
"","548","SpeedPercentageExport","ALL API TEST SUITE","2026-05-05","failed","2026-05-05","Negative_Scenario.Performance_Negative","TESTV2","Negative_Scenario.Performance_Negative","SpeedPercentageExport"
"","9629","ProjectedRoute","ALL API TEST SUITE","2026-05-05","failed","2026-05-05","Negative_Scenario.GlobalMap_Negative","TESTV2","Negative_Scenario.GlobalMap_Negative","ProjectedRoute"
"","480","GetNotification","ALL API TEST SUITE","2026-05-05","passed","2026-05-05","Negative_Scenario.Notifications_Negative","TESTV2","Negative_Scenario.Notifications_Negative","GetNotification"
"","479","MapFilter","ALL API TEST SUITE","2026-05-05","passed","2026-05-05","Negative_Scenario.Filter_Negative","TESTV2","Negative_Scenario.Filter_Negative","MapFilter"
"","602","NoonReport","ALL API TEST SUITE","2026-05-05","failed","2026-05-05","Negative_Scenario.GlobalMap_Negative","TESTV2","Negative_Scenario.GlobalMap_Negative","NoonReport"
"","473","GetEarningsByYard","ALL API TEST SUITE","2026-05-05","passed","2026-05-05","Negative_Scenario.Earnings_Negative","TESTV2","Negative_Scenario.Earnings_Negative","GetEarningsByYard"
"","529","VesselonMap","ALL API TEST SUITE","2026-05-05","passed","2026-05-05","Negative_Scenario.GlobalMap_Negative","TESTV2","Negative_Scenario.GlobalMap_Negative","VesselonMap"
"","479","FilterData","ALL API TEST SUITE","2026-05-05","passed","2026-05-05","Negative_Scenario.Filter_Negative","TESTV2","Negative_Scenario.Filter_Negative","FilterData"
"","719","GetEarningsByYard","ALL API TEST SUITE","2026-05-05","passed","2026-05-05","Negative_Scenario.Earnings_Negative","TESTV2","Negative_Scenario.Earnings_Negative","GetEarningsByYard"
"","463","SpeedPercentageBucket","ALL API TEST SUITE","2026-05-05","passed","2026-05-05","Negative_Scenario.Performance_Negative","TESTV2","Negative_Scenario.Performance_Negative","SpeedPercentageBucket"
"","496","DashboardRemove","ALL API TEST SUITE","2026-05-05","passed","2026-05-05","Negative_Scenario.Dashboard_Negative","TESTV2","Negative_Scenario.Dashboard_Negative","DashboardRemove"
"","902","DashboardList","ALL API TEST SUITE","2026-05-05","failed","2026-05-05","Negative_Scenario.Dashboard_Negative","TESTV2","Negative_Scenario.Dashboard_Negative","DashboardList"
"","526","MapFilter","ALL API TEST SUITE","2026-05-05","passed","2026-05-05","Negative_Scenario.Filter_Negative","TESTV2","Negative_Scenario.Filter_Negative","MapFilter"
"","519","FuelEuByMonth","ALL API TEST SUITE","2026-05-05","passed","2026-05-05","Negative_Scenario.FuelEU_Negative","TESTV2","Negative_Scenario.FuelEU_Negative","FuelEuByMonth"
"","504","SpeedPercentageBucket","ALL API TEST SUITE","2026-05-05","passed","2026-05-05","Negative_Scenario.Performance_Negative","TESTV2","Negative_Scenario.Performance_Negative","SpeedPercentageBucket"
"","455","SaveNotificationPreference","ALL API TEST SUITE","2026-05-05","passed","2026-05-05","Negative_Scenario.Notifications_Negative","TESTV2","Negative_Scenario.Notifications_Negative","SaveNotificationPreference"
"","483","SpeedPercentageExport","ALL API TEST SUITE","2026-05-05","passed","2026-05-05","Negative_Scenario.Performance_Negative","TESTV2","Negative_Scenario.Performance_Negative","SpeedPercentageExport"
"","9714","ProjectedRoute","ALL API TEST SUITE","2026-05-05","failed","2026-05-05","Negative_Scenario.GlobalMap_Negative","TESTV2","Negative_Scenario.GlobalMap_Negative","ProjectedRoute"
"","465","SpeedPercentageExport","ALL API TEST SUITE","2026-05-05","passed","2026-05-05","Negative_Scenario.Performance_Negative","TESTV2","Negative_Scenario.Performance_Negative","SpeedPercentageExport"
"","576","GetEarningsByParticipant","ALL API TEST SUITE","2026-05-05","passed","2026-05-05","Negative_Scenario.Earnings_Negative","TESTV2","Negative_Scenario.Earnings_Negative","GetEarningsByParticipant"
"","482","EuetsByParticipants","ALL API TEST SUITE","2026-05-05","passed","2026-05-05","Negative_Scenario.EUETS_Negative","TESTV2","Negative_Scenario.EUETS_Negative","EuetsByParticipants"
"","470","SpeedPercentageExport","ALL API TEST SUITE","2026-05-05","passed","2026-05-05","Negative_Scenario.Performance_Negative","TESTV2","Negative_Scenario.Performance_Negative","SpeedPercentageExport"
"","485","GetEarningsBySegment","ALL API TEST SUITE","2026-05-05","passed","2026-05-05","Negative_Scenario.Earnings_Negative","TESTV2","Negative_Scenario.Earnings_Negative","GetEarningsBySegment"
"","870","SpeedPercentageExport","ALL API TEST SUITE","2026-05-05","passed","2026-05-05","Negative_Scenario.Performance_Negative","TESTV2","Negative_Scenario.Performance_Negative","SpeedPercentageExport"
"","506","Peformancelist","ALL API TEST SUITE","2026-05-05","passed","2026-05-05","Negative_Scenario.Performance_Negative","TESTV2","Negative_Scenario.Performance_Negative","Peformancelist"
"","483","SpeedPercentage","ALL API TEST SUITE","2026-05-05","passed","2026-05-05","Negative_Scenario.Performance_Negative","TESTV2","Negative_Scenario.Performance_Negative","SpeedPercentage"
"","606","DashboardWidgets","ALL API TEST SUITE","2026-05-05","passed","2026-05-05","Negative_Scenario.Dashboard_Negative","TESTV2","Negative_Scenario.Dashboard_Negative","DashboardWidgets"
"","3924","MonthlyData","ALL API TEST SUITE","2026-05-05","passed","2026-05-05","Negative_Scenario.Vessel_Negative","TESTV2","Negative_Scenario.Vessel_Negative","MonthlyData"
"","2257","FuelEuByVessel","ALL API TEST SUITE","2026-05-05","failed","2026-05-05","Negative_Scenario.FuelEU_Negative","TESTV2","Negative_Scenario.FuelEU_Negative","FuelEuByVessel"
"","793","SpeedPercentageExport","ALL API TEST SUITE","2026-05-05","failed","2026-05-05","Negative_Scenario.Performance_Negative","TESTV2","Negative_Scenario.Performance_Negative","SpeedPercentageExport"
"","576","VesselonMap","ALL API TEST SUITE","2026-05-05","passed","2026-05-05","Negative_Scenario.GlobalMap_Negative","TESTV2","Negative_Scenario.GlobalMap_Negative","VesselonMap"
"","589","GetEarningsByYard","ALL API TEST SUITE","2026-05-05","failed","2026-05-05","Negative_Scenario.Earnings_Negative","TESTV2","Negative_Scenario.Earnings_Negative","GetEarningsByYard"
"","487","FilterData","ALL API TEST SUITE","2026-05-05","passed","2026-05-05","Negative_Scenario.Filter_Negative","TESTV2","Negative_Scenario.Filter_Negative","FilterData"
"","1016","MarketReport","ALL API TEST SUITE","2026-05-05","passed","2026-05-05","Negative_Scenario.MarketData_Negative","TESTV2","Negative_Scenario.MarketData_Negative","MarketReport"
"","491","Peformancelist","ALL API TEST SUITE","2026-05-05","passed","2026-05-05","Negative_Scenario.Performance_Negative","TESTV2","Negative_Scenario.Performance_Negative","Peformancelist"
"","3852","MonthlyData","ALL API TEST SUITE","2026-05-05","passed","2026-05-05","Negative_Scenario.Vessel_Negative","TESTV2","Negative_Scenario.Vessel_Negative","MonthlyData"
"","462","EuetsByParticipants","ALL API TEST SUITE","2026-05-05","passed","2026-05-05","Negative_Scenario.EUETS_Negative","TESTV2","Negative_Scenario.EUETS_Negative","EuetsByParticipants"
"","467","SpeedPercentage","ALL API TEST SUITE","2026-05-05","passed","2026-05-05","Negative_Scenario.Performance_Negative","TESTV2","Negative_Scenario.Performance_Negative","SpeedPercentage"
"","490","FuelEuByVessel","ALL API TEST SUITE","2026-05-05","passed","2026-05-05","Negative_Scenario.FuelEU_Negative","TESTV2","Negative_Scenario.FuelEU_Negative","FuelEuByVessel"
"","487","VesselOverview","ALL API TEST SUITE","2026-05-05","passed","2026-05-05","Negative_Scenario.Vessel_Negative","TESTV2","Negative_Scenario.Vessel_Negative","VesselOverview"
"","455","UnreadNotificationCount","ALL API TEST SUITE","2026-05-05","passed","2026-05-05","Negative_Scenario.Notifications_Negative","TESTV2","Negative_Scenario.Notifications_Negative","UnreadNotificationCount"
"","488","GetEarningsByYard","ALL API TEST SUITE","2026-05-05","passed","2026-05-05","Negative_Scenario.Earnings_Negative","TESTV2","Negative_Scenario.Earnings_Negative","GetEarningsByYard"
"","499","EuetsByParticipants","ALL API TEST SUITE","2026-05-05","passed","2026-05-05","Negative_Scenario.EUETS_Negative","TESTV2","Negative_Scenario.EUETS_Negative","EuetsByParticipants"
"","499","GetTop3EarningsByParticipant","ALL API TEST SUITE","2026-05-05","passed","2026-05-05","Negative_Scenario.Earnings_Negative","TESTV2","Negative_Scenario.Earnings_Negative","GetTop3EarningsByParticipant"
"","584","MapFilter","ALL API TEST SUITE","2026-05-05","failed","2026-05-05","Negative_Scenario.Filter_Negative","TESTV2","Negative_Scenario.Filter_Negative","MapFilter"
"","526","VesselOverview","ALL API TEST SUITE","2026-05-05","passed","2026-05-05","Negative_Scenario.Vessel_Negative","TESTV2","Negative_Scenario.Vessel_Negative","VesselOverview"
"","465","FilterData","ALL API TEST SUITE","2026-05-05","passed","2026-05-05","Negative_Scenario.Filter_Negative","TESTV2","Negative_Scenario.Filter_Negative","FilterData"
"","487","GetEarningsBySegment","ALL API TEST SUITE","2026-05-05","passed","2026-05-05","Negative_Scenario.Earnings_Negative","TESTV2","Negative_Scenario.Earnings_Negative","GetEarningsBySegment"
"","576","SpeedPercentageBucket","ALL API TEST SUITE","2026-05-05","passed","2026-05-05","Negative_Scenario.Performance_Negative","TESTV2","Negative_Scenario.Performance_Negative","SpeedPercentageBucket"
"","459","EarningsExport","ALL API TEST SUITE","2026-05-05","passed","2026-05-05","Negative_Scenario.Earnings_Negative","TESTV2","Negative_Scenario.Earnings_Negative","EarningsExport"
"","514","GetEarningsByYard","ALL API TEST SUITE","2026-05-05","passed","2026-05-05","Negative_Scenario.Earnings_Negative","TESTV2","Negative_Scenario.Earnings_Negative","GetEarningsByYard"
