"DESCRIPTION","DURATION IN MS","NAME","PARENT SUITE","START TIME","STATUS","STOP TIME","SUB SUITE","SUITE","TEST CLASS","TEST METHOD"
"Submit Loan Customer Preferences","4706","SubmitLoanPreferencesNegative - dealDiscount float","API_Regression_Suite","2026-03-11","passed","2026-03-11","autochek_api_negative.OfferSimulation.OfferSimulationNegative","Autochek_API_Automation","autochek_api_negative.OfferSimulation.OfferSimulationNegative","SubmitLoanPreferencesNegative"
"Validates negative test cases for Preview Template API using first created templateId map","0","PreviewTemplateNegativeTest - Passing token as empty","API_Regression_Suite","2026-03-11","skipped","2026-03-11","autochek_api_negative.Template.TemplateV1Negative.TemplateV1Negative","Autochek_API_Automation","autochek_api_negative.Template.TemplateV1Negative.TemplateV1Negative","PreviewTemplateNegativeTest"
"Submit Loan Customer Preferences","725","SubmitLoanPreferencesNegative - interestRateType spaces only","API_Regression_Suite","2026-03-11","passed","2026-03-11","autochek_api_negative.OfferSimulation.OfferSimulationNegative","Autochek_API_Automation","autochek_api_negative.OfferSimulation.OfferSimulationNegative","SubmitLoanPreferencesNegative"
"Submit Loan Customer Preferences","551","SubmitLoanPreferencesNegative - tyreBrand XSS injection","API_Regression_Suite","2026-03-11","passed","2026-03-11","autochek_api_negative.OfferSimulation.OfferSimulationNegative","Autochek_API_Automation","autochek_api_negative.OfferSimulation.OfferSimulationNegative","SubmitLoanPreferencesNegative"
"Create Inspection for the carID generated in Car Creation","795","PostCreateInspection - Null inspection_request_id","API_Regression_Suite","2026-03-11","passed","2026-03-11","autochek_api_negative.DetachTyresSpecification.DetachTyresSpecificationNegative","Autochek_API_Automation","autochek_api_negative.DetachTyresSpecification.DetachTyresSpecificationNegative","PostCreateInspection"
"Validate Template Schema API using sheet driven template names","0","GetTemplateSchemaTest - Template name contains numeric only value","API_Regression_Suite","2026-03-11","skipped","2026-03-11","autochek_api_negative.Template.TemplateV1Negative.TemplateV1Negative","Autochek_API_Automation","autochek_api_negative.Template.TemplateV1Negative.TemplateV1Negative","GetTemplateSchemaTest"
"Validates GET /v1/inventory/inspection_request with dynamic parameters - Negative Test","810","GetInspectionRequestNegative - Pass a mix of valid and invalid fields","API_Regression_Suite","2026-03-11","passed","2026-03-11","autochek_api_negative.InventoryService.DynamicResponseNegative","Autochek_API_Automation","autochek_api_negative.InventoryService.DynamicResponseNegative","GetInspectionRequestNegative"
"Validates GET /v2/origination/loans/{loan_id}/logbook/booking-info - Negative Test","584","GetBookingInfoForLogbookLoanNegative - Send loan_id as empty string","API_Regression_Suite","2026-03-11","passed","2026-03-11","autochek_api_negative.OriginationService.ResponsePayloadReductionV2APIsNegative","Autochek_API_Automation","autochek_api_negative.OriginationService.ResponsePayloadReductionV2APIsNegative","GetBookingInfoForLogbookLoanNegative"
"Validate negative scenarios for template creation based on sheet data","4","CreateEmailTemplate - account_id exceeds maximum allowed numeric length","API_Regression_Suite","2026-03-11","skipped","2026-03-11","autochek_api_negative.Template.TemplateV1Negative.TemplateV1Negative","Autochek_API_Automation","autochek_api_negative.Template.TemplateV1Negative.TemplateV1Negative","CreateEmailTemplate"
"Create Inspection for the carID generated in Car Creation","570","PostCreateInspection - Decimal number","API_Regression_Suite","2026-03-11","passed","2026-03-11","autochek_api_negative.DetachTyresSpecification.DetachTyresSpecificationNegative","Autochek_API_Automation","autochek_api_negative.DetachTyresSpecification.DetachTyresSpecificationNegative","PostCreateInspection"
"Submit Loan Customer Preferences","1790","SubmitLoanPreferencesNegative - tyreQuantity blank","API_Regression_Suite","2026-03-11","passed","2026-03-11","autochek_api_negative.OfferSimulation.OfferSimulationNegative","Autochek_API_Automation","autochek_api_negative.OfferSimulation.OfferSimulationNegative","SubmitLoanPreferencesNegative"
"Submit Loan Customer Preferences","850","SubmitLoanPreferencesNegative - Tyre Quantity not in allowed set","API_Regression_Suite","2026-03-11","failed","2026-03-11","autochek_api_negative.OfferSimulation.OfferSimulationNegative","Autochek_API_Automation","autochek_api_negative.OfferSimulation.OfferSimulationNegative","SubmitLoanPreferencesNegative"
"Validate negative scenarios for template creation based on sheet data","3","UpdateEmailTemplate - providerId is empty string while others are valid","API_Regression_Suite","2026-03-11","skipped","2026-03-11","autochek_api_negative.Template.TemplateV1Negative.TemplateV1Negative","Autochek_API_Automation","autochek_api_negative.Template.TemplateV1Negative.TemplateV1Negative","UpdateEmailTemplate"
"Submit Loan Customer Preferences","1506","SubmitLoanPreferencesNegative - requestedWarrantyPlan special characters","API_Regression_Suite","2026-03-11","passed","2026-03-11","autochek_api_negative.OfferSimulation.OfferSimulationNegative","Autochek_API_Automation","autochek_api_negative.OfferSimulation.OfferSimulationNegative","SubmitLoanPreferencesNegative"
"Create Inspection for the carID generated in Car Creation","816","PostCreateInspection - Value with leading/trailing spaces","API_Regression_Suite","2026-03-11","passed","2026-03-11","autochek_api_negative.DetachTyresSpecification.DetachTyresSpecificationNegative","Autochek_API_Automation","autochek_api_negative.DetachTyresSpecification.DetachTyresSpecificationNegative","PostCreateInspection"
"Submit Loan Customer Preferences","1350","SubmitLoanPreferencesNegative - dealDiscount no %","API_Regression_Suite","2026-03-11","passed","2026-03-11","autochek_api_negative.OfferSimulation.OfferSimulationNegative","Autochek_API_Automation","autochek_api_negative.OfferSimulation.OfferSimulationNegative","SubmitLoanPreferencesNegative"
"Create Inspection for the carID generated in Car Creation","605","PostCreateInspection - Very large numeric value","API_Regression_Suite","2026-03-11","passed","2026-03-11","autochek_api_negative.DetachTyresSpecification.DetachTyresSpecificationNegative","Autochek_API_Automation","autochek_api_negative.DetachTyresSpecification.DetachTyresSpecificationNegative","PostCreateInspection"
"Validate negative scenarios for template creation based on sheet data","2","UpdateEmailTemplate - providerId already mapped to another template (duplicate conflict)","API_Regression_Suite","2026-03-11","skipped","2026-03-11","autochek_api_negative.Template.TemplateV1Negative.TemplateV1Negative","Autochek_API_Automation","autochek_api_negative.Template.TemplateV1Negative.TemplateV1Negative","UpdateEmailTemplate"
"Submit Loan Customer Preferences","798","SubmitLoanPreferencesNegative - requestedWarrantyPlan blank","API_Regression_Suite","2026-03-11","passed","2026-03-11","autochek_api_negative.OfferSimulation.OfferSimulationNegative","Autochek_API_Automation","autochek_api_negative.OfferSimulation.OfferSimulationNegative","SubmitLoanPreferencesNegative"
"Validates negative test cases for Preview Template API using first created templateId map","0","PreviewTemplateNegativeTest - user_name field omitted while mandatory","API_Regression_Suite","2026-03-11","skipped","2026-03-11","autochek_api_negative.Template.TemplateV1Negative.TemplateV1Negative","Autochek_API_Automation","autochek_api_negative.Template.TemplateV1Negative.TemplateV1Negative","PreviewTemplateNegativeTest"
"Validate negative scenarios for template creation based on sheet data","3","UpdateEmailTemplate - Name already exists in system (duplicate)","API_Regression_Suite","2026-03-11","skipped","2026-03-11","autochek_api_negative.Template.TemplateV1Negative.TemplateV1Negative","Autochek_API_Automation","autochek_api_negative.Template.TemplateV1Negative.TemplateV1Negative","UpdateEmailTemplate"
"Fetching loan by ID","558","GetLoanByIdNegative - Send loan_id as null","API_Regression_Suite","2026-03-11","passed","2026-03-11","autochek_api_negative.OriginationService.ResponsePayloadReductionV2APIsNegative","Autochek_API_Automation","autochek_api_negative.OriginationService.ResponsePayloadReductionV2APIsNegative","GetLoanByIdNegative"
"Validates GET /v1/inventory/car with dynamic parameters - Negative Test","1665","GetCarListNegative - Validate API handles when passing blank fields value","API_Regression_Suite","2026-03-11","passed","2026-03-11","autochek_api_negative.InventoryService.DynamicResponseNegative","Autochek_API_Automation","autochek_api_negative.InventoryService.DynamicResponseNegative","GetCarListNegative"
"Validates GET /v1/inventory/obds with dynamic parameters - Negative Test","703","GetObdsNegative - Use mixed exclusions and valid fields","API_Regression_Suite","2026-03-11","passed","2026-03-11","autochek_api_negative.InventoryService.DynamicResponseNegative","Autochek_API_Automation","autochek_api_negative.InventoryService.DynamicResponseNegative","GetObdsNegative"
"Negative test for Create System Config V2","2","PostSystemConfigV2 - REQUIRE_LOWERCASE string true instead of boolean","API_Regression_Suite","2026-03-11","skipped","2026-03-11","autochek_api_negative.UserService.UserServiceV2Negative","Autochek_API_Automation","autochek_api_negative.UserService.UserServiceV2Negative","PostSystemConfigV2"
"Validate updated description and render flag using GET API for all templates","0","validatePatchedTemplatesUsingGet","API_Regression_Suite","2026-03-11","skipped","2026-03-11","autochek_api_positive.Template.TemplateV1Positive","Autochek_API_Automation","autochek_api_positive.Template.TemplateV1Positive","validatePatchedTemplatesUsingGet"
"Submit Loan Customer Preferences","757","SubmitLoanPreferencesNegative - includeLicenceRenewalFees spaces only","API_Regression_Suite","2026-03-11","passed","2026-03-11","autochek_api_negative.OfferSimulation.OfferSimulationNegative","Autochek_API_Automation","autochek_api_negative.OfferSimulation.OfferSimulationNegative","SubmitLoanPreferencesNegative"
"Validates GET /v1/inspection with dynamic parameters - Negative Test","852","GetInspectionNegative - Validate API fails when requesting invalid field name","API_Regression_Suite","2026-03-11","passed","2026-03-11","autochek_api_negative.InventoryService.DynamicResponseNegative","Autochek_API_Automation","autochek_api_negative.InventoryService.DynamicResponseNegative","GetInspectionNegative"
"Validates GET /v2/origination/sources with dynamic parameters - Negative Test","717","GetSourcesListNegative - country is number","API_Regression_Suite","2026-03-11","passed","2026-03-11","autochek_api_negative.OriginationService.ResponsePayloadReductionV2APIsNegative","Autochek_API_Automation","autochek_api_negative.OriginationService.ResponsePayloadReductionV2APIsNegative","GetSourcesListNegative"
"Validate negative scenarios for template creation based on sheet data","2","UpdateEmailTemplate - Name contains SQL injection payload","API_Regression_Suite","2026-03-11","skipped","2026-03-11","autochek_api_negative.Template.TemplateV1Negative.TemplateV1Negative","Autochek_API_Automation","autochek_api_negative.Template.TemplateV1Negative.TemplateV1Negative","UpdateEmailTemplate"
"Validates GET /v1/inspection with dynamic parameters - Negative Test","862","GetInspectionNegative - Pass excluded field that doesn't exist","API_Regression_Suite","2026-03-11","passed","2026-03-11","autochek_api_negative.InventoryService.DynamicResponseNegative","Autochek_API_Automation","autochek_api_negative.InventoryService.DynamicResponseNegative","GetInspectionNegative"
"Update Car and Validate Response","756","PutUpdateCar - created_by too short (1 char)","API_Regression_Suite","2026-03-11","passed","2026-03-11","autochek_api_negative.DetachTyresSpecification.DetachTyresSpecificationNegative","Autochek_API_Automation","autochek_api_negative.DetachTyresSpecification.DetachTyresSpecificationNegative","PutUpdateCar"
"Create WhatsApp Order Confirmation template and validate full response","3","createWhatsAppOrderConfirmationTemplate","API_Regression_Suite","2026-03-11","skipped","2026-03-11","autochek_api_positive.Template.TemplateV1Positive","Autochek_API_Automation","autochek_api_positive.Template.TemplateV1Positive","createWhatsAppOrderConfirmationTemplate"
"Negative test for Create System Config V2","0","PostSystemConfigV2 - REQUIRE_SPECIAL_CHAR object structure passed","API_Regression_Suite","2026-03-11","skipped","2026-03-11","autochek_api_negative.UserService.UserServiceV2Negative","Autochek_API_Automation","autochek_api_negative.UserService.UserServiceV2Negative","PostSystemConfigV2"
"Submit Loan Customer Preferences","608","SubmitLoanPreferencesNegative - upfrontWarranty XSS attempt","API_Regression_Suite","2026-03-11","passed","2026-03-11","autochek_api_negative.OfferSimulation.OfferSimulationNegative","Autochek_API_Automation","autochek_api_negative.OfferSimulation.OfferSimulationNegative","SubmitLoanPreferencesNegative"
"","0","PostLogoutAllAdminNegative - Send SQL injection string as token","API_Regression_Suite","2026-03-11","skipped","2026-03-11","autochek_api_negative.UserService.UserServiceV2Negative","Autochek_API_Automation","autochek_api_negative.UserService.UserServiceV2Negative","PostLogoutAllAdminNegative"
"Validate negative scenarios for template creation based on sheet data","2","CreateEmailTemplate - audienceType contains invalid value not supported by system","API_Regression_Suite","2026-03-11","skipped","2026-03-11","autochek_api_negative.Template.TemplateV1Negative.TemplateV1Negative","Autochek_API_Automation","autochek_api_negative.Template.TemplateV1Negative.TemplateV1Negative","CreateEmailTemplate"
"Validates negative test cases for Preview Template API using first created templateId map","5","PreviewTemplateNegativeTest - user_name passed as numberValue instead of stringValue","API_Regression_Suite","2026-03-11","skipped","2026-03-11","autochek_api_negative.Template.TemplateV1Negative.TemplateV1Negative","Autochek_API_Automation","autochek_api_negative.Template.TemplateV1Negative.TemplateV1Negative","PreviewTemplateNegativeTest"
"","2","PostLogoutV2Negative - Send refresh token containing SQL injection string","API_Regression_Suite","2026-03-11","skipped","2026-03-11","autochek_api_negative.UserService.UserServiceV2Negative","Autochek_API_Automation","autochek_api_negative.UserService.UserServiceV2Negative","PostLogoutV2Negative"
"","2","PostEnableUserV2Negative - Send expired or invalid access token","API_Regression_Suite","2026-03-11","skipped","2026-03-11","autochek_api_negative.UserService.UserServiceV2Negative","Autochek_API_Automation","autochek_api_negative.UserService.UserServiceV2Negative","PostEnableUserV2Negative"
"Update System Config dynamically for PASSWORD_POLICY or USER_SESSION","5","PatchSystemConfigV2 - REQUIRE_NUMBER zero value","API_Regression_Suite","2026-03-11","skipped","2026-03-11","autochek_api_negative.UserService.UserServiceV2Negative","Autochek_API_Automation","autochek_api_negative.UserService.UserServiceV2Negative","PatchSystemConfigV2"
"","4","PostUserSignUpV2Negative - Email is an empty string","API_Regression_Suite","2026-03-11","skipped","2026-03-11","autochek_api_negative.UserService.UserServiceV2Negative","Autochek_API_Automation","autochek_api_negative.UserService.UserServiceV2Negative","PostUserSignUpV2Negative"
"Validates GET /v1/inventory/car with dynamic parameters - Negative Test","2518","GetCarListNegative - Validate API fails when requesting multiple invalid fields","API_Regression_Suite","2026-03-11","passed","2026-03-11","autochek_api_negative.InventoryService.DynamicResponseNegative","Autochek_API_Automation","autochek_api_negative.InventoryService.DynamicResponseNegative","GetCarListNegative"
"","6271","submitLoanPreference - Residual percentage 10%","API_Regression_Suite","2026-03-11","passed","2026-03-11","autochek_api_positive.OfferSimulation.OfferSimulationPositive","Autochek_API_Automation","autochek_api_positive.OfferSimulation.OfferSimulationPositive","submitLoanPreference"
"Validate negative scenarios for template creation based on sheet data","0","CreateEmailTemplate - providerId contains special characters","API_Regression_Suite","2026-03-11","skipped","2026-03-11","autochek_api_negative.Template.TemplateV1Negative.TemplateV1Negative","Autochek_API_Automation","autochek_api_negative.Template.TemplateV1Negative.TemplateV1Negative","CreateEmailTemplate"
"Validates GET /v2/origination/offers with dynamic parameters - Positive Test","746","GetOffersListNegative - country is null","API_Regression_Suite","2026-03-11","passed","2026-03-11","autochek_api_negative.OriginationService.ResponsePayloadReductionV2APIsNegative","Autochek_API_Automation","autochek_api_negative.OriginationService.ResponsePayloadReductionV2APIsNegative","GetOffersListNegative"
"Get the list of Tyre brands","984","GetTyreBrands","API_Regression_Suite","2026-03-11","passed","2026-03-11","autochek_api_positive.OfferSimulation.OfferSimulationPositive","Autochek_API_Automation","autochek_api_positive.OfferSimulation.OfferSimulationPositive","GetTyreBrands"
"Validates GET /v1/inspection with dynamic parameters - Negative Test","613","GetInspectionNegative - Pass field value inside relations","API_Regression_Suite","2026-03-11","passed","2026-03-11","autochek_api_negative.InventoryService.DynamicResponseNegative","Autochek_API_Automation","autochek_api_negative.InventoryService.DynamicResponseNegative","GetInspectionNegative"
"Negative test for Create System Config V2","0","PostSystemConfigV2 - DISALLOW_WHITESPACES empty value","API_Regression_Suite","2026-03-11","skipped","2026-03-11","autochek_api_negative.UserService.UserServiceV2Negative","Autochek_API_Automation","autochek_api_negative.UserService.UserServiceV2Negative","PostSystemConfigV2"
"Validates GET /v1/inspection with dynamic parameters - Negative Test","783","GetInspectionNegative - Validate API fails when excluding a non-existent field","API_Regression_Suite","2026-03-11","passed","2026-03-11","autochek_api_negative.InventoryService.DynamicResponseNegative","Autochek_API_Automation","autochek_api_negative.InventoryService.DynamicResponseNegative","GetInspectionNegative"
"","2142","PostUserSignUpV2 - Verify signup with userType = partner","API_Regression_Suite","2026-03-11","passed","2026-03-11","autochek_api_positive.UserService.UserServiceV2","Autochek_API_Automation","autochek_api_positive.UserService.UserServiceV2","PostUserSignUpV2"
"","0","PostDisableUserV2Negative - Send SQL injection string as token","API_Regression_Suite","2026-03-11","skipped","2026-03-11","autochek_api_negative.UserService.UserServiceV2Negative","Autochek_API_Automation","autochek_api_negative.UserService.UserServiceV2Negative","PostDisableUserV2Negative"
"Submit Loan Customer Preferences","683","SubmitLoanPreferencesNegative - residualPercentage special characters","API_Regression_Suite","2026-03-11","passed","2026-03-11","autochek_api_negative.OfferSimulation.OfferSimulationNegative","Autochek_API_Automation","autochek_api_negative.OfferSimulation.OfferSimulationNegative","SubmitLoanPreferencesNegative"
"Negative test for Create System Config V2","14","PostSystemConfigV2 - DISALLOW_WHITESPACES array structure passed","API_Regression_Suite","2026-03-11","skipped","2026-03-11","autochek_api_negative.UserService.UserServiceV2Negative","Autochek_API_Automation","autochek_api_negative.UserService.UserServiceV2Negative","PostSystemConfigV2"
"Update Car and Validate Response","1237","PutUpdateCar - address as empty","API_Regression_Suite","2026-03-11","passed","2026-03-11","autochek_api_negative.DetachTyresSpecification.DetachTyresSpecificationNegative","Autochek_API_Automation","autochek_api_negative.DetachTyresSpecification.DetachTyresSpecificationNegative","PutUpdateCar"
"","2","PostLogoutAllAdminNegative - userId as boolean true","API_Regression_Suite","2026-03-11","skipped","2026-03-11","autochek_api_negative.UserService.UserServiceV2Negative","Autochek_API_Automation","autochek_api_negative.UserService.UserServiceV2Negative","PostLogoutAllAdminNegative"
"Validates GET /v1/inventory/body_type with dynamic parameters - Positive Test","551","GetBodyType - Validate id and name fields are returned","API_Regression_Suite","2026-03-11","passed","2026-03-11","autochek_api_positive.InventoryService.DynamicResponsePositive","Autochek_API_Automation","autochek_api_positive.InventoryService.DynamicResponsePositive","GetBodyType"
"Submit Loan Customer Preferences","548","SubmitLoanPreferencesNegative - Interest Rate below allowed range","API_Regression_Suite","2026-03-11","failed","2026-03-11","autochek_api_negative.OfferSimulation.OfferSimulationNegative","Autochek_API_Automation","autochek_api_negative.OfferSimulation.OfferSimulationNegative","SubmitLoanPreferencesNegative"
"Submit Loan Customer Preferences","658","SubmitLoanPreferencesNegative - upfrontMaintenancePlan SQL injection attempt","API_Regression_Suite","2026-03-11","passed","2026-03-11","autochek_api_negative.OfferSimulation.OfferSimulationNegative","Autochek_API_Automation","autochek_api_negative.OfferSimulation.OfferSimulationNegative","SubmitLoanPreferencesNegative"
"","3","PostUserSignUpV2Negative - Email without “@” character","API_Regression_Suite","2026-03-11","skipped","2026-03-11","autochek_api_negative.UserService.UserServiceV2Negative","Autochek_API_Automation","autochek_api_negative.UserService.UserServiceV2Negative","PostUserSignUpV2Negative"
"Submit Loan Customer Preferences","1227","SubmitLoanPreferencesNegative - tyreQuantity decimal","API_Regression_Suite","2026-03-11","passed","2026-03-11","autochek_api_negative.OfferSimulation.OfferSimulationNegative","Autochek_API_Automation","autochek_api_negative.OfferSimulation.OfferSimulationNegative","SubmitLoanPreferencesNegative"
"","15","PostLoginV2Negative - Username is null","API_Regression_Suite","2026-03-11","skipped","2026-03-11","autochek_api_negative.UserService.UserServiceV2Negative","Autochek_API_Automation","autochek_api_negative.UserService.UserServiceV2Negative","PostLoginV2Negative"
"Validates negative test cases for Send Template API with various invalid and omitted parameters","0","SendTemplateNegativeTest - name numeric value","API_Regression_Suite","2026-03-11","skipped","2026-03-11","autochek_api_negative.Template.TemplateV1Negative.TemplateV1Negative","Autochek_API_Automation","autochek_api_negative.Template.TemplateV1Negative.TemplateV1Negative","SendTemplateNegativeTest"
"Delete USER_SESSION and PASSWORD_POLICY using stored IDs","2","deleteSystemConfigs - Delete with leading/trailing spaces in ID","API_Regression_Suite","2026-03-11","skipped","2026-03-11","autochek_api_negative.UserService.UserServiceV2Negative","Autochek_API_Automation","autochek_api_negative.UserService.UserServiceV2Negative","deleteSystemConfigs"
"Validates GET /v1/inventory/obds with dynamic parameters - Positive Test","744","GetObds - Validate only description field is returned","API_Regression_Suite","2026-03-11","failed","2026-03-11","autochek_api_positive.InventoryService.DynamicResponsePositive","Autochek_API_Automation","autochek_api_positive.InventoryService.DynamicResponsePositive","GetObds"
"Validates GET /v1/inventory/trims with dynamic parameters - Negative Test","539","GetTrimsNegative - Validate response when passing null as field","API_Regression_Suite","2026-03-11","passed","2026-03-11","autochek_api_negative.InventoryService.DynamicResponseNegative","Autochek_API_Automation","autochek_api_negative.InventoryService.DynamicResponseNegative","GetTrimsNegative"
"Accept Simulation Offer","679","AcceptOfferNegative - Send loan_id as empty string","API_Regression_Suite","2026-03-11","passed","2026-03-11","autochek_api_negative.OfferSimulation.OfferSimulationNegative","Autochek_API_Automation","autochek_api_negative.OfferSimulation.OfferSimulationNegative","AcceptOfferNegative"
"Validate negative scenarios for template creation based on sheet data","3","CreateEmailTemplate - audienceType contains SQL injection payload","API_Regression_Suite","2026-03-11","skipped","2026-03-11","autochek_api_negative.Template.TemplateV1Negative.TemplateV1Negative","Autochek_API_Automation","autochek_api_negative.Template.TemplateV1Negative.TemplateV1Negative","CreateEmailTemplate"
"","3","PostLogoutAllAdminNegative - userId as very short string","API_Regression_Suite","2026-03-11","skipped","2026-03-11","autochek_api_negative.UserService.UserServiceV2Negative","Autochek_API_Automation","autochek_api_negative.UserService.UserServiceV2Negative","PostLogoutAllAdminNegative"
"Validate negative scenarios for template creation based on sheet data","3","UpdateEmailTemplate - Name contains special characters","API_Regression_Suite","2026-03-11","skipped","2026-03-11","autochek_api_negative.Template.TemplateV1Negative.TemplateV1Negative","Autochek_API_Automation","autochek_api_negative.Template.TemplateV1Negative.TemplateV1Negative","UpdateEmailTemplate"
"Negative test for Create System Config V2","3","PostSystemConfigV2 - REQUIRE_LOWERCASE SQL injection attempt","API_Regression_Suite","2026-03-11","skipped","2026-03-11","autochek_api_negative.UserService.UserServiceV2Negative","Autochek_API_Automation","autochek_api_negative.UserService.UserServiceV2Negative","PostSystemConfigV2"
"Validates GET /v1/inspection with dynamic parameters - Negative Test","536","GetInspectionNegative - Pass non-existing relation","API_Regression_Suite","2026-03-11","passed","2026-03-11","autochek_api_negative.InventoryService.DynamicResponseNegative","Autochek_API_Automation","autochek_api_negative.InventoryService.DynamicResponseNegative","GetInspectionNegative"
"","0","GetMeV2Negative - Send invalid (tampered) access token","API_Regression_Suite","2026-03-11","skipped","2026-03-11","autochek_api_negative.UserService.UserServiceV2Negative","Autochek_API_Automation","autochek_api_negative.UserService.UserServiceV2Negative","GetMeV2Negative"
"Validates GET /v2/origination/loans/{loan_id}/accepted-offer - Negative Test","721","GetAcceptedOfferByLoanIdNegative - Script injection (XSS attempt)","API_Regression_Suite","2026-03-11","passed","2026-03-11","autochek_api_negative.OriginationService.ResponsePayloadReductionV2APIsNegative","Autochek_API_Automation","autochek_api_negative.OriginationService.ResponsePayloadReductionV2APIsNegative","GetAcceptedOfferByLoanIdNegative"
"Update System Config dynamically for PASSWORD_POLICY or USER_SESSION","4","PatchSystemConfigV2 - REQUIRE_LOWERCASE empty value","API_Regression_Suite","2026-03-11","skipped","2026-03-11","autochek_api_negative.UserService.UserServiceV2Negative","Autochek_API_Automation","autochek_api_negative.UserService.UserServiceV2Negative","PatchSystemConfigV2"
"Validates GET /v2/origination/offers with dynamic parameters - Positive Test","903","GetOffersListNegative - page_size is zero","API_Regression_Suite","2026-03-11","passed","2026-03-11","autochek_api_negative.OriginationService.ResponsePayloadReductionV2APIsNegative","Autochek_API_Automation","autochek_api_negative.OriginationService.ResponsePayloadReductionV2APIsNegative","GetOffersListNegative"
"Submit Loan Customer Preferences","712","SubmitLoanPreferencesNegative - includeLicenceRenewalFees unsupported option n","API_Regression_Suite","2026-03-11","passed","2026-03-11","autochek_api_negative.OfferSimulation.OfferSimulationNegative","Autochek_API_Automation","autochek_api_negative.OfferSimulation.OfferSimulationNegative","SubmitLoanPreferencesNegative"
"Validates GET /v2/origination/sources with dynamic parameters - Negative Test","719","GetBanksListNegative - page_size is object","API_Regression_Suite","2026-03-11","passed","2026-03-11","autochek_api_negative.OriginationService.ResponsePayloadReductionV2APIsNegative","Autochek_API_Automation","autochek_api_negative.OriginationService.ResponsePayloadReductionV2APIsNegative","GetBanksListNegative"
"Validates GET /v1/inventory/car with dynamic parameters - Negative Test","612","GetCarListNegative - Pass non-existing relation","API_Regression_Suite","2026-03-11","passed","2026-03-11","autochek_api_negative.InventoryService.DynamicResponseNegative","Autochek_API_Automation","autochek_api_negative.InventoryService.DynamicResponseNegative","GetCarListNegative"
"","3","PostUserSignUpV2Negative - UserType has an invalid value (not an allowed role)","API_Regression_Suite","2026-03-11","skipped","2026-03-11","autochek_api_negative.UserService.UserServiceV2Negative","Autochek_API_Automation","autochek_api_negative.UserService.UserServiceV2Negative","PostUserSignUpV2Negative"
"Submit Loan Customer Preferences","1024","SubmitLoanPreferencesNegative - monthlyPayment text value","API_Regression_Suite","2026-03-11","passed","2026-03-11","autochek_api_negative.OfferSimulation.OfferSimulationNegative","Autochek_API_Automation","autochek_api_negative.OfferSimulation.OfferSimulationNegative","SubmitLoanPreferencesNegative"
"Validates GET /v1/inventory/model with dynamic parameters - Negative Test","670","GetModelListNegative - Use extremely long random string","API_Regression_Suite","2026-03-11","passed","2026-03-11","autochek_api_negative.InventoryService.DynamicResponseNegative","Autochek_API_Automation","autochek_api_negative.InventoryService.DynamicResponseNegative","GetModelListNegative"
"Submit Loan Customer Preferences","1333","SubmitLoanPreferencesNegative - monthlyPayment very large number","API_Regression_Suite","2026-03-11","passed","2026-03-11","autochek_api_negative.OfferSimulation.OfferSimulationNegative","Autochek_API_Automation","autochek_api_negative.OfferSimulation.OfferSimulationNegative","SubmitLoanPreferencesNegative"
"Submit Loan Customer Preferences","637","SubmitLoanPreferencesNegative - term special characters","API_Regression_Suite","2026-03-11","passed","2026-03-11","autochek_api_negative.OfferSimulation.OfferSimulationNegative","Autochek_API_Automation","autochek_api_negative.OfferSimulation.OfferSimulationNegative","SubmitLoanPreferencesNegative"
"","0","PostLoginV2Negative - Username invalid email format (missing @)","API_Regression_Suite","2026-03-11","skipped","2026-03-11","autochek_api_negative.UserService.UserServiceV2Negative","Autochek_API_Automation","autochek_api_negative.UserService.UserServiceV2Negative","PostLoginV2Negative"
"Accept Simulation Offer","591","AcceptOfferNegative - Send loan_id as whitespace only","API_Regression_Suite","2026-03-11","passed","2026-03-11","autochek_api_negative.OfferSimulation.OfferSimulationNegative","Autochek_API_Automation","autochek_api_negative.OfferSimulation.OfferSimulationNegative","AcceptOfferNegative"
"Validates GET /v1/inspection with dynamic parameters - Positive Test","830","GetInspection - Validate only car(model) field is returned","API_Regression_Suite","2026-03-11","broken","2026-03-11","autochek_api_positive.InventoryService.DynamicResponsePositive","Autochek_API_Automation","autochek_api_positive.InventoryService.DynamicResponsePositive","GetInspection"
"Validates GET /v2/origination/partners with dynamic parameters - Positive Test","707","GetPartnersListNegative - country is one character","API_Regression_Suite","2026-03-11","passed","2026-03-11","autochek_api_negative.OriginationService.ResponsePayloadReductionV2APIsNegative","Autochek_API_Automation","autochek_api_negative.OriginationService.ResponsePayloadReductionV2APIsNegative","GetPartnersListNegative"
"Fetching loan by ID","524","GetLoanByIdNegative - Send loan_id as empty string","API_Regression_Suite","2026-03-11","passed","2026-03-11","autochek_api_negative.OriginationService.ResponsePayloadReductionV2APIsNegative","Autochek_API_Automation","autochek_api_negative.OriginationService.ResponsePayloadReductionV2APIsNegative","GetLoanByIdNegative"
"Negative test for Create System Config V2","0","PostSystemConfigV2 - MAX_LENGTH SQL injection","API_Regression_Suite","2026-03-11","skipped","2026-03-11","autochek_api_negative.UserService.UserServiceV2Negative","Autochek_API_Automation","autochek_api_negative.UserService.UserServiceV2Negative","PostSystemConfigV2"
"Validates GET /v2/origination/loans with dynamic parameters - Negative Test","713","GetLoansListNegative - page_size is object","API_Regression_Suite","2026-03-11","passed","2026-03-11","autochek_api_negative.OriginationService.ResponsePayloadReductionV2APIsNegative","Autochek_API_Automation","autochek_api_negative.OriginationService.ResponsePayloadReductionV2APIsNegative","GetLoansListNegative"
"Submit Loan Customer Preferences","563","SubmitLoanPreferencesNegative - interestRate extremely large value","API_Regression_Suite","2026-03-11","passed","2026-03-11","autochek_api_negative.OfferSimulation.OfferSimulationNegative","Autochek_API_Automation","autochek_api_negative.OfferSimulation.OfferSimulationNegative","SubmitLoanPreferencesNegative"
"Validates GET /v1/inventory/model with dynamic parameters - Negative Test","634","GetModelListNegative - Pass special chars in fields","API_Regression_Suite","2026-03-11","passed","2026-03-11","autochek_api_negative.InventoryService.DynamicResponseNegative","Autochek_API_Automation","autochek_api_negative.InventoryService.DynamicResponseNegative","GetModelListNegative"
"Validates GET /v1/inventory/car with dynamic parameters - Negative Test","835","GetCarListNegative - Pass numeric in relations","API_Regression_Suite","2026-03-11","passed","2026-03-11","autochek_api_negative.InventoryService.DynamicResponseNegative","Autochek_API_Automation","autochek_api_negative.InventoryService.DynamicResponseNegative","GetCarListNegative"
"Fetching loan by ID","707","GetLoanByIdNegative - Send loan_id as numeric only","API_Regression_Suite","2026-03-11","passed","2026-03-11","autochek_api_negative.OriginationService.ResponsePayloadReductionV2APIsNegative","Autochek_API_Automation","autochek_api_negative.OriginationService.ResponsePayloadReductionV2APIsNegative","GetLoanByIdNegative"
"Negative test for Create System Config V2","0","PostSystemConfigV2 - REQUIRE_SPECIAL_CHAR string true instead of boolean","API_Regression_Suite","2026-03-11","skipped","2026-03-11","autochek_api_negative.UserService.UserServiceV2Negative","Autochek_API_Automation","autochek_api_negative.UserService.UserServiceV2Negative","PostSystemConfigV2"
"","15","PostLoginV2Negative - Existing username but wrong password","API_Regression_Suite","2026-03-11","skipped","2026-03-11","autochek_api_negative.UserService.UserServiceV2Negative","Autochek_API_Automation","autochek_api_negative.UserService.UserServiceV2Negative","PostLoginV2Negative"
"Create Inspection for the carID generated in Car Creation","832","PostCreateInspection - location missing + wheel_type invalid","API_Regression_Suite","2026-03-11","passed","2026-03-11","autochek_api_negative.DetachTyresSpecification.DetachTyresSpecificationNegative","Autochek_API_Automation","autochek_api_negative.DetachTyresSpecification.DetachTyresSpecificationNegative","PostCreateInspection"
"Submit Loan Customer Preferences","4795","SubmitLoanPreferencesNegative - tyreBrand null","API_Regression_Suite","2026-03-11","passed","2026-03-11","autochek_api_negative.OfferSimulation.OfferSimulationNegative","Autochek_API_Automation","autochek_api_negative.OfferSimulation.OfferSimulationNegative","SubmitLoanPreferencesNegative"
"","3","PatchUpdatePasswordV2Negative - Send expired or invalid access token","API_Regression_Suite","2026-03-11","skipped","2026-03-11","autochek_api_negative.UserService.UserServiceV2Negative","Autochek_API_Automation","autochek_api_negative.UserService.UserServiceV2Negative","PatchUpdatePasswordV2Negative"
"Validate negative scenarios for template creation based on sheet data","15","CreateEmailTemplate - providerId is empty string while others are valid","API_Regression_Suite","2026-03-11","skipped","2026-03-11","autochek_api_negative.Template.TemplateV1Negative.TemplateV1Negative","Autochek_API_Automation","autochek_api_negative.Template.TemplateV1Negative.TemplateV1Negative","CreateEmailTemplate"
"Submit Loan Customer Preferences","720","SubmitLoanPreferencesNegative - interestRate blank","API_Regression_Suite","2026-03-11","passed","2026-03-11","autochek_api_negative.OfferSimulation.OfferSimulationNegative","Autochek_API_Automation","autochek_api_negative.OfferSimulation.OfferSimulationNegative","SubmitLoanPreferencesNegative"
"Update Car and Validate Response","780","PutUpdateCar - state too short (1 char)","API_Regression_Suite","2026-03-11","passed","2026-03-11","autochek_api_negative.DetachTyresSpecification.DetachTyresSpecificationNegative","Autochek_API_Automation","autochek_api_negative.DetachTyresSpecification.DetachTyresSpecificationNegative","PutUpdateCar"
"","3","PatchUpdatePasswordV2Negative - Send SQL injection string as token","API_Regression_Suite","2026-03-11","skipped","2026-03-11","autochek_api_negative.UserService.UserServiceV2Negative","Autochek_API_Automation","autochek_api_negative.UserService.UserServiceV2Negative","PatchUpdatePasswordV2Negative"
"Submit Loan Customer Preferences","806","SubmitLoanPreferencesNegative - interestRateType numeric","API_Regression_Suite","2026-03-11","passed","2026-03-11","autochek_api_negative.OfferSimulation.OfferSimulationNegative","Autochek_API_Automation","autochek_api_negative.OfferSimulation.OfferSimulationNegative","SubmitLoanPreferencesNegative"
"Validates GET /v1/inventory/model with dynamic parameters - Positive Test","571","GetModelList - Validate response contains only top-level fields id,name without relations","API_Regression_Suite","2026-03-11","passed","2026-03-11","autochek_api_positive.InventoryService.DynamicResponsePositive","Autochek_API_Automation","autochek_api_positive.InventoryService.DynamicResponsePositive","GetModelList"
"Validate negative scenarios for template creation based on sheet data","4","CreateEmailTemplate - User_name is False","API_Regression_Suite","2026-03-11","skipped","2026-03-11","autochek_api_negative.Template.TemplateV1Negative.TemplateV1Negative","Autochek_API_Automation","autochek_api_negative.Template.TemplateV1Negative.TemplateV1Negative","CreateEmailTemplate"
"Create System Config dynamically for PASSWORD_POLICY or USER_SESSION","781","PostSystemConfigV2 - Allow maximum 3 concurrent sessions","API_Regression_Suite","2026-03-11","passed","2026-03-11","autochek_api_positive.UserService.UserServiceV2","Autochek_API_Automation","autochek_api_positive.UserService.UserServiceV2","PostSystemConfigV2"
"Update System Config dynamically for PASSWORD_POLICY or USER_SESSION","0","PatchSystemConfigV2 - REQUIRE_SPECIAL_CHAR array structure passed","API_Regression_Suite","2026-03-11","skipped","2026-03-11","autochek_api_negative.UserService.UserServiceV2Negative","Autochek_API_Automation","autochek_api_negative.UserService.UserServiceV2Negative","PatchSystemConfigV2"
"Get Offer Details by OfferID","695","GetOffersByIdNegative - Send offer_id as empty string","API_Regression_Suite","2026-03-11","passed","2026-03-11","autochek_api_negative.OriginationService.ResponsePayloadReductionV2APIsNegative","Autochek_API_Automation","autochek_api_negative.OriginationService.ResponsePayloadReductionV2APIsNegative","GetOffersByIdNegative"
"Validate negative scenarios for template creation based on sheet data","7","CreateEmailTemplate - account_id is negative number","API_Regression_Suite","2026-03-11","skipped","2026-03-11","autochek_api_negative.Template.TemplateV1Negative.TemplateV1Negative","Autochek_API_Automation","autochek_api_negative.Template.TemplateV1Negative.TemplateV1Negative","CreateEmailTemplate"
"","1918","PostUserSignUpV2 - Verify signup with country = EG","API_Regression_Suite","2026-03-11","passed","2026-03-11","autochek_api_positive.UserService.UserServiceV2","Autochek_API_Automation","autochek_api_positive.UserService.UserServiceV2","PostUserSignUpV2"
"Validates GET /v1/inventory/make with dynamic fields filtering - Positive Test","506","GetMake - Verify response with all fields in different order","API_Regression_Suite","2026-03-11","failed","2026-03-11","autochek_api_positive.InventoryService.DynamicResponsePositive","Autochek_API_Automation","autochek_api_positive.InventoryService.DynamicResponsePositive","GetMake"
"Submit Loan Customer Preferences","556","SubmitLoanPreferencesNegative - upfrontCreditLifeInsurance wrong string true","API_Regression_Suite","2026-03-11","passed","2026-03-11","autochek_api_negative.OfferSimulation.OfferSimulationNegative","Autochek_API_Automation","autochek_api_negative.OfferSimulation.OfferSimulationNegative","SubmitLoanPreferencesNegative"
"Create Inspection for the carID generated in Car Creation","689","PostCreateInspection - Null car_id","API_Regression_Suite","2026-03-11","passed","2026-03-11","autochek_api_negative.DetachTyresSpecification.DetachTyresSpecificationNegative","Autochek_API_Automation","autochek_api_negative.DetachTyresSpecification.DetachTyresSpecificationNegative","PostCreateInspection"
"Update System Config dynamically for PASSWORD_POLICY or USER_SESSION","17","PatchSystemConfigV2 - MAX_CONCURRENT_SESSIONS array or object structure passed","API_Regression_Suite","2026-03-11","skipped","2026-03-11","autochek_api_negative.UserService.UserServiceV2Negative","Autochek_API_Automation","autochek_api_negative.UserService.UserServiceV2Negative","PatchSystemConfigV2"
"Create Inspection for the carID generated in Car Creation","1065","PostCreateInspection - Too short format","API_Regression_Suite","2026-03-11","passed","2026-03-11","autochek_api_negative.DetachTyresSpecification.DetachTyresSpecificationNegative","Autochek_API_Automation","autochek_api_negative.DetachTyresSpecification.DetachTyresSpecificationNegative","PostCreateInspection"
"Validates GET /v1/inventory/car with dynamic parameters - Positive Test","715","GetCarList - Validate relations parameter includes model object","API_Regression_Suite","2026-03-11","broken","2026-03-11","autochek_api_positive.InventoryService.DynamicResponsePositive","Autochek_API_Automation","autochek_api_positive.InventoryService.DynamicResponsePositive","GetCarList"
"Get the list of Tyre brands","574","GetTyreBrandsNegative - Use reserved JS/SQL word","API_Regression_Suite","2026-03-11","passed","2026-03-11","autochek_api_negative.OfferSimulation.OfferSimulationNegative","Autochek_API_Automation","autochek_api_negative.OfferSimulation.OfferSimulationNegative","GetTyreBrandsNegative"
"Submit Loan Customer Preferences","615","SubmitLoanPreferencesNegative - upfrontWarranty unsupported plan name","API_Regression_Suite","2026-03-11","passed","2026-03-11","autochek_api_negative.OfferSimulation.OfferSimulationNegative","Autochek_API_Automation","autochek_api_negative.OfferSimulation.OfferSimulationNegative","SubmitLoanPreferencesNegative"
"Negative test for Create System Config V2","3","PostSystemConfigV2 - MIN_LENGTH extremely large","API_Regression_Suite","2026-03-11","skipped","2026-03-11","autochek_api_negative.UserService.UserServiceV2Negative","Autochek_API_Automation","autochek_api_negative.UserService.UserServiceV2Negative","PostSystemConfigV2"
"Create Inspection for the carID generated in Car Creation","668","PostCreateInspection - Special characters in id","API_Regression_Suite","2026-03-11","passed","2026-03-11","autochek_api_negative.DetachTyresSpecification.DetachTyresSpecificationNegative","Autochek_API_Automation","autochek_api_negative.DetachTyresSpecification.DetachTyresSpecificationNegative","PostCreateInspection"
"Update System Config dynamically for PASSWORD_POLICY or USER_SESSION","2","PatchSystemConfigV2 - REQUIRE_NUMBER string true instead of boolean","API_Regression_Suite","2026-03-11","skipped","2026-03-11","autochek_api_negative.UserService.UserServiceV2Negative","Autochek_API_Automation","autochek_api_negative.UserService.UserServiceV2Negative","PatchSystemConfigV2"
"Create Inspection for the carID generated in Car Creation","2674","PostCreateInspection - Special characters in country","API_Regression_Suite","2026-03-11","passed","2026-03-11","autochek_api_negative.DetachTyresSpecification.DetachTyresSpecificationNegative","Autochek_API_Automation","autochek_api_negative.DetachTyresSpecification.DetachTyresSpecificationNegative","PostCreateInspection"
"Submit Loan Customer Preferences","2520","SubmitLoanPreferencesNegative - vehicleDiscount symbol","API_Regression_Suite","2026-03-11","passed","2026-03-11","autochek_api_negative.OfferSimulation.OfferSimulationNegative","Autochek_API_Automation","autochek_api_negative.OfferSimulation.OfferSimulationNegative","SubmitLoanPreferencesNegative"
"Validates negative test cases for Preview Template API using first created templateId map","4","PreviewTemplateNegativeTest - channel contains special characters","API_Regression_Suite","2026-03-11","skipped","2026-03-11","autochek_api_negative.Template.TemplateV1Negative.TemplateV1Negative","Autochek_API_Automation","autochek_api_negative.Template.TemplateV1Negative.TemplateV1Negative","PreviewTemplateNegativeTest"
"Submit Loan Customer Preferences","1178","SubmitLoanPreferencesNegative - tyreQuantity null","API_Regression_Suite","2026-03-11","passed","2026-03-11","autochek_api_negative.OfferSimulation.OfferSimulationNegative","Autochek_API_Automation","autochek_api_negative.OfferSimulation.OfferSimulationNegative","SubmitLoanPreferencesNegative"
"Validate negative scenarios for template creation based on sheet data","2","UpdateEmailTemplate - category contains unsupported value","API_Regression_Suite","2026-03-11","skipped","2026-03-11","autochek_api_negative.Template.TemplateV1Negative.TemplateV1Negative","Autochek_API_Automation","autochek_api_negative.Template.TemplateV1Negative.TemplateV1Negative","UpdateEmailTemplate"
"Validates negative test cases for Preview Template API using first created templateId map","3","PreviewTemplateNegativeTest - account_id passed as boolean","API_Regression_Suite","2026-03-11","skipped","2026-03-11","autochek_api_negative.Template.TemplateV1Negative.TemplateV1Negative","Autochek_API_Automation","autochek_api_negative.Template.TemplateV1Negative.TemplateV1Negative","PreviewTemplateNegativeTest"
"Validates GET /v2/origination/sources with dynamic parameters - Negative Test","715","GetBanksListNegative - country is boolean","API_Regression_Suite","2026-03-11","passed","2026-03-11","autochek_api_negative.OriginationService.ResponsePayloadReductionV2APIsNegative","Autochek_API_Automation","autochek_api_negative.OriginationService.ResponsePayloadReductionV2APIsNegative","GetBanksListNegative"
"","0","PostEnableUserV2Negative - Send SQL injection string as userId","API_Regression_Suite","2026-03-11","skipped","2026-03-11","autochek_api_negative.UserService.UserServiceV2Negative","Autochek_API_Automation","autochek_api_negative.UserService.UserServiceV2Negative","PostEnableUserV2Negative"
"Submit Loan Customer Preferences","578","SubmitLoanPreferencesNegative - upfrontWarranty special characters only","API_Regression_Suite","2026-03-11","passed","2026-03-11","autochek_api_negative.OfferSimulation.OfferSimulationNegative","Autochek_API_Automation","autochek_api_negative.OfferSimulation.OfferSimulationNegative","SubmitLoanPreferencesNegative"
"Negative test for Create System Config V2","6","PostSystemConfigV2 - REQUIRE_LOWERCASE null value","API_Regression_Suite","2026-03-11","skipped","2026-03-11","autochek_api_negative.UserService.UserServiceV2Negative","Autochek_API_Automation","autochek_api_negative.UserService.UserServiceV2Negative","PostSystemConfigV2"
"Submit Loan Customer Preferences","794","SubmitLoanPreferencesNegative - upfrontMaintenancePlan wrong string false","API_Regression_Suite","2026-03-11","passed","2026-03-11","autochek_api_negative.OfferSimulation.OfferSimulationNegative","Autochek_API_Automation","autochek_api_negative.OfferSimulation.OfferSimulationNegative","SubmitLoanPreferencesNegative"
"Validates GET /v1/inspection with dynamic parameters - Negative Test","768","GetInspectionNegative - Pass invalid field + relations together","API_Regression_Suite","2026-03-11","passed","2026-03-11","autochek_api_negative.InventoryService.DynamicResponseNegative","Autochek_API_Automation","autochek_api_negative.InventoryService.DynamicResponseNegative","GetInspectionNegative"
"Validates GET /v1/inventory/car with dynamic parameters - Negative Test","610","GetCarListNegative - Validate API fails when passing relation path with invalid nesting format","API_Regression_Suite","2026-03-11","passed","2026-03-11","autochek_api_negative.InventoryService.DynamicResponseNegative","Autochek_API_Automation","autochek_api_negative.InventoryService.DynamicResponseNegative","GetCarListNegative"
"Validates GET /v1/inventory/car with dynamic parameters - Negative Test","556","GetCarListNegative - Validate API fails when requesting invalid relation path","API_Regression_Suite","2026-03-11","passed","2026-03-11","autochek_api_negative.InventoryService.DynamicResponseNegative","Autochek_API_Automation","autochek_api_negative.InventoryService.DynamicResponseNegative","GetCarListNegative"
"Validate negative scenarios for template creation based on sheet data","3","UpdateEmailTemplate - audienceType exceeds maximum allowed length","API_Regression_Suite","2026-03-11","skipped","2026-03-11","autochek_api_negative.Template.TemplateV1Negative.TemplateV1Negative","Autochek_API_Automation","autochek_api_negative.Template.TemplateV1Negative.TemplateV1Negative","UpdateEmailTemplate"
"","15","PostRefreshV2Negative - SQL injection string as token","API_Regression_Suite","2026-03-11","skipped","2026-03-11","autochek_api_negative.UserService.UserServiceV2Negative","Autochek_API_Automation","autochek_api_negative.UserService.UserServiceV2Negative","PostRefreshV2Negative"
"Submit Loan Customer Preferences","559","SubmitLoanPreferencesNegative - interestRate spaces only","API_Regression_Suite","2026-03-11","passed","2026-03-11","autochek_api_negative.OfferSimulation.OfferSimulationNegative","Autochek_API_Automation","autochek_api_negative.OfferSimulation.OfferSimulationNegative","SubmitLoanPreferencesNegative"
"","14434","submitLoanPreference - Omit interestRateType","API_Regression_Suite","2026-03-11","passed","2026-03-11","autochek_api_positive.OfferSimulation.OfferSimulationPositive","Autochek_API_Automation","autochek_api_positive.OfferSimulation.OfferSimulationPositive","submitLoanPreference"
"","3","PostLookUpV2Negative - Identifier has invalid email format (missing @)","API_Regression_Suite","2026-03-11","skipped","2026-03-11","autochek_api_negative.UserService.UserServiceV2Negative","Autochek_API_Automation","autochek_api_negative.UserService.UserServiceV2Negative","PostLookUpV2Negative"
"","0","PostLoginV2Negative - Username has only domain without name","API_Regression_Suite","2026-03-11","skipped","2026-03-11","autochek_api_negative.UserService.UserServiceV2Negative","Autochek_API_Automation","autochek_api_negative.UserService.UserServiceV2Negative","PostLoginV2Negative"
"Update Car and Validate Response","738","PutUpdateCar - created_by whitespace only","API_Regression_Suite","2026-03-11","failed","2026-03-11","autochek_api_negative.DetachTyresSpecification.DetachTyresSpecificationNegative","Autochek_API_Automation","autochek_api_negative.DetachTyresSpecification.DetachTyresSpecificationNegative","PutUpdateCar"
"Submit Loan Customer Preferences","717","SubmitLoanPreferencesNegative - equityContribution spaces only","API_Regression_Suite","2026-03-11","passed","2026-03-11","autochek_api_negative.OfferSimulation.OfferSimulationNegative","Autochek_API_Automation","autochek_api_negative.OfferSimulation.OfferSimulationNegative","SubmitLoanPreferencesNegative"
"Validates GET /v1/inventory/inspection_request with dynamic parameters - Negative Test","711","GetInspectionRequestNegative - Pass object instead of string","API_Regression_Suite","2026-03-11","passed","2026-03-11","autochek_api_negative.InventoryService.DynamicResponseNegative","Autochek_API_Automation","autochek_api_negative.InventoryService.DynamicResponseNegative","GetInspectionRequestNegative"
"Submit Loan Customer Preferences","688","SubmitLoanPreferencesNegative - upfrontInsurance wrong keyword string yes","API_Regression_Suite","2026-03-11","passed","2026-03-11","autochek_api_negative.OfferSimulation.OfferSimulationNegative","Autochek_API_Automation","autochek_api_negative.OfferSimulation.OfferSimulationNegative","SubmitLoanPreferencesNegative"
"Validates negative test cases for Preview Template API using first created templateId map","4","PreviewTemplateNegativeTest - user_name contains SQL injection","API_Regression_Suite","2026-03-11","skipped","2026-03-11","autochek_api_negative.Template.TemplateV1Negative.TemplateV1Negative","Autochek_API_Automation","autochek_api_negative.Template.TemplateV1Negative.TemplateV1Negative","PreviewTemplateNegativeTest"
"Update System Config dynamically for PASSWORD_POLICY or USER_SESSION","3","PatchSystemConfigV2 - REQUIRE_LOWERCASE string true instead of boolean","API_Regression_Suite","2026-03-11","skipped","2026-03-11","autochek_api_negative.UserService.UserServiceV2Negative","Autochek_API_Automation","autochek_api_negative.UserService.UserServiceV2Negative","PatchSystemConfigV2"
"Validate negative scenarios for template creation based on sheet data","11","UpdateEmailTemplate - account_id is negative number","API_Regression_Suite","2026-03-11","skipped","2026-03-11","autochek_api_negative.Template.TemplateV1Negative.TemplateV1Negative","Autochek_API_Automation","autochek_api_negative.Template.TemplateV1Negative.TemplateV1Negative","UpdateEmailTemplate"
"Update System Config dynamically for PASSWORD_POLICY or USER_SESSION","0","PatchSystemConfigV2 - REQUIRE_LOWERCASE numeric instead of boolean","API_Regression_Suite","2026-03-11","skipped","2026-03-11","autochek_api_negative.UserService.UserServiceV2Negative","Autochek_API_Automation","autochek_api_negative.UserService.UserServiceV2Negative","PatchSystemConfigV2"
"Validates GET /v1/inventory/trims with dynamic parameters - Negative Test","621","GetTrimsNegative - Validate response when passing SQL keyword as field","API_Regression_Suite","2026-03-11","passed","2026-03-11","autochek_api_negative.InventoryService.DynamicResponseNegative","Autochek_API_Automation","autochek_api_negative.InventoryService.DynamicResponseNegative","GetTrimsNegative"
"Validates GET /v2/origination/sources with dynamic parameters - Negative Test","808","GetSourcesListNegative - country is longer than 2 chars","API_Regression_Suite","2026-03-11","passed","2026-03-11","autochek_api_negative.OriginationService.ResponsePayloadReductionV2APIsNegative","Autochek_API_Automation","autochek_api_negative.OriginationService.ResponsePayloadReductionV2APIsNegative","GetSourcesListNegative"
"Negative test for Create System Config V2","0","PostSystemConfigV2 - REQUIRE_SPECIAL_CHAR zero value","API_Regression_Suite","2026-03-11","skipped","2026-03-11","autochek_api_negative.UserService.UserServiceV2Negative","Autochek_API_Automation","autochek_api_negative.UserService.UserServiceV2Negative","PostSystemConfigV2"
"Filter templates based on audienceType and validate response","2","filterTemplate - category contains newline or control character","API_Regression_Suite","2026-03-11","skipped","2026-03-11","autochek_api_negative.Template.TemplateV1Negative.TemplateV1Negative","Autochek_API_Automation","autochek_api_negative.Template.TemplateV1Negative.TemplateV1Negative","filterTemplate"
"Validates GET /v2/origination/banks with dynamic parameters - Positive Test","6","GetBanksList - country is NG","API_Regression_Suite","2026-03-11","skipped","2026-03-11","autochek_api_positive.OriginationService.ResponsePayloadReductionV2APIs","Autochek_API_Automation","autochek_api_positive.OriginationService.ResponsePayloadReductionV2APIs","GetBanksList"
"","10","PostUserSignUpV2Negative - Email field is omitted from the request body","API_Regression_Suite","2026-03-11","skipped","2026-03-11","autochek_api_negative.UserService.UserServiceV2Negative","Autochek_API_Automation","autochek_api_negative.UserService.UserServiceV2Negative","PostUserSignUpV2Negative"
"Create Car and Validate Response","2621","CreateCar - Verify car creation with tyre_code = TY001 and is_draft = false","API_Regression_Suite","2026-03-11","broken","2026-03-11","autochek_api_positive.DetachTyreSpecification.DetachTyreSpecificationPositive","Autochek_API_Automation","autochek_api_positive.DetachTyreSpecification.DetachTyreSpecificationPositive","CreateCar"
"Create Inspection for the carID generated in Car Creation","518","PostCreateInspection - Special characters in value","API_Regression_Suite","2026-03-11","passed","2026-03-11","autochek_api_negative.DetachTyresSpecification.DetachTyresSpecificationNegative","Autochek_API_Automation","autochek_api_negative.DetachTyresSpecification.DetachTyresSpecificationNegative","PostCreateInspection"
"Validates GET /v1/origination/offers/{offer_Id}/loan-document with dynamic parameters - Negative Test","642","GetLoanDocumentsByOfferIdNegative - Send offer_id as null","API_Regression_Suite","2026-03-11","passed","2026-03-11","autochek_api_negative.OriginationService.ResponsePayloadReductionV2APIsNegative","Autochek_API_Automation","autochek_api_negative.OriginationService.ResponsePayloadReductionV2APIsNegative","GetLoanDocumentsByOfferIdNegative"
"Create Inspection for the carID generated in Car Creation","732","PostCreateInspection - Null completed field","API_Regression_Suite","2026-03-11","passed","2026-03-11","autochek_api_negative.DetachTyresSpecification.DetachTyresSpecificationNegative","Autochek_API_Automation","autochek_api_negative.DetachTyresSpecification.DetachTyresSpecificationNegative","PostCreateInspection"
"Create Inspection for the carID generated in Car Creation","824","PostCreateInspection - Extra long wheel_type string","API_Regression_Suite","2026-03-11","passed","2026-03-11","autochek_api_negative.DetachTyresSpecification.DetachTyresSpecificationNegative","Autochek_API_Automation","autochek_api_negative.DetachTyresSpecification.DetachTyresSpecificationNegative","PostCreateInspection"
"Update Car and Validate Response","1413","PutUpdateCar - license_plate with special chars","API_Regression_Suite","2026-03-11","passed","2026-03-11","autochek_api_negative.DetachTyresSpecification.DetachTyresSpecificationNegative","Autochek_API_Automation","autochek_api_negative.DetachTyresSpecification.DetachTyresSpecificationNegative","PutUpdateCar"
"Validates GET /v2/origination/partners with dynamic parameters - Positive Test","665","GetPartnersListNegative - page_size is float","API_Regression_Suite","2026-03-11","passed","2026-03-11","autochek_api_negative.OriginationService.ResponsePayloadReductionV2APIsNegative","Autochek_API_Automation","autochek_api_negative.OriginationService.ResponsePayloadReductionV2APIsNegative","GetPartnersListNegative"
"","4","PostUserSignUpV2Negative - Password is null","API_Regression_Suite","2026-03-11","skipped","2026-03-11","autochek_api_negative.UserService.UserServiceV2Negative","Autochek_API_Automation","autochek_api_negative.UserService.UserServiceV2Negative","PostUserSignUpV2Negative"
"Accept Simulation Offer","722","AcceptOfferNegative - HTML tag injection","API_Regression_Suite","2026-03-11","passed","2026-03-11","autochek_api_negative.OfferSimulation.OfferSimulationNegative","Autochek_API_Automation","autochek_api_negative.OfferSimulation.OfferSimulationNegative","AcceptOfferNegative"
"Submit Loan Customer Preferences","572","SubmitLoanPreferencesNegative - term zero months","API_Regression_Suite","2026-03-11","passed","2026-03-11","autochek_api_negative.OfferSimulation.OfferSimulationNegative","Autochek_API_Automation","autochek_api_negative.OfferSimulation.OfferSimulationNegative","SubmitLoanPreferencesNegative"
"Submit Loan Customer Preferences","1245","SubmitLoanPreferencesNegative - includeLicenceRenewalFees null","API_Regression_Suite","2026-03-11","passed","2026-03-11","autochek_api_negative.OfferSimulation.OfferSimulationNegative","Autochek_API_Automation","autochek_api_negative.OfferSimulation.OfferSimulationNegative","SubmitLoanPreferencesNegative"
"Submit Loan Customer Preferences","826","SubmitLoanPreferencesNegative - interestRate decimal value","API_Regression_Suite","2026-03-11","passed","2026-03-11","autochek_api_negative.OfferSimulation.OfferSimulationNegative","Autochek_API_Automation","autochek_api_negative.OfferSimulation.OfferSimulationNegative","SubmitLoanPreferencesNegative"
"Create Inspection for the carID generated in Car Creation","1022","PostCreateInspection - SQL injection attempt in id","API_Regression_Suite","2026-03-11","passed","2026-03-11","autochek_api_negative.DetachTyresSpecification.DetachTyresSpecificationNegative","Autochek_API_Automation","autochek_api_negative.DetachTyresSpecification.DetachTyresSpecificationNegative","PostCreateInspection"
"","3","PostLookUpV2Negative - Identifier field is omitted","API_Regression_Suite","2026-03-11","skipped","2026-03-11","autochek_api_negative.UserService.UserServiceV2Negative","Autochek_API_Automation","autochek_api_negative.UserService.UserServiceV2Negative","PostLookUpV2Negative"
"Create Inspection for the carID generated in Car Creation","922","PostCreateInspection - Non-numeric string","API_Regression_Suite","2026-03-11","passed","2026-03-11","autochek_api_negative.DetachTyresSpecification.DetachTyresSpecificationNegative","Autochek_API_Automation","autochek_api_negative.DetachTyresSpecification.DetachTyresSpecificationNegative","PostCreateInspection"
"","2211","PostLogoutV2 - Valid refresh token, no all parameter — logout only current session","API_Regression_Suite","2026-03-11","passed","2026-03-11","autochek_api_positive.UserService.UserServiceV2","Autochek_API_Automation","autochek_api_positive.UserService.UserServiceV2","PostLogoutV2"
"Submit Loan Customer Preferences","4408","SubmitLoanPreferencesNegative - vehicleDiscount >100%","API_Regression_Suite","2026-03-11","passed","2026-03-11","autochek_api_negative.OfferSimulation.OfferSimulationNegative","Autochek_API_Automation","autochek_api_negative.OfferSimulation.OfferSimulationNegative","SubmitLoanPreferencesNegative"
"Validate negative scenarios for template creation based on sheet data","2","UpdateEmailTemplate - account_id exceeds maximum allowed numeric length","API_Regression_Suite","2026-03-11","skipped","2026-03-11","autochek_api_negative.Template.TemplateV1Negative.TemplateV1Negative","Autochek_API_Automation","autochek_api_negative.Template.TemplateV1Negative.TemplateV1Negative","UpdateEmailTemplate"
"","3","PostUserSignUpV2Negative - Country is an empty string","API_Regression_Suite","2026-03-11","skipped","2026-03-11","autochek_api_negative.UserService.UserServiceV2Negative","Autochek_API_Automation","autochek_api_negative.UserService.UserServiceV2Negative","PostUserSignUpV2Negative"
"Create Inspection for the carID generated in Car Creation","787","PostCreateInspection - SQL injection attempt in completed","API_Regression_Suite","2026-03-11","passed","2026-03-11","autochek_api_negative.DetachTyresSpecification.DetachTyresSpecificationNegative","Autochek_API_Automation","autochek_api_negative.DetachTyresSpecification.DetachTyresSpecificationNegative","PostCreateInspection"
"Negative test for Create System Config V2","3","PostSystemConfigV2 - REQUIRE_LOWERCASE array structure passed","API_Regression_Suite","2026-03-11","skipped","2026-03-11","autochek_api_negative.UserService.UserServiceV2Negative","Autochek_API_Automation","autochek_api_negative.UserService.UserServiceV2Negative","PostSystemConfigV2"
"Create Inspection for the carID generated in Car Creation","593","PostCreateInspection - Numeric instead of boolean","API_Regression_Suite","2026-03-11","passed","2026-03-11","autochek_api_negative.DetachTyresSpecification.DetachTyresSpecificationNegative","Autochek_API_Automation","autochek_api_negative.DetachTyresSpecification.DetachTyresSpecificationNegative","PostCreateInspection"
"Update Car and Validate Response","1952","PutUpdateCar - engine_number with SQL injection attempt","API_Regression_Suite","2026-03-11","passed","2026-03-11","autochek_api_negative.DetachTyresSpecification.DetachTyresSpecificationNegative","Autochek_API_Automation","autochek_api_negative.DetachTyresSpecification.DetachTyresSpecificationNegative","PutUpdateCar"
"","3","PostUserSignUpV2Negative - PhoneNumber field is omitted from the request body","API_Regression_Suite","2026-03-11","skipped","2026-03-11","autochek_api_negative.UserService.UserServiceV2Negative","Autochek_API_Automation","autochek_api_negative.UserService.UserServiceV2Negative","PostUserSignUpV2Negative"
"Validates GET /v2/origination/partners with dynamic parameters - Positive Test","808","GetPartnersListNegative - page_size is array","API_Regression_Suite","2026-03-11","passed","2026-03-11","autochek_api_negative.OriginationService.ResponsePayloadReductionV2APIsNegative","Autochek_API_Automation","autochek_api_negative.OriginationService.ResponsePayloadReductionV2APIsNegative","GetPartnersListNegative"
"Submit Loan Customer Preferences","619","SubmitLoanPreferencesNegative - upfrontVehicleRegistration XSS attempt","API_Regression_Suite","2026-03-11","passed","2026-03-11","autochek_api_negative.OfferSimulation.OfferSimulationNegative","Autochek_API_Automation","autochek_api_negative.OfferSimulation.OfferSimulationNegative","SubmitLoanPreferencesNegative"
"","3","PatchUpdatePasswordV2Negative - Password length less than minimum required","API_Regression_Suite","2026-03-11","skipped","2026-03-11","autochek_api_negative.UserService.UserServiceV2Negative","Autochek_API_Automation","autochek_api_negative.UserService.UserServiceV2Negative","PatchUpdatePasswordV2Negative"
"Update Car and Validate Response","1249","PutCompleteCar","API_Regression_Suite","2026-03-11","passed","2026-03-11","autochek_api_negative.DetachTyresSpecification.DetachTyresSpecificationNegative","Autochek_API_Automation","autochek_api_negative.DetachTyresSpecification.DetachTyresSpecificationNegative","PutCompleteCar"
"","0","PostLoginV2Negative - Username field is omitted","API_Regression_Suite","2026-03-11","skipped","2026-03-11","autochek_api_negative.UserService.UserServiceV2Negative","Autochek_API_Automation","autochek_api_negative.UserService.UserServiceV2Negative","PostLoginV2Negative"
"Negative test for Create System Config V2","3","PostSystemConfigV2 - REQUIRE_UPPERCASE empty value","API_Regression_Suite","2026-03-11","skipped","2026-03-11","autochek_api_negative.UserService.UserServiceV2Negative","Autochek_API_Automation","autochek_api_negative.UserService.UserServiceV2Negative","PostSystemConfigV2"
"Negative test for Create System Config V2","1","PostSystemConfigV2 - REQUIRE_LOWERCASE empty value","API_Regression_Suite","2026-03-11","skipped","2026-03-11","autochek_api_negative.UserService.UserServiceV2Negative","Autochek_API_Automation","autochek_api_negative.UserService.UserServiceV2Negative","PostSystemConfigV2"
"Submit Loan Customer Preferences","1394","SubmitLoanPreferencesNegative - tyreQuantity negative","API_Regression_Suite","2026-03-11","passed","2026-03-11","autochek_api_negative.OfferSimulation.OfferSimulationNegative","Autochek_API_Automation","autochek_api_negative.OfferSimulation.OfferSimulationNegative","SubmitLoanPreferencesNegative"
"Validates GET /v1/inventory/body_type with dynamic parameters - Negative Test","516","GetBodyTypeNegative - Pass special characters in field","API_Regression_Suite","2026-03-11","passed","2026-03-11","autochek_api_negative.InventoryService.DynamicResponseNegative","Autochek_API_Automation","autochek_api_negative.InventoryService.DynamicResponseNegative","GetBodyTypeNegative"
"Update System Config dynamically for PASSWORD_POLICY or USER_SESSION","2","PatchSystemConfigV2 - REQUIRE_UPPERCASE decimal value","API_Regression_Suite","2026-03-11","skipped","2026-03-11","autochek_api_negative.UserService.UserServiceV2Negative","Autochek_API_Automation","autochek_api_negative.UserService.UserServiceV2Negative","PatchSystemConfigV2"
"Validates GET /v1/inspection with dynamic parameters - Negative Test","749","GetInspectionNegative - Pass valid field + excluded valid field together","API_Regression_Suite","2026-03-11","passed","2026-03-11","autochek_api_negative.InventoryService.DynamicResponseNegative","Autochek_API_Automation","autochek_api_negative.InventoryService.DynamicResponseNegative","GetInspectionNegative"
"Negative test for Create System Config V2","3","PostSystemConfigV2 - REQUIRE_UPPERCASE numeric instead of boolean","API_Regression_Suite","2026-03-11","skipped","2026-03-11","autochek_api_negative.UserService.UserServiceV2Negative","Autochek_API_Automation","autochek_api_negative.UserService.UserServiceV2Negative","PostSystemConfigV2"
"Create Inspection for the carID generated in Car Creation","689","PostCreateInspection - SQL injection attempt in country","API_Regression_Suite","2026-03-11","passed","2026-03-11","autochek_api_negative.DetachTyresSpecification.DetachTyresSpecificationNegative","Autochek_API_Automation","autochek_api_negative.DetachTyresSpecification.DetachTyresSpecificationNegative","PostCreateInspection"
"Validates GET /v2/origination/loans/{loan_id}/accepted-offer - Negative Test","619","GetAcceptedOfferByLoanIdNegative - Send offer_id as whitespace only","API_Regression_Suite","2026-03-11","passed","2026-03-11","autochek_api_negative.OriginationService.ResponsePayloadReductionV2APIsNegative","Autochek_API_Automation","autochek_api_negative.OriginationService.ResponsePayloadReductionV2APIsNegative","GetAcceptedOfferByLoanIdNegative"
"Create Inspection for the carID generated in Car Creation","1581","PostCreateInspection - Empty wheel_type","API_Regression_Suite","2026-03-11","passed","2026-03-11","autochek_api_negative.DetachTyresSpecification.DetachTyresSpecificationNegative","Autochek_API_Automation","autochek_api_negative.DetachTyresSpecification.DetachTyresSpecificationNegative","PostCreateInspection"
"","2","PostLogoutV2Negative - Send invalid (tampered) access token","API_Regression_Suite","2026-03-11","skipped","2026-03-11","autochek_api_negative.UserService.UserServiceV2Negative","Autochek_API_Automation","autochek_api_negative.UserService.UserServiceV2Negative","PostLogoutV2Negative"
"Get the list of Tyre brands","1646","GetTyreBrandsNegative - Input is all spaces","API_Regression_Suite","2026-03-11","passed","2026-03-11","autochek_api_negative.OfferSimulation.OfferSimulationNegative","Autochek_API_Automation","autochek_api_negative.OfferSimulation.OfferSimulationNegative","GetTyreBrandsNegative"
"Create Inspection for the carID generated in Car Creation","913","PostCreateInspection - Special characters in wheel_type","API_Regression_Suite","2026-03-11","passed","2026-03-11","autochek_api_negative.DetachTyresSpecification.DetachTyresSpecificationNegative","Autochek_API_Automation","autochek_api_negative.DetachTyresSpecification.DetachTyresSpecificationNegative","PostCreateInspection"
"Update System Config dynamically for PASSWORD_POLICY or USER_SESSION","0","PatchSystemConfigV2 - MAX_CONCURRENT_SESSIONS zero value","API_Regression_Suite","2026-03-11","skipped","2026-03-11","autochek_api_negative.UserService.UserServiceV2Negative","Autochek_API_Automation","autochek_api_negative.UserService.UserServiceV2Negative","PatchSystemConfigV2"
"","3","PostUserSignUpV2Negative - PhoneNumber contains letters or special characters","API_Regression_Suite","2026-03-11","skipped","2026-03-11","autochek_api_negative.UserService.UserServiceV2Negative","Autochek_API_Automation","autochek_api_negative.UserService.UserServiceV2Negative","PostUserSignUpV2Negative"
"Update Car and Validate Response","732","PutUpdateCar - is_upgraded as special characters","API_Regression_Suite","2026-03-11","passed","2026-03-11","autochek_api_negative.DetachTyresSpecification.DetachTyresSpecificationNegative","Autochek_API_Automation","autochek_api_negative.DetachTyresSpecification.DetachTyresSpecificationNegative","PutUpdateCar"
"Validate negative scenarios for template creation based on sheet data","0","CreateEmailTemplate - Name already exists in system (duplicate)","API_Regression_Suite","2026-03-11","skipped","2026-03-11","autochek_api_negative.Template.TemplateV1Negative.TemplateV1Negative","Autochek_API_Automation","autochek_api_negative.Template.TemplateV1Negative.TemplateV1Negative","CreateEmailTemplate"
"Submit Loan Customer Preferences","889","SubmitLoanPreferencesNegative - Vehicle Discount invalid string","API_Regression_Suite","2026-03-11","passed","2026-03-11","autochek_api_negative.OfferSimulation.OfferSimulationNegative","Autochek_API_Automation","autochek_api_negative.OfferSimulation.OfferSimulationNegative","SubmitLoanPreferencesNegative"
"Validate negative scenarios for template creation based on sheet data","4","CreateEmailTemplate - user_name contains JSON object instead of string","API_Regression_Suite","2026-03-11","skipped","2026-03-11","autochek_api_negative.Template.TemplateV1Negative.TemplateV1Negative","Autochek_API_Automation","autochek_api_negative.Template.TemplateV1Negative.TemplateV1Negative","CreateEmailTemplate"
"Update System Config dynamically for PASSWORD_POLICY or USER_SESSION","0","PatchSystemConfigV2 - DISALLOW_WHITESPACES numeric instead of boolean","API_Regression_Suite","2026-03-11","skipped","2026-03-11","autochek_api_negative.UserService.UserServiceV2Negative","Autochek_API_Automation","autochek_api_negative.UserService.UserServiceV2Negative","PatchSystemConfigV2"
"","3","PostUserSignUpV2Negative - PhoneNumber is too long","API_Regression_Suite","2026-03-11","skipped","2026-03-11","autochek_api_negative.UserService.UserServiceV2Negative","Autochek_API_Automation","autochek_api_negative.UserService.UserServiceV2Negative","PostUserSignUpV2Negative"
"Validates GET /v1/inspection with dynamic parameters - Negative Test","511","GetInspectionNegative - Validate API fails when passing relation syntax without parent entity","API_Regression_Suite","2026-03-11","passed","2026-03-11","autochek_api_negative.InventoryService.DynamicResponseNegative","Autochek_API_Automation","autochek_api_negative.InventoryService.DynamicResponseNegative","GetInspectionNegative"
"Validates negative test cases for Preview Template API using first created templateId map","2","PreviewTemplateNegativeTest - user_name.stringValue empty string","API_Regression_Suite","2026-03-11","skipped","2026-03-11","autochek_api_negative.Template.TemplateV1Negative.TemplateV1Negative","Autochek_API_Automation","autochek_api_negative.Template.TemplateV1Negative.TemplateV1Negative","PreviewTemplateNegativeTest"
"Validates negative test cases for Preview Template API using first created templateId map","4","PreviewTemplateNegativeTest - channel numeric value","API_Regression_Suite","2026-03-11","skipped","2026-03-11","autochek_api_negative.Template.TemplateV1Negative.TemplateV1Negative","Autochek_API_Automation","autochek_api_negative.Template.TemplateV1Negative.TemplateV1Negative","PreviewTemplateNegativeTest"
"Validates GET /v1/inventory/trims with dynamic parameters - Positive Test","519","GetTrims - Validate only name are returned","API_Regression_Suite","2026-03-11","failed","2026-03-11","autochek_api_positive.InventoryService.DynamicResponsePositive","Autochek_API_Automation","autochek_api_positive.InventoryService.DynamicResponsePositive","GetTrims"
"Submit Loan Customer Preferences","1027","SubmitLoanPreferencesNegative - feePaymentMethod blank","API_Regression_Suite","2026-03-11","passed","2026-03-11","autochek_api_negative.OfferSimulation.OfferSimulationNegative","Autochek_API_Automation","autochek_api_negative.OfferSimulation.OfferSimulationNegative","SubmitLoanPreferencesNegative"
"Submit Loan Customer Preferences","938","SubmitLoanPreferencesNegative - Desired Loan Currency invalid number","API_Regression_Suite","2026-03-11","failed","2026-03-11","autochek_api_negative.OfferSimulation.OfferSimulationNegative","Autochek_API_Automation","autochek_api_negative.OfferSimulation.OfferSimulationNegative","SubmitLoanPreferencesNegative"
"Submit Loan Customer Preferences","822","SubmitLoanPreferencesNegative - upfrontVehicleTracking JSON object instead of boolean","API_Regression_Suite","2026-03-11","passed","2026-03-11","autochek_api_negative.OfferSimulation.OfferSimulationNegative","Autochek_API_Automation","autochek_api_negative.OfferSimulation.OfferSimulationNegative","SubmitLoanPreferencesNegative"
"Negative test for Create System Config V2","0","PostSystemConfigV2 - REQUIRE_NUMBER SQL injection attempt","API_Regression_Suite","2026-03-11","skipped","2026-03-11","autochek_api_negative.UserService.UserServiceV2Negative","Autochek_API_Automation","autochek_api_negative.UserService.UserServiceV2Negative","PostSystemConfigV2"
"","2665","submitLoanPreference - Upfront Tyres TRUE","API_Regression_Suite","2026-03-11","passed","2026-03-11","autochek_api_positive.OfferSimulation.OfferSimulationPositive","Autochek_API_Automation","autochek_api_positive.OfferSimulation.OfferSimulationPositive","submitLoanPreference"
"Create Inspection for the carID generated in Car Creation","630","PostCreateInspection - Script injection attempt in value","API_Regression_Suite","2026-03-11","passed","2026-03-11","autochek_api_negative.DetachTyresSpecification.DetachTyresSpecificationNegative","Autochek_API_Automation","autochek_api_negative.DetachTyresSpecification.DetachTyresSpecificationNegative","PostCreateInspection"
"Validates GET /v1/inventory/body_type with dynamic parameters - Negative Test","522","GetBodyTypeNegative - Pass field value from unrelated entity","API_Regression_Suite","2026-03-11","passed","2026-03-11","autochek_api_negative.InventoryService.DynamicResponseNegative","Autochek_API_Automation","autochek_api_negative.InventoryService.DynamicResponseNegative","GetBodyTypeNegative"
"Validates GET /v2/origination/loans with dynamic parameters - Negative Test","536","GetLoansListNegative - country is lowercase","API_Regression_Suite","2026-03-11","passed","2026-03-11","autochek_api_negative.OriginationService.ResponsePayloadReductionV2APIsNegative","Autochek_API_Automation","autochek_api_negative.OriginationService.ResponsePayloadReductionV2APIsNegative","GetLoansListNegative"
"Create Inspection for the carID generated in Car Creation","911","PostCreateInspection - Special chars","API_Regression_Suite","2026-03-11","passed","2026-03-11","autochek_api_negative.DetachTyresSpecification.DetachTyresSpecificationNegative","Autochek_API_Automation","autochek_api_negative.DetachTyresSpecification.DetachTyresSpecificationNegative","PostCreateInspection"
"Validates GET /v2/origination/loans with dynamic parameters - Negative Test","720","GetLoansListNegative - country is number","API_Regression_Suite","2026-03-11","passed","2026-03-11","autochek_api_negative.OriginationService.ResponsePayloadReductionV2APIsNegative","Autochek_API_Automation","autochek_api_negative.OriginationService.ResponsePayloadReductionV2APIsNegative","GetLoansListNegative"
"Negative test for Create System Config V2","8","PostSystemConfigV2 - MAX_CONCURRENT_SESSIONS boolean value","API_Regression_Suite","2026-03-11","skipped","2026-03-11","autochek_api_negative.UserService.UserServiceV2Negative","Autochek_API_Automation","autochek_api_negative.UserService.UserServiceV2Negative","PostSystemConfigV2"
"Validates GET /v1/inventory/make with dynamic fields filtering - Positive Test","511","GetMake - Verify response returns only id, imageUrl fields (exclude name)","API_Regression_Suite","2026-03-11","failed","2026-03-11","autochek_api_positive.InventoryService.DynamicResponsePositive","Autochek_API_Automation","autochek_api_positive.InventoryService.DynamicResponsePositive","GetMake"
"","9","PostEnableUserV2Negative - Send null userId","API_Regression_Suite","2026-03-11","skipped","2026-03-11","autochek_api_negative.UserService.UserServiceV2Negative","Autochek_API_Automation","autochek_api_negative.UserService.UserServiceV2Negative","PostEnableUserV2Negative"
"Negative test for Create System Config V2","11","PostSystemConfigV2 - REQUIRE_SPECIAL_CHAR numeric instead of boolean","API_Regression_Suite","2026-03-11","skipped","2026-03-11","autochek_api_negative.UserService.UserServiceV2Negative","Autochek_API_Automation","autochek_api_negative.UserService.UserServiceV2Negative","PostSystemConfigV2"
"Validates negative test cases for Send Template API with various invalid and omitted parameters","0","SendTemplateNegativeTest - user_name empty value","API_Regression_Suite","2026-03-11","skipped","2026-03-11","autochek_api_negative.Template.TemplateV1Negative.TemplateV1Negative","Autochek_API_Automation","autochek_api_negative.Template.TemplateV1Negative.TemplateV1Negative","SendTemplateNegativeTest"
"Submit Loan Customer Preferences","773","SubmitLoanPreferencesNegative - Term invalid text value","API_Regression_Suite","2026-03-11","failed","2026-03-11","autochek_api_negative.OfferSimulation.OfferSimulationNegative","Autochek_API_Automation","autochek_api_negative.OfferSimulation.OfferSimulationNegative","SubmitLoanPreferencesNegative"
"Validate negative scenarios for template creation based on sheet data","4","UpdateEmailTemplate - Name is empty string while others are valid","API_Regression_Suite","2026-03-11","skipped","2026-03-11","autochek_api_negative.Template.TemplateV1Negative.TemplateV1Negative","Autochek_API_Automation","autochek_api_negative.Template.TemplateV1Negative.TemplateV1Negative","UpdateEmailTemplate"
"","2","PostLogoutV2Negative - Send XSS payload in refreshToken cookie","API_Regression_Suite","2026-03-11","skipped","2026-03-11","autochek_api_negative.UserService.UserServiceV2Negative","Autochek_API_Automation","autochek_api_negative.UserService.UserServiceV2Negative","PostLogoutV2Negative"
"Submit Loan Customer Preferences","810","SubmitLoanPreferencesNegative - upfrontMaintenancePlan blank","API_Regression_Suite","2026-03-11","passed","2026-03-11","autochek_api_negative.OfferSimulation.OfferSimulationNegative","Autochek_API_Automation","autochek_api_negative.OfferSimulation.OfferSimulationNegative","SubmitLoanPreferencesNegative"
"Create Car and Validate Response","2097","CreateCar - Verify car creation with tyre_code = TY001","API_Regression_Suite","2026-03-11","broken","2026-03-11","autochek_api_positive.DetachTyreSpecification.DetachTyreSpecificationPositive","Autochek_API_Automation","autochek_api_positive.DetachTyreSpecification.DetachTyreSpecificationPositive","CreateCar"
"Validates GET /v1/inventory/car with dynamic parameters - Positive Test","748","GetCarList - Validate fields filter works with multiple exclusions","API_Regression_Suite","2026-03-11","broken","2026-03-11","autochek_api_positive.InventoryService.DynamicResponsePositive","Autochek_API_Automation","autochek_api_positive.InventoryService.DynamicResponsePositive","GetCarList"
"Validates negative test cases for Send Template API with various invalid and omitted parameters","0","SendTemplateNegativeTest - name null","API_Regression_Suite","2026-03-11","skipped","2026-03-11","autochek_api_negative.Template.TemplateV1Negative.TemplateV1Negative","Autochek_API_Automation","autochek_api_negative.Template.TemplateV1Negative.TemplateV1Negative","SendTemplateNegativeTest"
"Negative test for Create System Config V2","0","PostSystemConfigV2 - DISALLOW_WHITESPACES zero value","API_Regression_Suite","2026-03-11","skipped","2026-03-11","autochek_api_negative.UserService.UserServiceV2Negative","Autochek_API_Automation","autochek_api_negative.UserService.UserServiceV2Negative","PostSystemConfigV2"
"","4","PostDisableUserV2Negative - Send userId containing special characters","API_Regression_Suite","2026-03-11","skipped","2026-03-11","autochek_api_negative.UserService.UserServiceV2Negative","Autochek_API_Automation","autochek_api_negative.UserService.UserServiceV2Negative","PostDisableUserV2Negative"
"Create Inspection for the carID generated in Car Creation","835","PostCreateInspection - Leading spaces in form_id","API_Regression_Suite","2026-03-11","passed","2026-03-11","autochek_api_negative.DetachTyresSpecification.DetachTyresSpecificationNegative","Autochek_API_Automation","autochek_api_negative.DetachTyresSpecification.DetachTyresSpecificationNegative","PostCreateInspection"
"Validates GET /v2/origination/partners with dynamic parameters - Positive Test","0","GetPartnersList - country is NG","API_Regression_Suite","2026-03-11","skipped","2026-03-11","autochek_api_positive.OriginationService.ResponsePayloadReductionV2APIs","Autochek_API_Automation","autochek_api_positive.OriginationService.ResponsePayloadReductionV2APIs","GetPartnersList"
"Validates negative test cases for Send Template API with various invalid and omitted parameters","2","SendTemplateNegativeTest - channel invalid value","API_Regression_Suite","2026-03-11","skipped","2026-03-11","autochek_api_negative.Template.TemplateV1Negative.TemplateV1Negative","Autochek_API_Automation","autochek_api_negative.Template.TemplateV1Negative.TemplateV1Negative","SendTemplateNegativeTest"
"","2","PostLookUpV2Negative - Identifier contains letters in phone number","API_Regression_Suite","2026-03-11","skipped","2026-03-11","autochek_api_negative.UserService.UserServiceV2Negative","Autochek_API_Automation","autochek_api_negative.UserService.UserServiceV2Negative","PostLookUpV2Negative"
"","3","PostLogoutAllAdminNegative - userId as numeric short value","API_Regression_Suite","2026-03-11","skipped","2026-03-11","autochek_api_negative.UserService.UserServiceV2Negative","Autochek_API_Automation","autochek_api_negative.UserService.UserServiceV2Negative","PostLogoutAllAdminNegative"
"Validates GET /v1/inventory/car with dynamic parameters - Negative Test","759","GetCarListNegative - Pass special characters in relations","API_Regression_Suite","2026-03-11","passed","2026-03-11","autochek_api_negative.InventoryService.DynamicResponseNegative","Autochek_API_Automation","autochek_api_negative.InventoryService.DynamicResponseNegative","GetCarListNegative"
"Negative test for Create System Config V2","0","PostSystemConfigV2 - DISALLOW_WHITESPACES null value","API_Regression_Suite","2026-03-11","skipped","2026-03-11","autochek_api_negative.UserService.UserServiceV2Negative","Autochek_API_Automation","autochek_api_negative.UserService.UserServiceV2Negative","PostSystemConfigV2"
"Submit Loan Customer Preferences","8357","SubmitLoanPreferencesNegative - dealDiscount 0%","API_Regression_Suite","2026-03-11","passed","2026-03-11","autochek_api_negative.OfferSimulation.OfferSimulationNegative","Autochek_API_Automation","autochek_api_negative.OfferSimulation.OfferSimulationNegative","SubmitLoanPreferencesNegative"
"Get Offer Details by OfferID","604","GetOffersByIdNegative - HTML tag injection","API_Regression_Suite","2026-03-11","passed","2026-03-11","autochek_api_negative.OriginationService.ResponsePayloadReductionV2APIsNegative","Autochek_API_Automation","autochek_api_negative.OriginationService.ResponsePayloadReductionV2APIsNegative","GetOffersByIdNegative"
"Validates negative test cases for Send Template API with various invalid and omitted parameters","8","SendTemplateNegativeTest - channel contains only spaces","API_Regression_Suite","2026-03-11","skipped","2026-03-11","autochek_api_negative.Template.TemplateV1Negative.TemplateV1Negative","Autochek_API_Automation","autochek_api_negative.Template.TemplateV1Negative.TemplateV1Negative","SendTemplateNegativeTest"
"Submit Loan Customer Preferences","1035","SubmitLoanPreferencesNegative - desiredLoanCurrency too short","API_Regression_Suite","2026-03-11","passed","2026-03-11","autochek_api_negative.OfferSimulation.OfferSimulationNegative","Autochek_API_Automation","autochek_api_negative.OfferSimulation.OfferSimulationNegative","SubmitLoanPreferencesNegative"
"Update System Config dynamically for PASSWORD_POLICY or USER_SESSION","2","PatchSystemConfigV2 - MIN_LENGTH extremely large","API_Regression_Suite","2026-03-11","skipped","2026-03-11","autochek_api_negative.UserService.UserServiceV2Negative","Autochek_API_Automation","autochek_api_negative.UserService.UserServiceV2Negative","PatchSystemConfigV2"
"Negative test for Create System Config V2","0","PostSystemConfigV2 - MAX_LENGTH non-numeric","API_Regression_Suite","2026-03-11","skipped","2026-03-11","autochek_api_negative.UserService.UserServiceV2Negative","Autochek_API_Automation","autochek_api_negative.UserService.UserServiceV2Negative","PostSystemConfigV2"
"Submit Loan Customer Preferences","806","SubmitLoanPreferencesNegative - Vehicle Discount above allowed range","API_Regression_Suite","2026-03-11","passed","2026-03-11","autochek_api_negative.OfferSimulation.OfferSimulationNegative","Autochek_API_Automation","autochek_api_negative.OfferSimulation.OfferSimulationNegative","SubmitLoanPreferencesNegative"
"","3","PostLookUpV2Negative - Send SQL injection string as token","API_Regression_Suite","2026-03-11","skipped","2026-03-11","autochek_api_negative.UserService.UserServiceV2Negative","Autochek_API_Automation","autochek_api_negative.UserService.UserServiceV2Negative","PostLookUpV2Negative"
"Validate negative scenarios for template creation based on sheet data","1","UpdateEmailTemplate - user_name is empty string while others are valid","API_Regression_Suite","2026-03-11","skipped","2026-03-11","autochek_api_negative.Template.TemplateV1Negative.TemplateV1Negative","Autochek_API_Automation","autochek_api_negative.Template.TemplateV1Negative.TemplateV1Negative","UpdateEmailTemplate"
"Validates GET /v2/origination/sources with dynamic parameters - Positive Test","0","GetSourcesList - country is GH","API_Regression_Suite","2026-03-11","skipped","2026-03-11","autochek_api_positive.OriginationService.ResponsePayloadReductionV2APIs","Autochek_API_Automation","autochek_api_positive.OriginationService.ResponsePayloadReductionV2APIs","GetSourcesList"
"","4","PatchUpdatePasswordV2Negative - Send XSS payload as token","API_Regression_Suite","2026-03-11","skipped","2026-03-11","autochek_api_negative.UserService.UserServiceV2Negative","Autochek_API_Automation","autochek_api_negative.UserService.UserServiceV2Negative","PatchUpdatePasswordV2Negative"
"","8041","submitLoanPreference - Customer Preferences","API_Regression_Suite","2026-03-11","passed","2026-03-11","autochek_api_positive.OfferSimulation.OfferSimulationPositive","Autochek_API_Automation","autochek_api_positive.OfferSimulation.OfferSimulationPositive","submitLoanPreference"
"Submit Loan Customer Preferences","562","SubmitLoanPreferencesNegative - upfrontWarranty SQL injection attempt","API_Regression_Suite","2026-03-11","passed","2026-03-11","autochek_api_negative.OfferSimulation.OfferSimulationNegative","Autochek_API_Automation","autochek_api_negative.OfferSimulation.OfferSimulationNegative","SubmitLoanPreferencesNegative"
"Submit Loan Customer Preferences","1532","SubmitLoanPreferencesNegative - upfrontTyres null","API_Regression_Suite","2026-03-11","passed","2026-03-11","autochek_api_negative.OfferSimulation.OfferSimulationNegative","Autochek_API_Automation","autochek_api_negative.OfferSimulation.OfferSimulationNegative","SubmitLoanPreferencesNegative"
"Verify PATCH updates by comparing stored payload with GET response","0","VerifyPatchWithGet","API_Regression_Suite","2026-03-11","skipped","2026-03-11","autochek_api_negative.UserService.UserServiceV2Negative","Autochek_API_Automation","autochek_api_negative.UserService.UserServiceV2Negative","VerifyPatchWithGet"
"Validates GET /v2/origination/sources with dynamic parameters - Negative Test","597","GetSourcesListNegative - page_size is special characters","API_Regression_Suite","2026-03-11","passed","2026-03-11","autochek_api_negative.OriginationService.ResponsePayloadReductionV2APIsNegative","Autochek_API_Automation","autochek_api_negative.OriginationService.ResponsePayloadReductionV2APIsNegative","GetSourcesListNegative"
"Validates GET /v1/inventory/inspection_request with dynamic parameters - Positive Test","883","GetInspectionRequest - Validate only id and carTitle fields are returned","API_Regression_Suite","2026-03-11","failed","2026-03-11","autochek_api_positive.InventoryService.DynamicResponsePositive","Autochek_API_Automation","autochek_api_positive.InventoryService.DynamicResponsePositive","GetInspectionRequest"
"Create Inspection for the carID generated in Car Creation","1115","PostCreateInspection - SQL injection attempt in location","API_Regression_Suite","2026-03-11","passed","2026-03-11","autochek_api_negative.DetachTyresSpecification.DetachTyresSpecificationNegative","Autochek_API_Automation","autochek_api_negative.DetachTyresSpecification.DetachTyresSpecificationNegative","PostCreateInspection"
"Validates negative test cases for Send Template API with various invalid and omitted parameters","3","SendTemplateNegativeTest - channel omitted","API_Regression_Suite","2026-03-11","skipped","2026-03-11","autochek_api_negative.Template.TemplateV1Negative.TemplateV1Negative","Autochek_API_Automation","autochek_api_negative.Template.TemplateV1Negative.TemplateV1Negative","SendTemplateNegativeTest"
"Update System Config dynamically for PASSWORD_POLICY or USER_SESSION","3","PatchSystemConfigV2 - MAX_CONCURRENT_SESSIONS negative number","API_Regression_Suite","2026-03-11","skipped","2026-03-11","autochek_api_negative.UserService.UserServiceV2Negative","Autochek_API_Automation","autochek_api_negative.UserService.UserServiceV2Negative","PatchSystemConfigV2"
"Update System Config dynamically for PASSWORD_POLICY or USER_SESSION","4","PatchSystemConfigV2 - DISALLOW_WHITESPACES null value","API_Regression_Suite","2026-03-11","skipped","2026-03-11","autochek_api_negative.UserService.UserServiceV2Negative","Autochek_API_Automation","autochek_api_negative.UserService.UserServiceV2Negative","PatchSystemConfigV2"
"Create OTP SMS template and validate full response","3","createOtpSmsTemplate","API_Regression_Suite","2026-03-11","skipped","2026-03-11","autochek_api_positive.Template.TemplateV1Positive","Autochek_API_Automation","autochek_api_positive.Template.TemplateV1Positive","createOtpSmsTemplate"
"Validates negative test cases for Send Template API with various invalid and omitted parameters","0","SendTemplateNegativeTest - Passing token as empty","API_Regression_Suite","2026-03-11","skipped","2026-03-11","autochek_api_negative.Template.TemplateV1Negative.TemplateV1Negative","Autochek_API_Automation","autochek_api_negative.Template.TemplateV1Negative.TemplateV1Negative","SendTemplateNegativeTest"
"Update System Config dynamically for PASSWORD_POLICY or USER_SESSION","0","PatchSystemConfigV2 - DISALLOW_WHITESPACES special characters","API_Regression_Suite","2026-03-11","skipped","2026-03-11","autochek_api_negative.UserService.UserServiceV2Negative","Autochek_API_Automation","autochek_api_negative.UserService.UserServiceV2Negative","PatchSystemConfigV2"
"Submit Loan Customer Preferences","823","SubmitLoanPreferencesNegative - Residual Percentage invalid string","API_Regression_Suite","2026-03-11","failed","2026-03-11","autochek_api_negative.OfferSimulation.OfferSimulationNegative","Autochek_API_Automation","autochek_api_negative.OfferSimulation.OfferSimulationNegative","SubmitLoanPreferencesNegative"
"Validates GET /v1/inventory/car with dynamic parameters - Negative Test","1556","GetCarListNegative - Pass duplicate fields","API_Regression_Suite","2026-03-11","passed","2026-03-11","autochek_api_negative.InventoryService.DynamicResponseNegative","Autochek_API_Automation","autochek_api_negative.InventoryService.DynamicResponseNegative","GetCarListNegative"
"Validates GET /v1/origination/offers/{offer_Id}/loan-document with dynamic parameters - Negative Test","634","GetLoanDocumentsByOfferIdNegative - Send offer_id as numeric only","API_Regression_Suite","2026-03-11","passed","2026-03-11","autochek_api_negative.OriginationService.ResponsePayloadReductionV2APIsNegative","Autochek_API_Automation","autochek_api_negative.OriginationService.ResponsePayloadReductionV2APIsNegative","GetLoanDocumentsByOfferIdNegative"
"Validates GET /v1/inventory/car with dynamic parameters - Negative Test","515","GetCarListNegative - Validate API fails when passing completely unknown relation","API_Regression_Suite","2026-03-11","passed","2026-03-11","autochek_api_negative.InventoryService.DynamicResponseNegative","Autochek_API_Automation","autochek_api_negative.InventoryService.DynamicResponseNegative","GetCarListNegative"
"Validates GET /v2/origination/loans with dynamic parameters - Negative Test","529","GetLoansListNegative - page_size is null","API_Regression_Suite","2026-03-11","passed","2026-03-11","autochek_api_negative.OriginationService.ResponsePayloadReductionV2APIsNegative","Autochek_API_Automation","autochek_api_negative.OriginationService.ResponsePayloadReductionV2APIsNegative","GetLoansListNegative"
"Delete USER_SESSION and PASSWORD_POLICY using stored IDs","3","deleteSystemConfigs - Delete with negative ID","API_Regression_Suite","2026-03-11","skipped","2026-03-11","autochek_api_negative.UserService.UserServiceV2Negative","Autochek_API_Automation","autochek_api_negative.UserService.UserServiceV2Negative","deleteSystemConfigs"
"Validates GET /v1/inventory/model with dynamic parameters - Negative Test","527","GetModelListNegative - Pass invalid field not in model schema","API_Regression_Suite","2026-03-11","passed","2026-03-11","autochek_api_negative.InventoryService.DynamicResponseNegative","Autochek_API_Automation","autochek_api_negative.InventoryService.DynamicResponseNegative","GetModelListNegative"
"Create Car and Validate Response","2031","CreateCar - Verify car creation with cc_measurement = 1.6","API_Regression_Suite","2026-03-11","broken","2026-03-11","autochek_api_positive.DetachTyreSpecification.DetachTyreSpecificationPositive","Autochek_API_Automation","autochek_api_positive.DetachTyreSpecification.DetachTyreSpecificationPositive","CreateCar"
"Submit Loan Customer Preferences","1100","SubmitLoanPreferencesNegative - desiredLoanCurrency space only","API_Regression_Suite","2026-03-11","passed","2026-03-11","autochek_api_negative.OfferSimulation.OfferSimulationNegative","Autochek_API_Automation","autochek_api_negative.OfferSimulation.OfferSimulationNegative","SubmitLoanPreferencesNegative"
"","3","PostEnableUserV2Negative - Send userId containing special characters","API_Regression_Suite","2026-03-11","skipped","2026-03-11","autochek_api_negative.UserService.UserServiceV2Negative","Autochek_API_Automation","autochek_api_negative.UserService.UserServiceV2Negative","PostEnableUserV2Negative"
"Submit Loan Customer Preferences","1009","SubmitLoanPreferencesNegative - Requested Warranty Plan special characters","API_Regression_Suite","2026-03-11","failed","2026-03-11","autochek_api_negative.OfferSimulation.OfferSimulationNegative","Autochek_API_Automation","autochek_api_negative.OfferSimulation.OfferSimulationNegative","SubmitLoanPreferencesNegative"
"Update System Config dynamically for PASSWORD_POLICY or USER_SESSION","1","PatchSystemConfigV2 - REQUIRE_LOWERCASE special characters","API_Regression_Suite","2026-03-11","skipped","2026-03-11","autochek_api_negative.UserService.UserServiceV2Negative","Autochek_API_Automation","autochek_api_negative.UserService.UserServiceV2Negative","PatchSystemConfigV2"
"Create Inspection for the carID generated in Car Creation","2230","PostCreateInspection - Too long car_id","API_Regression_Suite","2026-03-11","passed","2026-03-11","autochek_api_negative.DetachTyresSpecification.DetachTyresSpecificationNegative","Autochek_API_Automation","autochek_api_negative.DetachTyresSpecification.DetachTyresSpecificationNegative","PostCreateInspection"
"Validates negative test cases for Preview Template API using first created templateId map","0","PreviewTemplateNegativeTest - user_name.stringValue is null","API_Regression_Suite","2026-03-11","skipped","2026-03-11","autochek_api_negative.Template.TemplateV1Negative.TemplateV1Negative","Autochek_API_Automation","autochek_api_negative.Template.TemplateV1Negative.TemplateV1Negative","PreviewTemplateNegativeTest"
"Validates GET /v1/inventory/car with dynamic parameters - Negative Test","1220","GetCarListNegative - Pass valid field + excluded valid field together","API_Regression_Suite","2026-03-11","passed","2026-03-11","autochek_api_negative.InventoryService.DynamicResponseNegative","Autochek_API_Automation","autochek_api_negative.InventoryService.DynamicResponseNegative","GetCarListNegative"
"Submit Loan Customer Preferences","754","SubmitLoanPreferencesNegative - upfrontMaintenancePlan null","API_Regression_Suite","2026-03-11","passed","2026-03-11","autochek_api_negative.OfferSimulation.OfferSimulationNegative","Autochek_API_Automation","autochek_api_negative.OfferSimulation.OfferSimulationNegative","SubmitLoanPreferencesNegative"
"Update Car and Validate Response","1376","PutUpdateCar - license_plate as SQL injection","API_Regression_Suite","2026-03-11","passed","2026-03-11","autochek_api_negative.DetachTyresSpecification.DetachTyresSpecificationNegative","Autochek_API_Automation","autochek_api_negative.DetachTyresSpecification.DetachTyresSpecificationNegative","PutUpdateCar"
"Create Inspection for the carID generated in Car Creation","553","PostCreateInspection - Very large number","API_Regression_Suite","2026-03-11","passed","2026-03-11","autochek_api_negative.DetachTyresSpecification.DetachTyresSpecificationNegative","Autochek_API_Automation","autochek_api_negative.DetachTyresSpecification.DetachTyresSpecificationNegative","PostCreateInspection"
"Create Inspection for the carID generated in Car Creation","1169","PostCreateInspection - Empty tyre code","API_Regression_Suite","2026-03-11","passed","2026-03-11","autochek_api_negative.DetachTyresSpecification.DetachTyresSpecificationNegative","Autochek_API_Automation","autochek_api_negative.DetachTyresSpecification.DetachTyresSpecificationNegative","PostCreateInspection"
"","2","PatchUpdatePasswordV2Negative - Send empty newPassword value","API_Regression_Suite","2026-03-11","skipped","2026-03-11","autochek_api_negative.UserService.UserServiceV2Negative","Autochek_API_Automation","autochek_api_negative.UserService.UserServiceV2Negative","PatchUpdatePasswordV2Negative"
"Create Car and Validate Response","2927","CreateCar - Verify car creation with latest year 2025","API_Regression_Suite","2026-03-11","broken","2026-03-11","autochek_api_positive.DetachTyreSpecification.DetachTyreSpecificationPositive","Autochek_API_Automation","autochek_api_positive.DetachTyreSpecification.DetachTyreSpecificationPositive","CreateCar"
"Update System Config dynamically for PASSWORD_POLICY or USER_SESSION","2","PatchSystemConfigV2 - MAX_LENGTH decimal","API_Regression_Suite","2026-03-11","skipped","2026-03-11","autochek_api_negative.UserService.UserServiceV2Negative","Autochek_API_Automation","autochek_api_negative.UserService.UserServiceV2Negative","PatchSystemConfigV2"
"Validates GET /v1/inspection with dynamic parameters - Positive Test","953","GetInspection - Validate only car field is returned","API_Regression_Suite","2026-03-11","broken","2026-03-11","autochek_api_positive.InventoryService.DynamicResponsePositive","Autochek_API_Automation","autochek_api_positive.InventoryService.DynamicResponsePositive","GetInspection"
"Validates GET /v1/inventory/model with dynamic parameters - Positive Test","643","GetModelList - Validate nested make with only make.imageUrl","API_Regression_Suite","2026-03-11","passed","2026-03-11","autochek_api_positive.InventoryService.DynamicResponsePositive","Autochek_API_Automation","autochek_api_positive.InventoryService.DynamicResponsePositive","GetModelList"
"Submit Loan Customer Preferences","2209","SubmitLoanPreferencesNegative - includeLicenceRenewalFees boolean true","API_Regression_Suite","2026-03-11","passed","2026-03-11","autochek_api_negative.OfferSimulation.OfferSimulationNegative","Autochek_API_Automation","autochek_api_negative.OfferSimulation.OfferSimulationNegative","SubmitLoanPreferencesNegative"
"","2","PostUserSignUpV2Negative - UserType is null","API_Regression_Suite","2026-03-11","skipped","2026-03-11","autochek_api_negative.UserService.UserServiceV2Negative","Autochek_API_Automation","autochek_api_negative.UserService.UserServiceV2Negative","PostUserSignUpV2Negative"
"Validates GET /v1/inspection with dynamic parameters - Negative Test","546","GetInspectionNegative - Validate API fails when passing multiple unrelated top-level relations","API_Regression_Suite","2026-03-11","passed","2026-03-11","autochek_api_negative.InventoryService.DynamicResponseNegative","Autochek_API_Automation","autochek_api_negative.InventoryService.DynamicResponseNegative","GetInspectionNegative"
"Submit Loan Customer Preferences","705","SubmitLoanPreferencesNegative - upfrontCreditLifeInsurance null","API_Regression_Suite","2026-03-11","passed","2026-03-11","autochek_api_negative.OfferSimulation.OfferSimulationNegative","Autochek_API_Automation","autochek_api_negative.OfferSimulation.OfferSimulationNegative","SubmitLoanPreferencesNegative"
"Negative test for Create System Config V2","0","PostSystemConfigV2 - MAX_CONCURRENT_SESSIONS SQL injection attempt","API_Regression_Suite","2026-03-11","skipped","2026-03-11","autochek_api_negative.UserService.UserServiceV2Negative","Autochek_API_Automation","autochek_api_negative.UserService.UserServiceV2Negative","PostSystemConfigV2"
"Submit Loan Customer Preferences","1012","SubmitLoanPreferencesNegative - Upfront Warranty empty string","API_Regression_Suite","2026-03-11","failed","2026-03-11","autochek_api_negative.OfferSimulation.OfferSimulationNegative","Autochek_API_Automation","autochek_api_negative.OfferSimulation.OfferSimulationNegative","SubmitLoanPreferencesNegative"
"Submit Loan Customer Preferences","580","SubmitLoanPreferencesNegative - requestedWarrantyPlan too long string","API_Regression_Suite","2026-03-11","passed","2026-03-11","autochek_api_negative.OfferSimulation.OfferSimulationNegative","Autochek_API_Automation","autochek_api_negative.OfferSimulation.OfferSimulationNegative","SubmitLoanPreferencesNegative"
"Validates GET /v2/origination/partners with dynamic parameters - Positive Test","0","GetPartnersList - country is GH","API_Regression_Suite","2026-03-11","skipped","2026-03-11","autochek_api_positive.OriginationService.ResponsePayloadReductionV2APIs","Autochek_API_Automation","autochek_api_positive.OriginationService.ResponsePayloadReductionV2APIs","GetPartnersList"
"Negative test for Create System Config V2","0","PostSystemConfigV2 - MAX_LENGTH empty","API_Regression_Suite","2026-03-11","skipped","2026-03-11","autochek_api_negative.UserService.UserServiceV2Negative","Autochek_API_Automation","autochek_api_negative.UserService.UserServiceV2Negative","PostSystemConfigV2"
"Validates GET /v1/origination/offers/{offer_Id}/loan-document with dynamic parameters - Negative Test","673","GetLoanDocumentsByOfferIdNegative - offer_id in base64 encoded format","API_Regression_Suite","2026-03-11","passed","2026-03-11","autochek_api_negative.OriginationService.ResponsePayloadReductionV2APIsNegative","Autochek_API_Automation","autochek_api_negative.OriginationService.ResponsePayloadReductionV2APIsNegative","GetLoanDocumentsByOfferIdNegative"
"Update Car and Validate Response","703","PutUpdateCar - is_draft as null","API_Regression_Suite","2026-03-11","failed","2026-03-11","autochek_api_negative.DetachTyresSpecification.DetachTyresSpecificationNegative","Autochek_API_Automation","autochek_api_negative.DetachTyresSpecification.DetachTyresSpecificationNegative","PutUpdateCar"
"Submit Loan Customer Preferences","562","SubmitLoanPreferencesNegative - tyreBrand very long string","API_Regression_Suite","2026-03-11","passed","2026-03-11","autochek_api_negative.OfferSimulation.OfferSimulationNegative","Autochek_API_Automation","autochek_api_negative.OfferSimulation.OfferSimulationNegative","SubmitLoanPreferencesNegative"
"Update Car and Validate Response","3","updateCar - Verify car updation with combination: created_by = XyZUSER101 & state = Niger","API_Regression_Suite","2026-03-11","passed","2026-03-11","autochek_api_positive.DetachTyreSpecification.DetachTyreSpecificationPositive","Autochek_API_Automation","autochek_api_positive.DetachTyreSpecification.DetachTyreSpecificationPositive","updateCar"
"Validates GET /v2/origination/banks with dynamic parameters - Positive Test","5","GetBanksList - country is KE","API_Regression_Suite","2026-03-11","skipped","2026-03-11","autochek_api_positive.OriginationService.ResponsePayloadReductionV2APIs","Autochek_API_Automation","autochek_api_positive.OriginationService.ResponsePayloadReductionV2APIs","GetBanksList"
"","14","PostLoginV2Negative - Username invalid email domain","API_Regression_Suite","2026-03-11","skipped","2026-03-11","autochek_api_negative.UserService.UserServiceV2Negative","Autochek_API_Automation","autochek_api_negative.UserService.UserServiceV2Negative","PostLoginV2Negative"
"Validate negative scenarios for template creation based on sheet data","2","UpdateEmailTemplate - category contains only spaces while others are valid","API_Regression_Suite","2026-03-11","skipped","2026-03-11","autochek_api_negative.Template.TemplateV1Negative.TemplateV1Negative","Autochek_API_Automation","autochek_api_negative.Template.TemplateV1Negative.TemplateV1Negative","UpdateEmailTemplate"
"Validate negative scenarios for template creation based on sheet data","2","UpdateEmailTemplate - user_name contains numeric-only value","API_Regression_Suite","2026-03-11","skipped","2026-03-11","autochek_api_negative.Template.TemplateV1Negative.TemplateV1Negative","Autochek_API_Automation","autochek_api_negative.Template.TemplateV1Negative.TemplateV1Negative","UpdateEmailTemplate"
"Create Inspection for the carID generated in Car Creation","770","PostCreateInspection - Empty country","API_Regression_Suite","2026-03-11","passed","2026-03-11","autochek_api_negative.DetachTyresSpecification.DetachTyresSpecificationNegative","Autochek_API_Automation","autochek_api_negative.DetachTyresSpecification.DetachTyresSpecificationNegative","PostCreateInspection"
"Validates GET /v2/origination/partners with dynamic parameters - Positive Test","1476","GetPartnersListNegative - country is null","API_Regression_Suite","2026-03-11","passed","2026-03-11","autochek_api_negative.OriginationService.ResponsePayloadReductionV2APIsNegative","Autochek_API_Automation","autochek_api_negative.OriginationService.ResponsePayloadReductionV2APIsNegative","GetPartnersListNegative"
"Submit Loan Customer Preferences","1013","SubmitLoanPreferencesNegative - Desired Loan Currency unsupported","API_Regression_Suite","2026-03-11","failed","2026-03-11","autochek_api_negative.OfferSimulation.OfferSimulationNegative","Autochek_API_Automation","autochek_api_negative.OfferSimulation.OfferSimulationNegative","SubmitLoanPreferencesNegative"
"Validate negative scenarios for template creation based on sheet data","2","UpdateEmailTemplate - user_name is null while all other fields are valid","API_Regression_Suite","2026-03-11","skipped","2026-03-11","autochek_api_negative.Template.TemplateV1Negative.TemplateV1Negative","Autochek_API_Automation","autochek_api_negative.Template.TemplateV1Negative.TemplateV1Negative","UpdateEmailTemplate"
"Validates GET /v2/origination/sources with dynamic parameters - Negative Test","842","GetSourcesListNegative - page_size is object","API_Regression_Suite","2026-03-11","passed","2026-03-11","autochek_api_negative.OriginationService.ResponsePayloadReductionV2APIsNegative","Autochek_API_Automation","autochek_api_negative.OriginationService.ResponsePayloadReductionV2APIsNegative","GetSourcesListNegative"
"Reset PASSWORD_POLICY and USER_SESSION to original stored values","3","ResetSystemConfigsToOriginal","API_Regression_Suite","2026-03-11","broken","2026-03-11","autochek_api_positive.UserService.UserServiceV2","Autochek_API_Automation","autochek_api_positive.UserService.UserServiceV2","ResetSystemConfigsToOriginal"
"Validates GET /v2/origination/offers with dynamic parameters - Positive Test","677","GetOffersListNegative - page_size is float","API_Regression_Suite","2026-03-11","passed","2026-03-11","autochek_api_negative.OriginationService.ResponsePayloadReductionV2APIsNegative","Autochek_API_Automation","autochek_api_negative.OriginationService.ResponsePayloadReductionV2APIsNegative","GetOffersListNegative"
"","3","PostUserSignUpV2Negative - PhoneNumber is too short","API_Regression_Suite","2026-03-11","skipped","2026-03-11","autochek_api_negative.UserService.UserServiceV2Negative","Autochek_API_Automation","autochek_api_negative.UserService.UserServiceV2Negative","PostUserSignUpV2Negative"
"Negative test for Create System Config V2","0","PostSystemConfigV2 - MAX_LENGTH special chars","API_Regression_Suite","2026-03-11","skipped","2026-03-11","autochek_api_negative.UserService.UserServiceV2Negative","Autochek_API_Automation","autochek_api_negative.UserService.UserServiceV2Negative","PostSystemConfigV2"
"Validates GET /v1/origination/offers/{offer_Id}/loan-document with dynamic parameters - Negative Test","618","GetLoanDocumentsByOfferIdNegative - Send offer_id as random alphanumeric invalid format","API_Regression_Suite","2026-03-11","passed","2026-03-11","autochek_api_negative.OriginationService.ResponsePayloadReductionV2APIsNegative","Autochek_API_Automation","autochek_api_negative.OriginationService.ResponsePayloadReductionV2APIsNegative","GetLoanDocumentsByOfferIdNegative"
"Validates GET /v2/origination/loans/{loan_id}/logbook/car-details - Negative Test","533","GetLogbookCarDetailsByLoanIdNegative - loan_id with very long string","API_Regression_Suite","2026-03-11","passed","2026-03-11","autochek_api_negative.OriginationService.ResponsePayloadReductionV2APIsNegative","Autochek_API_Automation","autochek_api_negative.OriginationService.ResponsePayloadReductionV2APIsNegative","GetLogbookCarDetailsByLoanIdNegative"
"","0","PostLogoutAllAdminNegative - userId with script injection","API_Regression_Suite","2026-03-11","skipped","2026-03-11","autochek_api_negative.UserService.UserServiceV2Negative","Autochek_API_Automation","autochek_api_negative.UserService.UserServiceV2Negative","PostLogoutAllAdminNegative"
"Get Offer Details by OfferID","919","GetOffersByIdNegative - Send offer_id as random alphanumeric invalid format","API_Regression_Suite","2026-03-11","passed","2026-03-11","autochek_api_negative.OriginationService.ResponsePayloadReductionV2APIsNegative","Autochek_API_Automation","autochek_api_negative.OriginationService.ResponsePayloadReductionV2APIsNegative","GetOffersByIdNegative"
"Validate negative scenarios for template creation based on sheet data","2","UpdateEmailTemplate - user_name exceeds maximum allowed length","API_Regression_Suite","2026-03-11","skipped","2026-03-11","autochek_api_negative.Template.TemplateV1Negative.TemplateV1Negative","Autochek_API_Automation","autochek_api_negative.Template.TemplateV1Negative.TemplateV1Negative","UpdateEmailTemplate"
"Validates GET /v1/inventory/inspection_request with dynamic parameters - Negative Test","532","GetInspectionRequestNegative - Try comment-based SQL injection","API_Regression_Suite","2026-03-11","passed","2026-03-11","autochek_api_negative.InventoryService.DynamicResponseNegative","Autochek_API_Automation","autochek_api_negative.InventoryService.DynamicResponseNegative","GetInspectionRequestNegative"
"Validates GET /v2/origination/sources with dynamic parameters - Negative Test","699","GetSourcesListNegative - page_size is zero","API_Regression_Suite","2026-03-11","passed","2026-03-11","autochek_api_negative.OriginationService.ResponsePayloadReductionV2APIsNegative","Autochek_API_Automation","autochek_api_negative.OriginationService.ResponsePayloadReductionV2APIsNegative","GetSourcesListNegative"
"Validates GET /v2/origination/offers with dynamic parameters - Positive Test","0","GetOffersList - valid request where page_size is at a boundary value (10)","API_Regression_Suite","2026-03-11","skipped","2026-03-11","autochek_api_positive.OriginationService.ResponsePayloadReductionV2APIs","Autochek_API_Automation","autochek_api_positive.OriginationService.ResponsePayloadReductionV2APIs","GetOffersList"
"Validates GET /v1/inventory/model with dynamic parameters - Negative Test","531","GetModelListNegative - Use wrong delimiter","API_Regression_Suite","2026-03-11","passed","2026-03-11","autochek_api_negative.InventoryService.DynamicResponseNegative","Autochek_API_Automation","autochek_api_negative.InventoryService.DynamicResponseNegative","GetModelListNegative"
"Update System Config dynamically for PASSWORD_POLICY or USER_SESSION","3","PatchSystemConfigV2 - MIN_LENGTH special chars","API_Regression_Suite","2026-03-11","skipped","2026-03-11","autochek_api_negative.UserService.UserServiceV2Negative","Autochek_API_Automation","autochek_api_negative.UserService.UserServiceV2Negative","PatchSystemConfigV2"
"Validates GET /v1/origination/offers/{offer_Id}/loan-document with dynamic parameters - Negative Test","1262","GetLoanDocumentsByOfferIdNegative - Send offer_id as empty string","API_Regression_Suite","2026-03-11","passed","2026-03-11","autochek_api_negative.OriginationService.ResponsePayloadReductionV2APIsNegative","Autochek_API_Automation","autochek_api_negative.OriginationService.ResponsePayloadReductionV2APIsNegative","GetLoanDocumentsByOfferIdNegative"
"Validates GET /v2/origination/loans with dynamic parameters - Negative Test","544","GetLoansListNegative - country is longer than 2 chars","API_Regression_Suite","2026-03-11","passed","2026-03-11","autochek_api_negative.OriginationService.ResponsePayloadReductionV2APIsNegative","Autochek_API_Automation","autochek_api_negative.OriginationService.ResponsePayloadReductionV2APIsNegative","GetLoansListNegative"
"Update System Config dynamically for PASSWORD_POLICY or USER_SESSION","2","PatchSystemConfigV2 - MAX_LENGTH huge number","API_Regression_Suite","2026-03-11","skipped","2026-03-11","autochek_api_negative.UserService.UserServiceV2Negative","Autochek_API_Automation","autochek_api_negative.UserService.UserServiceV2Negative","PatchSystemConfigV2"
"Submit Loan Customer Preferences","945","SubmitLoanPreferencesNegative - Include Licence Renewal Fees empty string","API_Regression_Suite","2026-03-11","failed","2026-03-11","autochek_api_negative.OfferSimulation.OfferSimulationNegative","Autochek_API_Automation","autochek_api_negative.OfferSimulation.OfferSimulationNegative","SubmitLoanPreferencesNegative"
"Validates GET /v1/inventory/car with dynamic parameters - Negative Test","1131","GetCarListNegative - Pass special chars in fields","API_Regression_Suite","2026-03-11","passed","2026-03-11","autochek_api_negative.InventoryService.DynamicResponseNegative","Autochek_API_Automation","autochek_api_negative.InventoryService.DynamicResponseNegative","GetCarListNegative"
"Validates GET /v1/inventory/inspection_request with dynamic parameters - Negative Test","529","GetInspectionRequestNegative - Try script injection payload","API_Regression_Suite","2026-03-11","passed","2026-03-11","autochek_api_negative.InventoryService.DynamicResponseNegative","Autochek_API_Automation","autochek_api_negative.InventoryService.DynamicResponseNegative","GetInspectionRequestNegative"
"Negative test for Create System Config V2","3","PostSystemConfigV2 - REQUIRE_NUMBER special characters","API_Regression_Suite","2026-03-11","skipped","2026-03-11","autochek_api_negative.UserService.UserServiceV2Negative","Autochek_API_Automation","autochek_api_negative.UserService.UserServiceV2Negative","PostSystemConfigV2"
"Validate negative scenarios for template creation based on sheet data","2","UpdateEmailTemplate - user_name contains only spaces while others are valid","API_Regression_Suite","2026-03-11","skipped","2026-03-11","autochek_api_negative.Template.TemplateV1Negative.TemplateV1Negative","Autochek_API_Automation","autochek_api_negative.Template.TemplateV1Negative.TemplateV1Negative","UpdateEmailTemplate"
"Get Offer Details by OfferID","0","GetOffersById","API_Regression_Suite","2026-03-11","skipped","2026-03-11","autochek_api_positive.OriginationService.ResponsePayloadReductionV2APIs","Autochek_API_Automation","autochek_api_positive.OriginationService.ResponsePayloadReductionV2APIs","GetOffersById"
"","2394","PostLogoutV2 - Valid refresh token with ""all"": false — logout current session only","API_Regression_Suite","2026-03-11","passed","2026-03-11","autochek_api_positive.UserService.UserServiceV2","Autochek_API_Automation","autochek_api_positive.UserService.UserServiceV2","PostLogoutV2"
"Validate negative scenarios for template creation based on sheet data","2","UpdateEmailTemplate - audienceType is null while all other fields are valid","API_Regression_Suite","2026-03-11","skipped","2026-03-11","autochek_api_negative.Template.TemplateV1Negative.TemplateV1Negative","Autochek_API_Automation","autochek_api_negative.Template.TemplateV1Negative.TemplateV1Negative","UpdateEmailTemplate"
"Validates GET /v1/inventory/inspection_request with dynamic parameters - Positive Test","691","GetInspectionRequest - Validate only id field is returned","API_Regression_Suite","2026-03-11","failed","2026-03-11","autochek_api_positive.InventoryService.DynamicResponsePositive","Autochek_API_Automation","autochek_api_positive.InventoryService.DynamicResponsePositive","GetInspectionRequest"
"Submit Loan Customer Preferences","799","SubmitLoanPreferencesNegative - Fee Payment Method numeric instead of string","API_Regression_Suite","2026-03-11","failed","2026-03-11","autochek_api_negative.OfferSimulation.OfferSimulationNegative","Autochek_API_Automation","autochek_api_negative.OfferSimulation.OfferSimulationNegative","SubmitLoanPreferencesNegative"
"Validates GET /v2/origination/banks with dynamic parameters - Positive Test","0","GetBanksList - country is UG","API_Regression_Suite","2026-03-11","skipped","2026-03-11","autochek_api_positive.OriginationService.ResponsePayloadReductionV2APIs","Autochek_API_Automation","autochek_api_positive.OriginationService.ResponsePayloadReductionV2APIs","GetBanksList"
"Create Inspection for the carID generated in Car Creation","588","PostCreateInspection - Too long inspection_type string","API_Regression_Suite","2026-03-11","passed","2026-03-11","autochek_api_negative.DetachTyresSpecification.DetachTyresSpecificationNegative","Autochek_API_Automation","autochek_api_negative.DetachTyresSpecification.DetachTyresSpecificationNegative","PostCreateInspection"
"Update Car and Validate Response","828","PutUpdateCar - created_by script injection","API_Regression_Suite","2026-03-11","passed","2026-03-11","autochek_api_negative.DetachTyresSpecification.DetachTyresSpecificationNegative","Autochek_API_Automation","autochek_api_negative.DetachTyresSpecification.DetachTyresSpecificationNegative","PutUpdateCar"
"Create Inspection for the carID generated in Car Creation","628","PostCreateInspection - Lowercase instead of uppercase code","API_Regression_Suite","2026-03-11","passed","2026-03-11","autochek_api_negative.DetachTyresSpecification.DetachTyresSpecificationNegative","Autochek_API_Automation","autochek_api_negative.DetachTyresSpecification.DetachTyresSpecificationNegative","PostCreateInspection"
"Filter templates based on audienceType and validate response","4","filterTemplate - category contains only spaces while others are valid","API_Regression_Suite","2026-03-11","skipped","2026-03-11","autochek_api_negative.Template.TemplateV1Negative.TemplateV1Negative","Autochek_API_Automation","autochek_api_negative.Template.TemplateV1Negative.TemplateV1Negative","filterTemplate"
"Validates GET /v2/origination/loans/{loan_id}/accepted-offer - Negative Test","767","GetAcceptedOfferByLoanIdNegative - offer_id with very short string","API_Regression_Suite","2026-03-11","passed","2026-03-11","autochek_api_negative.OriginationService.ResponsePayloadReductionV2APIsNegative","Autochek_API_Automation","autochek_api_negative.OriginationService.ResponsePayloadReductionV2APIsNegative","GetAcceptedOfferByLoanIdNegative"
"Update System Config dynamically for PASSWORD_POLICY or USER_SESSION","2","PatchSystemConfigV2 - REQUIRE_LOWERCASE SQL injection attempt","API_Regression_Suite","2026-03-11","skipped","2026-03-11","autochek_api_negative.UserService.UserServiceV2Negative","Autochek_API_Automation","autochek_api_negative.UserService.UserServiceV2Negative","PatchSystemConfigV2"
"Validates GET /v2/origination/loans/{loan_id}/logbook/booking-info - Negative Test","575","GetBookingInfoForLogbookLoanNegative - HTML tag injection","API_Regression_Suite","2026-03-11","passed","2026-03-11","autochek_api_negative.OriginationService.ResponsePayloadReductionV2APIsNegative","Autochek_API_Automation","autochek_api_negative.OriginationService.ResponsePayloadReductionV2APIsNegative","GetBookingInfoForLogbookLoanNegative"
"Validates GET /v2/origination/sources with dynamic parameters - Negative Test","810","GetSourcesListNegative - country is null","API_Regression_Suite","2026-03-11","passed","2026-03-11","autochek_api_negative.OriginationService.ResponsePayloadReductionV2APIsNegative","Autochek_API_Automation","autochek_api_negative.OriginationService.ResponsePayloadReductionV2APIsNegative","GetSourcesListNegative"
"Validates negative test cases for Send Template API with various invalid and omitted parameters","9","SendTemplateNegativeTest - name as array","API_Regression_Suite","2026-03-11","skipped","2026-03-11","autochek_api_negative.Template.TemplateV1Negative.TemplateV1Negative","Autochek_API_Automation","autochek_api_negative.Template.TemplateV1Negative.TemplateV1Negative","SendTemplateNegativeTest"
"Validates GET /v1/inspection with dynamic parameters - Negative Test","518","GetInspectionNegative - Validate API fails when passing special characters as relation value","API_Regression_Suite","2026-03-11","passed","2026-03-11","autochek_api_negative.InventoryService.DynamicResponseNegative","Autochek_API_Automation","autochek_api_negative.InventoryService.DynamicResponseNegative","GetInspectionNegative"
"Validates GET /v2/origination/banks with dynamic parameters - Positive Test","8","GetBanksList - country is GH","API_Regression_Suite","2026-03-11","skipped","2026-03-11","autochek_api_positive.OriginationService.ResponsePayloadReductionV2APIs","Autochek_API_Automation","autochek_api_positive.OriginationService.ResponsePayloadReductionV2APIs","GetBanksList"
"Validates GET /v1/inventory/model with dynamic parameters - Negative Test","519","GetModelListNegative - Pass special chars in relation","API_Regression_Suite","2026-03-11","passed","2026-03-11","autochek_api_negative.InventoryService.DynamicResponseNegative","Autochek_API_Automation","autochek_api_negative.InventoryService.DynamicResponseNegative","GetModelListNegative"
"Validate negative scenarios for template creation based on sheet data","4","CreateEmailTemplate - category contains unsupported value","API_Regression_Suite","2026-03-11","skipped","2026-03-11","autochek_api_negative.Template.TemplateV1Negative.TemplateV1Negative","Autochek_API_Automation","autochek_api_negative.Template.TemplateV1Negative.TemplateV1Negative","CreateEmailTemplate"
"Validate negative scenarios for template creation based on sheet data","2","CreateEmailTemplate - category is empty string while others are valid","API_Regression_Suite","2026-03-11","skipped","2026-03-11","autochek_api_negative.Template.TemplateV1Negative.TemplateV1Negative","Autochek_API_Automation","autochek_api_negative.Template.TemplateV1Negative.TemplateV1Negative","CreateEmailTemplate"
"Validates GET /v1/inventory/model with dynamic parameters - Positive Test","683","GetModelList - Validate only make.id is returned inside make","API_Regression_Suite","2026-03-11","passed","2026-03-11","autochek_api_positive.InventoryService.DynamicResponsePositive","Autochek_API_Automation","autochek_api_positive.InventoryService.DynamicResponsePositive","GetModelList"
"Submit Loan Customer Preferences","930","SubmitLoanPreferencesNegative - tyreQuantity SQL injection","API_Regression_Suite","2026-03-11","passed","2026-03-11","autochek_api_negative.OfferSimulation.OfferSimulationNegative","Autochek_API_Automation","autochek_api_negative.OfferSimulation.OfferSimulationNegative","SubmitLoanPreferencesNegative"
"Update System Config dynamically for PASSWORD_POLICY or USER_SESSION","15","PatchSystemConfigV2 - MAX_CONCURRENT_SESSIONS special characters","API_Regression_Suite","2026-03-11","skipped","2026-03-11","autochek_api_negative.UserService.UserServiceV2Negative","Autochek_API_Automation","autochek_api_negative.UserService.UserServiceV2Negative","PatchSystemConfigV2"
"Filter templates based on audienceType and validate response","2","filterTemplate - category contains numeric value","API_Regression_Suite","2026-03-11","skipped","2026-03-11","autochek_api_negative.Template.TemplateV1Negative.TemplateV1Negative","Autochek_API_Automation","autochek_api_negative.Template.TemplateV1Negative.TemplateV1Negative","filterTemplate"
"Validates GET /v1/inventory/body_type with dynamic parameters - Negative Test","535","GetBodyTypeNegative - Exclude a valid field with other valid field together","API_Regression_Suite","2026-03-11","passed","2026-03-11","autochek_api_negative.InventoryService.DynamicResponseNegative","Autochek_API_Automation","autochek_api_negative.InventoryService.DynamicResponseNegative","GetBodyTypeNegative"
"Create Inspection for the carID generated in Car Creation","691","PostCreateInspection - Too long inspection_request_id","API_Regression_Suite","2026-03-11","passed","2026-03-11","autochek_api_negative.DetachTyresSpecification.DetachTyresSpecificationNegative","Autochek_API_Automation","autochek_api_negative.DetachTyresSpecification.DetachTyresSpecificationNegative","PostCreateInspection"
"Filter templates based on parameter from sheet and validate response","13","filterTemplate - Filter by category","API_Regression_Suite","2026-03-11","skipped","2026-03-11","autochek_api_positive.Template.TemplateV1Positive","Autochek_API_Automation","autochek_api_positive.Template.TemplateV1Positive","filterTemplate"
"","1727","submitLoanPreference - Upfront Warranty Plan1","API_Regression_Suite","2026-03-11","passed","2026-03-11","autochek_api_positive.OfferSimulation.OfferSimulationPositive","Autochek_API_Automation","autochek_api_positive.OfferSimulation.OfferSimulationPositive","submitLoanPreference"
"Validates negative test cases for Preview Template API using first created templateId map","3","PreviewTemplateNegativeTest - account_id negative number","API_Regression_Suite","2026-03-11","skipped","2026-03-11","autochek_api_negative.Template.TemplateV1Negative.TemplateV1Negative","Autochek_API_Automation","autochek_api_negative.Template.TemplateV1Negative.TemplateV1Negative","PreviewTemplateNegativeTest"
"Validates GET /v2/origination/loans/{loan_id}/logbook/booking-info - Negative Test","569","GetBookingInfoForLogbookLoanNegative - loan_id with only special characters","API_Regression_Suite","2026-03-11","passed","2026-03-11","autochek_api_negative.OriginationService.ResponsePayloadReductionV2APIsNegative","Autochek_API_Automation","autochek_api_negative.OriginationService.ResponsePayloadReductionV2APIsNegative","GetBookingInfoForLogbookLoanNegative"
"Validates negative test cases for Send Template API with various invalid and omitted parameters","0","SendTemplateNegativeTest - user_name as array","API_Regression_Suite","2026-03-11","skipped","2026-03-11","autochek_api_negative.Template.TemplateV1Negative.TemplateV1Negative","Autochek_API_Automation","autochek_api_negative.Template.TemplateV1Negative.TemplateV1Negative","SendTemplateNegativeTest"
"","3","PostEnableUserV2Negative - Send empty userId value","API_Regression_Suite","2026-03-11","skipped","2026-03-11","autochek_api_negative.UserService.UserServiceV2Negative","Autochek_API_Automation","autochek_api_negative.UserService.UserServiceV2Negative","PostEnableUserV2Negative"
"Update Car and Validate Response","677","PutUpdateCar - created_by special characters","API_Regression_Suite","2026-03-11","passed","2026-03-11","autochek_api_negative.DetachTyresSpecification.DetachTyresSpecificationNegative","Autochek_API_Automation","autochek_api_negative.DetachTyresSpecification.DetachTyresSpecificationNegative","PutUpdateCar"
"Get the list of Tyre brands","622","GetTyreBrandsNegative - Send only numeric value instead of country code","API_Regression_Suite","2026-03-11","passed","2026-03-11","autochek_api_negative.OfferSimulation.OfferSimulationNegative","Autochek_API_Automation","autochek_api_negative.OfferSimulation.OfferSimulationNegative","GetTyreBrandsNegative"
"Send WhatsApp template using stored template names and validate dispatch response","0","sendWhatsAppTemplates","API_Regression_Suite","2026-03-11","skipped","2026-03-11","autochek_api_positive.Template.TemplateV1Positive","Autochek_API_Automation","autochek_api_positive.Template.TemplateV1Positive","sendWhatsAppTemplates"
"Submit Loan Customer Preferences","560","SubmitLoanPreferencesNegative - upfrontCreditLifeInsurance numeric instead of boolean","API_Regression_Suite","2026-03-11","passed","2026-03-11","autochek_api_negative.OfferSimulation.OfferSimulationNegative","Autochek_API_Automation","autochek_api_negative.OfferSimulation.OfferSimulationNegative","SubmitLoanPreferencesNegative"
"Validates GET /v1/inventory/model with dynamic parameters - Positive Test","607","GetModelList - Pass empty fields param","API_Regression_Suite","2026-03-11","passed","2026-03-11","autochek_api_positive.InventoryService.DynamicResponsePositive","Autochek_API_Automation","autochek_api_positive.InventoryService.DynamicResponsePositive","GetModelList"
"Validate negative scenarios for template creation based on sheet data","0","CreateEmailTemplate - providerId is null while all other fields are valid","API_Regression_Suite","2026-03-11","skipped","2026-03-11","autochek_api_negative.Template.TemplateV1Negative.TemplateV1Negative","Autochek_API_Automation","autochek_api_negative.Template.TemplateV1Negative.TemplateV1Negative","CreateEmailTemplate"
"Submit Loan Customer Preferences","718","SubmitLoanPreferencesNegative - upfrontVehicleTracking null","API_Regression_Suite","2026-03-11","passed","2026-03-11","autochek_api_negative.OfferSimulation.OfferSimulationNegative","Autochek_API_Automation","autochek_api_negative.OfferSimulation.OfferSimulationNegative","SubmitLoanPreferencesNegative"
"Validates GET /v2/origination/loans/{loan_id}/logbook/car-details with dynamic parameters - Positive Test","8","GetLogbookCarDetailsByLoanId","API_Regression_Suite","2026-03-11","skipped","2026-03-11","autochek_api_positive.OriginationService.ResponsePayloadReductionV2APIs","Autochek_API_Automation","autochek_api_positive.OriginationService.ResponsePayloadReductionV2APIs","GetLogbookCarDetailsByLoanId"
"Update System Config dynamically for PASSWORD_POLICY or USER_SESSION","0","PatchSystemConfigV2 - REQUIRE_NUMBER array structure passed","API_Regression_Suite","2026-03-11","skipped","2026-03-11","autochek_api_negative.UserService.UserServiceV2Negative","Autochek_API_Automation","autochek_api_negative.UserService.UserServiceV2Negative","PatchSystemConfigV2"
"Accept Simulation Offer","669","AcceptOfferNegative - SQL injection with DROP statement","API_Regression_Suite","2026-03-11","passed","2026-03-11","autochek_api_negative.OfferSimulation.OfferSimulationNegative","Autochek_API_Automation","autochek_api_negative.OfferSimulation.OfferSimulationNegative","AcceptOfferNegative"
"Update Car and Validate Response","1263","PutUpdateCar - address as null","API_Regression_Suite","2026-03-11","passed","2026-03-11","autochek_api_negative.DetachTyresSpecification.DetachTyresSpecificationNegative","Autochek_API_Automation","autochek_api_negative.DetachTyresSpecification.DetachTyresSpecificationNegative","PutUpdateCar"
"Create Inspection for the carID generated in Car Creation","1081","PostCreateInspection - Car_id with trailing space","API_Regression_Suite","2026-03-11","passed","2026-03-11","autochek_api_negative.DetachTyresSpecification.DetachTyresSpecificationNegative","Autochek_API_Automation","autochek_api_negative.DetachTyresSpecification.DetachTyresSpecificationNegative","PostCreateInspection"
"","1901","PostUserSignUpV2 - Verify signup with userType = co-location","API_Regression_Suite","2026-03-11","passed","2026-03-11","autochek_api_positive.UserService.UserServiceV2","Autochek_API_Automation","autochek_api_positive.UserService.UserServiceV2","PostUserSignUpV2"
"Create Inspection for the carID generated in Car Creation","563","PostCreateInspection - Trailing spaces in form_id","API_Regression_Suite","2026-03-11","passed","2026-03-11","autochek_api_negative.DetachTyresSpecification.DetachTyresSpecificationNegative","Autochek_API_Automation","autochek_api_negative.DetachTyresSpecification.DetachTyresSpecificationNegative","PostCreateInspection"
"Submit Loan Customer Preferences","547","SubmitLoanPreferencesNegative - upfrontVehicleTracking long random string","API_Regression_Suite","2026-03-11","passed","2026-03-11","autochek_api_negative.OfferSimulation.OfferSimulationNegative","Autochek_API_Automation","autochek_api_negative.OfferSimulation.OfferSimulationNegative","SubmitLoanPreferencesNegative"
"Update System Config dynamically for PASSWORD_POLICY or USER_SESSION","4","PatchSystemConfigV2 - MAX_CONCURRENT_SESSIONS null value","API_Regression_Suite","2026-03-11","skipped","2026-03-11","autochek_api_negative.UserService.UserServiceV2Negative","Autochek_API_Automation","autochek_api_negative.UserService.UserServiceV2Negative","PatchSystemConfigV2"
"Validates GET /v1/inventory/trims with dynamic parameters - Negative Test","540","GetTrimsNegative - Validate response when passing SQL injection using comment style","API_Regression_Suite","2026-03-11","passed","2026-03-11","autochek_api_negative.InventoryService.DynamicResponseNegative","Autochek_API_Automation","autochek_api_negative.InventoryService.DynamicResponseNegative","GetTrimsNegative"
"Validates GET /v1/inventory/car with dynamic parameters - Positive Test","705","GetCarList - Validate only year field is returned","API_Regression_Suite","2026-03-11","broken","2026-03-11","autochek_api_positive.InventoryService.DynamicResponsePositive","Autochek_API_Automation","autochek_api_positive.InventoryService.DynamicResponsePositive","GetCarList"
"","15","PostLoginV2Negative - Username is an empty string","API_Regression_Suite","2026-03-11","skipped","2026-03-11","autochek_api_negative.UserService.UserServiceV2Negative","Autochek_API_Automation","autochek_api_negative.UserService.UserServiceV2Negative","PostLoginV2Negative"
"Submit Loan Customer Preferences","684","SubmitLoanPreferencesNegative - Fee Payment Method unsupported value","API_Regression_Suite","2026-03-11","failed","2026-03-11","autochek_api_negative.OfferSimulation.OfferSimulationNegative","Autochek_API_Automation","autochek_api_negative.OfferSimulation.OfferSimulationNegative","SubmitLoanPreferencesNegative"
"Submit Loan Customer Preferences","746","SubmitLoanPreferencesNegative - residualPercentage spaces only","API_Regression_Suite","2026-03-11","passed","2026-03-11","autochek_api_negative.OfferSimulation.OfferSimulationNegative","Autochek_API_Automation","autochek_api_negative.OfferSimulation.OfferSimulationNegative","SubmitLoanPreferencesNegative"
"Validates GET /v2/origination/sources with dynamic parameters - Positive Test","3","GetSourcesList - country is UG","API_Regression_Suite","2026-03-11","skipped","2026-03-11","autochek_api_positive.OriginationService.ResponsePayloadReductionV2APIs","Autochek_API_Automation","autochek_api_positive.OriginationService.ResponsePayloadReductionV2APIs","GetSourcesList"
"","0","GetTyreSpecsAfterInspection","API_Regression_Suite","2026-03-11","broken","2026-03-11","autochek_api_positive.DetachTyreSpecification.DetachTyreSpecificationPositive","Autochek_API_Automation","autochek_api_positive.DetachTyreSpecification.DetachTyreSpecificationPositive","GetTyreSpecsAfterInspection"
"Validate negative scenarios for template creation based on sheet data","1","CreateEmailTemplate - audienceType contains only spaces while others are valid","API_Regression_Suite","2026-03-11","skipped","2026-03-11","autochek_api_negative.Template.TemplateV1Negative.TemplateV1Negative","Autochek_API_Automation","autochek_api_negative.Template.TemplateV1Negative.TemplateV1Negative","CreateEmailTemplate"
"Get the list of Tyre brands","673","GetTyreBrandsNegative - Send encoded malicious payload","API_Regression_Suite","2026-03-11","passed","2026-03-11","autochek_api_negative.OfferSimulation.OfferSimulationNegative","Autochek_API_Automation","autochek_api_negative.OfferSimulation.OfferSimulationNegative","GetTyreBrandsNegative"
"Submit Loan Customer Preferences","803","SubmitLoanPreferencesNegative - interestRateType mixed invalid format","API_Regression_Suite","2026-03-11","passed","2026-03-11","autochek_api_negative.OfferSimulation.OfferSimulationNegative","Autochek_API_Automation","autochek_api_negative.OfferSimulation.OfferSimulationNegative","SubmitLoanPreferencesNegative"
"Update Car and Validate Response","656","PutUpdateCar - owner_type numeric value","API_Regression_Suite","2026-03-11","passed","2026-03-11","autochek_api_negative.DetachTyresSpecification.DetachTyresSpecificationNegative","Autochek_API_Automation","autochek_api_negative.DetachTyresSpecification.DetachTyresSpecificationNegative","PutUpdateCar"
"","0","initializationEnvironment","API_Regression_Suite","2026-03-11","broken","2026-03-11","autochek_api_positive.Template.TemplateV1Positive","Autochek_API_Automation","autochek_api_positive.Template.TemplateV1Positive","initializationEnvironment"
"Validate negative scenarios for template creation based on sheet data","0","CreateEmailTemplate - account_id contains special characters","API_Regression_Suite","2026-03-11","skipped","2026-03-11","autochek_api_negative.Template.TemplateV1Negative.TemplateV1Negative","Autochek_API_Automation","autochek_api_negative.Template.TemplateV1Negative.TemplateV1Negative","CreateEmailTemplate"
"Submit Loan Customer Preferences","4498","SubmitLoanPreferencesNegative - dealDiscount blank","API_Regression_Suite","2026-03-11","passed","2026-03-11","autochek_api_negative.OfferSimulation.OfferSimulationNegative","Autochek_API_Automation","autochek_api_negative.OfferSimulation.OfferSimulationNegative","SubmitLoanPreferencesNegative"
"Submit Loan Customer Preferences","4306","SubmitLoanPreferencesNegative - dealDiscount text","API_Regression_Suite","2026-03-11","passed","2026-03-11","autochek_api_negative.OfferSimulation.OfferSimulationNegative","Autochek_API_Automation","autochek_api_negative.OfferSimulation.OfferSimulationNegative","SubmitLoanPreferencesNegative"
"Submit Loan Customer Preferences","571","SubmitLoanPreferencesNegative - residualPercentage blank","API_Regression_Suite","2026-03-11","passed","2026-03-11","autochek_api_negative.OfferSimulation.OfferSimulationNegative","Autochek_API_Automation","autochek_api_negative.OfferSimulation.OfferSimulationNegative","SubmitLoanPreferencesNegative"
"Submit Loan Customer Preferences","718","SubmitLoanPreferencesNegative - Dealer Discount invalid special chars","API_Regression_Suite","2026-03-11","failed","2026-03-11","autochek_api_negative.OfferSimulation.OfferSimulationNegative","Autochek_API_Automation","autochek_api_negative.OfferSimulation.OfferSimulationNegative","SubmitLoanPreferencesNegative"
"Validates GET /v2/origination/loans/{loan_id}/logbook/car-details - Negative Test","694","GetLogbookCarDetailsByLoanIdNegative - Script injection (XSS attempt)","API_Regression_Suite","2026-03-11","passed","2026-03-11","autochek_api_negative.OriginationService.ResponsePayloadReductionV2APIsNegative","Autochek_API_Automation","autochek_api_negative.OriginationService.ResponsePayloadReductionV2APIsNegative","GetLogbookCarDetailsByLoanIdNegative"
"","0","PostLogoutAllAdminNegative - userId with leading space","API_Regression_Suite","2026-03-11","skipped","2026-03-11","autochek_api_negative.UserService.UserServiceV2Negative","Autochek_API_Automation","autochek_api_negative.UserService.UserServiceV2Negative","PostLogoutAllAdminNegative"
"","0","PostLogoutAllAdminNegative - Send expired access token","API_Regression_Suite","2026-03-11","skipped","2026-03-11","autochek_api_negative.UserService.UserServiceV2Negative","Autochek_API_Automation","autochek_api_negative.UserService.UserServiceV2Negative","PostLogoutAllAdminNegative"
"Validates GET /v1/inventory/obds with dynamic parameters - Negative Test","517","GetObdsNegative - Pass numeric value instead of string","API_Regression_Suite","2026-03-11","passed","2026-03-11","autochek_api_negative.InventoryService.DynamicResponseNegative","Autochek_API_Automation","autochek_api_negative.InventoryService.DynamicResponseNegative","GetObdsNegative"
"Submit Loan Customer Preferences","734","SubmitLoanPreferencesNegative - upfrontVehicleTracking SQL injection attempt","API_Regression_Suite","2026-03-11","passed","2026-03-11","autochek_api_negative.OfferSimulation.OfferSimulationNegative","Autochek_API_Automation","autochek_api_negative.OfferSimulation.OfferSimulationNegative","SubmitLoanPreferencesNegative"
"Submit Loan Customer Preferences","753","SubmitLoanPreferencesNegative - desiredLoanCurrency mixed invalid","API_Regression_Suite","2026-03-11","passed","2026-03-11","autochek_api_negative.OfferSimulation.OfferSimulationNegative","Autochek_API_Automation","autochek_api_negative.OfferSimulation.OfferSimulationNegative","SubmitLoanPreferencesNegative"
"Validates GET /v2/origination/loans/{loan_id}/logbook/booking-info - Negative Test","561","GetBookingInfoForLogbookLoanNegative - loan_id with valid format plus special characters","API_Regression_Suite","2026-03-11","passed","2026-03-11","autochek_api_negative.OriginationService.ResponsePayloadReductionV2APIsNegative","Autochek_API_Automation","autochek_api_negative.OriginationService.ResponsePayloadReductionV2APIsNegative","GetBookingInfoForLogbookLoanNegative"
"Validate negative scenarios for template creation based on sheet data","2","UpdateEmailTemplate - user_name contains SQL injection payload","API_Regression_Suite","2026-03-11","skipped","2026-03-11","autochek_api_negative.Template.TemplateV1Negative.TemplateV1Negative","Autochek_API_Automation","autochek_api_negative.Template.TemplateV1Negative.TemplateV1Negative","UpdateEmailTemplate"
"Submit Loan Customer Preferences","733","SubmitLoanPreferencesNegative - upfrontCreditLifeInsurance XSS injection","API_Regression_Suite","2026-03-11","passed","2026-03-11","autochek_api_negative.OfferSimulation.OfferSimulationNegative","Autochek_API_Automation","autochek_api_negative.OfferSimulation.OfferSimulationNegative","SubmitLoanPreferencesNegative"
"Submit Loan Customer Preferences","627","SubmitLoanPreferencesNegative - desiredLoanCurrency blank","API_Regression_Suite","2026-03-11","passed","2026-03-11","autochek_api_negative.OfferSimulation.OfferSimulationNegative","Autochek_API_Automation","autochek_api_negative.OfferSimulation.OfferSimulationNegative","SubmitLoanPreferencesNegative"
"Update Car and Validate Response","765","InspectionRequest","API_Regression_Suite","2026-03-11","passed","2026-03-11","autochek_api_negative.DetachTyresSpecification.DetachTyresSpecificationNegative","Autochek_API_Automation","autochek_api_negative.DetachTyresSpecification.DetachTyresSpecificationNegative","InspectionRequest"
"Validate negative scenarios for template creation based on sheet data","5","CreateEmailTemplate - providerId does not exist in provider system","API_Regression_Suite","2026-03-11","skipped","2026-03-11","autochek_api_negative.Template.TemplateV1Negative.TemplateV1Negative","Autochek_API_Automation","autochek_api_negative.Template.TemplateV1Negative.TemplateV1Negative","CreateEmailTemplate"
"Validates GET /v1/inventory/body_type with dynamic parameters - Negative Test","638","GetBodyTypeNegative - Pass SQL injection-like pattern","API_Regression_Suite","2026-03-11","passed","2026-03-11","autochek_api_negative.InventoryService.DynamicResponseNegative","Autochek_API_Automation","autochek_api_negative.InventoryService.DynamicResponseNegative","GetBodyTypeNegative"
"Negative test for Create System Config V2","0","PostSystemConfigV2 - REQUIRE_SPECIAL_CHAR special characters","API_Regression_Suite","2026-03-11","skipped","2026-03-11","autochek_api_negative.UserService.UserServiceV2Negative","Autochek_API_Automation","autochek_api_negative.UserService.UserServiceV2Negative","PostSystemConfigV2"
"Validate negative scenarios for template creation based on sheet data","5","CreateEmailTemplate - renderByUs contains whitespace string","API_Regression_Suite","2026-03-11","skipped","2026-03-11","autochek_api_negative.Template.TemplateV1Negative.TemplateV1Negative","Autochek_API_Automation","autochek_api_negative.Template.TemplateV1Negative.TemplateV1Negative","CreateEmailTemplate"
"Accept Simulation Offer","549","AcceptOfferNegative - Send loan_id as numeric only","API_Regression_Suite","2026-03-11","passed","2026-03-11","autochek_api_negative.OfferSimulation.OfferSimulationNegative","Autochek_API_Automation","autochek_api_negative.OfferSimulation.OfferSimulationNegative","AcceptOfferNegative"
"Submit Loan Customer Preferences","621","SubmitLoanPreferencesNegative - includeLicenceRenewalFees unsupported option maybe","API_Regression_Suite","2026-03-11","passed","2026-03-11","autochek_api_negative.OfferSimulation.OfferSimulationNegative","Autochek_API_Automation","autochek_api_negative.OfferSimulation.OfferSimulationNegative","SubmitLoanPreferencesNegative"
"Validates negative test cases for Send Template API with various invalid and omitted parameters","4","SendTemplateNegativeTest - name empty string","API_Regression_Suite","2026-03-11","skipped","2026-03-11","autochek_api_negative.Template.TemplateV1Negative.TemplateV1Negative","Autochek_API_Automation","autochek_api_negative.Template.TemplateV1Negative.TemplateV1Negative","SendTemplateNegativeTest"
"","3181","submitLoanPreference - Tyre Brand Annaite","API_Regression_Suite","2026-03-11","passed","2026-03-11","autochek_api_positive.OfferSimulation.OfferSimulationPositive","Autochek_API_Automation","autochek_api_positive.OfferSimulation.OfferSimulationPositive","submitLoanPreference"
"","1956","PostUserSignUpV2 - Verify signup with country = KE","API_Regression_Suite","2026-03-11","passed","2026-03-11","autochek_api_positive.UserService.UserServiceV2","Autochek_API_Automation","autochek_api_positive.UserService.UserServiceV2","PostUserSignUpV2"
"Validates negative test cases for Preview Template API using first created templateId map","4","PreviewTemplateNegativeTest - channel invalid value","API_Regression_Suite","2026-03-11","skipped","2026-03-11","autochek_api_negative.Template.TemplateV1Negative.TemplateV1Negative","Autochek_API_Automation","autochek_api_negative.Template.TemplateV1Negative.TemplateV1Negative","PreviewTemplateNegativeTest"
"Validates GET /v2/origination/loans/{loan_id}/logbook/car-details - Negative Test","575","GetLogbookCarDetailsByLoanIdNegative - loan_id with valid format plus special characters","API_Regression_Suite","2026-03-11","passed","2026-03-11","autochek_api_negative.OriginationService.ResponsePayloadReductionV2APIsNegative","Autochek_API_Automation","autochek_api_negative.OriginationService.ResponsePayloadReductionV2APIsNegative","GetLogbookCarDetailsByLoanIdNegative"
"Submit Loan Customer Preferences","911","SubmitLoanPreferencesNegative - interestRateType blank","API_Regression_Suite","2026-03-11","passed","2026-03-11","autochek_api_negative.OfferSimulation.OfferSimulationNegative","Autochek_API_Automation","autochek_api_negative.OfferSimulation.OfferSimulationNegative","SubmitLoanPreferencesNegative"
"Validate negative scenarios for template creation based on sheet data","0","UpdateEmailTemplate - renderByUs contains string value instead of boolean","API_Regression_Suite","2026-03-11","skipped","2026-03-11","autochek_api_negative.Template.TemplateV1Negative.TemplateV1Negative","Autochek_API_Automation","autochek_api_negative.Template.TemplateV1Negative.TemplateV1Negative","UpdateEmailTemplate"
"Validates GET /v2/origination/loans with dynamic parameters - Positive Test","4","GetLoansList - country is KE","API_Regression_Suite","2026-03-11","skipped","2026-03-11","autochek_api_positive.OriginationService.ResponsePayloadReductionV2APIs","Autochek_API_Automation","autochek_api_positive.OriginationService.ResponsePayloadReductionV2APIs","GetLoansList"
"Validates GET /v2/origination/sources with dynamic parameters - Negative Test","2747","GetBanksListNegative - country is numeric string","API_Regression_Suite","2026-03-11","passed","2026-03-11","autochek_api_negative.OriginationService.ResponsePayloadReductionV2APIsNegative","Autochek_API_Automation","autochek_api_negative.OriginationService.ResponsePayloadReductionV2APIsNegative","GetBanksListNegative"
"Validates GET /v1/inventory/inspection_request with dynamic parameters - Positive Test","655","GetInspectionRequest - Validate only carTitle field is returned","API_Regression_Suite","2026-03-11","failed","2026-03-11","autochek_api_positive.InventoryService.DynamicResponsePositive","Autochek_API_Automation","autochek_api_positive.InventoryService.DynamicResponsePositive","GetInspectionRequest"
"Negative test for Create System Config V2","5","PostSystemConfigV2 - REQUIRE_SPECIAL_CHAR null value","API_Regression_Suite","2026-03-11","skipped","2026-03-11","autochek_api_negative.UserService.UserServiceV2Negative","Autochek_API_Automation","autochek_api_negative.UserService.UserServiceV2Negative","PostSystemConfigV2"
"Validates negative test cases for Preview Template API using first created templateId map","11","PreviewTemplateNegativeTest - user_name contains script injection","API_Regression_Suite","2026-03-11","skipped","2026-03-11","autochek_api_negative.Template.TemplateV1Negative.TemplateV1Negative","Autochek_API_Automation","autochek_api_negative.Template.TemplateV1Negative.TemplateV1Negative","PreviewTemplateNegativeTest"
"Validates GET /v1/inventory/make with dynamic fields filtering","618","GetMakeNegative - Pass excluded field with special chars","API_Regression_Suite","2026-03-11","passed","2026-03-11","autochek_api_negative.InventoryService.DynamicResponseNegative","Autochek_API_Automation","autochek_api_negative.InventoryService.DynamicResponseNegative","GetMakeNegative"
"Validates GET /v2/origination/loans/{loan_id}/logbook/car-details - Negative Test","899","GetLogbookCarDetailsByLoanIdNegative - Send loan_id as null","API_Regression_Suite","2026-03-11","passed","2026-03-11","autochek_api_negative.OriginationService.ResponsePayloadReductionV2APIsNegative","Autochek_API_Automation","autochek_api_negative.OriginationService.ResponsePayloadReductionV2APIsNegative","GetLogbookCarDetailsByLoanIdNegative"
"Submit Loan Customer Preferences","914","SubmitLoanPreferencesNegative - upfrontWarranty blank","API_Regression_Suite","2026-03-11","passed","2026-03-11","autochek_api_negative.OfferSimulation.OfferSimulationNegative","Autochek_API_Automation","autochek_api_negative.OfferSimulation.OfferSimulationNegative","SubmitLoanPreferencesNegative"
"Validates GET /v2/origination/sources with dynamic parameters - Negative Test","818","GetBanksListNegative - country is special characters","API_Regression_Suite","2026-03-11","passed","2026-03-11","autochek_api_negative.OriginationService.ResponsePayloadReductionV2APIsNegative","Autochek_API_Automation","autochek_api_negative.OriginationService.ResponsePayloadReductionV2APIsNegative","GetBanksListNegative"
"Validates GET /v1/inventory/trims with dynamic parameters - Positive Test","637","GetTrims - Validate only id and name fields are returned","API_Regression_Suite","2026-03-11","failed","2026-03-11","autochek_api_positive.InventoryService.DynamicResponsePositive","Autochek_API_Automation","autochek_api_positive.InventoryService.DynamicResponsePositive","GetTrims"
"Submit Loan Customer Preferences","699","SubmitLoanPreferencesNegative - equityContribution zero","API_Regression_Suite","2026-03-11","passed","2026-03-11","autochek_api_negative.OfferSimulation.OfferSimulationNegative","Autochek_API_Automation","autochek_api_negative.OfferSimulation.OfferSimulationNegative","SubmitLoanPreferencesNegative"
"Negative test for Create System Config V2","0","PostSystemConfigV2 - REQUIRE_NUMBER string true instead of boolean","API_Regression_Suite","2026-03-11","skipped","2026-03-11","autochek_api_negative.UserService.UserServiceV2Negative","Autochek_API_Automation","autochek_api_negative.UserService.UserServiceV2Negative","PostSystemConfigV2"
"Create Inspection for the carID generated in Car Creation","1074","PostCreateInspection - Empty location should be rejected","API_Regression_Suite","2026-03-11","passed","2026-03-11","autochek_api_negative.DetachTyresSpecification.DetachTyresSpecificationNegative","Autochek_API_Automation","autochek_api_negative.DetachTyresSpecification.DetachTyresSpecificationNegative","PostCreateInspection"
"Validates GET /v1/inventory/make with dynamic fields filtering - Positive Test","638","GetMake - Verify response returns only name, imageUrl fields (exclude id)","API_Regression_Suite","2026-03-11","failed","2026-03-11","autochek_api_positive.InventoryService.DynamicResponsePositive","Autochek_API_Automation","autochek_api_positive.InventoryService.DynamicResponsePositive","GetMake"
"","14445","submitLoanPreference - Omit term","API_Regression_Suite","2026-03-11","passed","2026-03-11","autochek_api_positive.OfferSimulation.OfferSimulationPositive","Autochek_API_Automation","autochek_api_positive.OfferSimulation.OfferSimulationPositive","submitLoanPreference"
"Submit Loan Customer Preferences","830","SubmitLoanPreferencesNegative - vehicleDiscount text","API_Regression_Suite","2026-03-11","passed","2026-03-11","autochek_api_negative.OfferSimulation.OfferSimulationNegative","Autochek_API_Automation","autochek_api_negative.OfferSimulation.OfferSimulationNegative","SubmitLoanPreferencesNegative"
"Get Offer Details by OfferID","728","GetOffersByIdNegative - Send offer_id as null","API_Regression_Suite","2026-03-11","passed","2026-03-11","autochek_api_negative.OriginationService.ResponsePayloadReductionV2APIsNegative","Autochek_API_Automation","autochek_api_negative.OriginationService.ResponsePayloadReductionV2APIsNegative","GetOffersByIdNegative"
"","4","PatchUpdatePasswordV2Negative - SQL injection attempt","API_Regression_Suite","2026-03-11","skipped","2026-03-11","autochek_api_negative.UserService.UserServiceV2Negative","Autochek_API_Automation","autochek_api_negative.UserService.UserServiceV2Negative","PatchUpdatePasswordV2Negative"
"","0","initializationEnvironment","API_Regression_Suite","2026-03-11","broken","2026-03-11","autochek_api_negative.Template.TemplateV1Negative.TemplateV1Negative","Autochek_API_Automation","autochek_api_negative.Template.TemplateV1Negative.TemplateV1Negative","initializationEnvironment"
"Submit Loan Customer Preferences","3160","SubmitLoanPreferencesNegative - desiredLoanCurrency lowercase code","API_Regression_Suite","2026-03-11","passed","2026-03-11","autochek_api_negative.OfferSimulation.OfferSimulationNegative","Autochek_API_Automation","autochek_api_negative.OfferSimulation.OfferSimulationNegative","SubmitLoanPreferencesNegative"
"","0","PostDisableUserV2Negative - Send expired or invalid access token","API_Regression_Suite","2026-03-11","skipped","2026-03-11","autochek_api_negative.UserService.UserServiceV2Negative","Autochek_API_Automation","autochek_api_negative.UserService.UserServiceV2Negative","PostDisableUserV2Negative"
"Update Car and Validate Response","660","PutUpdateCar - city too short (1 char)","API_Regression_Suite","2026-03-11","passed","2026-03-11","autochek_api_negative.DetachTyresSpecification.DetachTyresSpecificationNegative","Autochek_API_Automation","autochek_api_negative.DetachTyresSpecification.DetachTyresSpecificationNegative","PutUpdateCar"
"Validate negative scenarios for template creation based on sheet data","4","CreateEmailTemplate - category is null while all other fields are valid","API_Regression_Suite","2026-03-11","skipped","2026-03-11","autochek_api_negative.Template.TemplateV1Negative.TemplateV1Negative","Autochek_API_Automation","autochek_api_negative.Template.TemplateV1Negative.TemplateV1Negative","CreateEmailTemplate"
"Get the list of Tyre brands","576","GetTyreBrandsNegative - Attempt SQL injection with comment","API_Regression_Suite","2026-03-11","passed","2026-03-11","autochek_api_negative.OfferSimulation.OfferSimulationNegative","Autochek_API_Automation","autochek_api_negative.OfferSimulation.OfferSimulationNegative","GetTyreBrandsNegative"
"Get TyreSpecs Details by Car ID","610","GetTyreSpecs - car_id numeric only","API_Regression_Suite","2026-03-11","passed","2026-03-11","autochek_api_negative.DetachTyresSpecification.DetachTyresSpecificationNegative","Autochek_API_Automation","autochek_api_negative.DetachTyresSpecification.DetachTyresSpecificationNegative","GetTyreSpecs"
"Fetching loan by ID","3","GetLoanById","API_Regression_Suite","2026-03-11","skipped","2026-03-11","autochek_api_positive.OriginationService.ResponsePayloadReductionV2APIs","Autochek_API_Automation","autochek_api_positive.OriginationService.ResponsePayloadReductionV2APIs","GetLoanById"
"Validates GET /v1/inventory/trims with dynamic parameters - Positive Test","625","GetTrims - Validate only id and trim fields are returned","API_Regression_Suite","2026-03-11","failed","2026-03-11","autochek_api_positive.InventoryService.DynamicResponsePositive","Autochek_API_Automation","autochek_api_positive.InventoryService.DynamicResponsePositive","GetTrims"
"Validates GET /v1/inventory/body_type with dynamic parameters - Positive Test","664","GetBodyType - Validate name and imageUrl fields are returned","API_Regression_Suite","2026-03-11","passed","2026-03-11","autochek_api_positive.InventoryService.DynamicResponsePositive","Autochek_API_Automation","autochek_api_positive.InventoryService.DynamicResponsePositive","GetBodyType"
"Validate negative scenarios for template creation based on sheet data","7","CreateEmailTemplate - audienceType contains special characters","API_Regression_Suite","2026-03-11","skipped","2026-03-11","autochek_api_negative.Template.TemplateV1Negative.TemplateV1Negative","Autochek_API_Automation","autochek_api_negative.Template.TemplateV1Negative.TemplateV1Negative","CreateEmailTemplate"
"Get the list of Tyre brands","1749","GetTyreBrandsNegative - Send boolean value","API_Regression_Suite","2026-03-11","passed","2026-03-11","autochek_api_negative.OfferSimulation.OfferSimulationNegative","Autochek_API_Automation","autochek_api_negative.OfferSimulation.OfferSimulationNegative","GetTyreBrandsNegative"
"","3","PostLogoutV2Negative - Send truncated (incomplete JWT) refreshToken","API_Regression_Suite","2026-03-11","skipped","2026-03-11","autochek_api_negative.UserService.UserServiceV2Negative","Autochek_API_Automation","autochek_api_negative.UserService.UserServiceV2Negative","PostLogoutV2Negative"
"Submit Loan Customer Preferences","1003","SubmitLoanPreferencesNegative - feePaymentMethod boolean false","API_Regression_Suite","2026-03-11","passed","2026-03-11","autochek_api_negative.OfferSimulation.OfferSimulationNegative","Autochek_API_Automation","autochek_api_negative.OfferSimulation.OfferSimulationNegative","SubmitLoanPreferencesNegative"
"","1480","submitLoanPreference - Monthly payment less than 500000 (300000)","API_Regression_Suite","2026-03-11","passed","2026-03-11","autochek_api_positive.OfferSimulation.OfferSimulationPositive","Autochek_API_Automation","autochek_api_positive.OfferSimulation.OfferSimulationPositive","submitLoanPreference"
"Submit Loan Customer Preferences","5326","SubmitLoanPreferencesNegative - requestedWarrantyPlan numeric","API_Regression_Suite","2026-03-11","passed","2026-03-11","autochek_api_negative.OfferSimulation.OfferSimulationNegative","Autochek_API_Automation","autochek_api_negative.OfferSimulation.OfferSimulationNegative","SubmitLoanPreferencesNegative"
"Validate negative scenarios for template creation based on sheet data","3","UpdateEmailTemplate - renderByUs contains special characters","API_Regression_Suite","2026-03-11","skipped","2026-03-11","autochek_api_negative.Template.TemplateV1Negative.TemplateV1Negative","Autochek_API_Automation","autochek_api_negative.Template.TemplateV1Negative.TemplateV1Negative","UpdateEmailTemplate"
"Validates GET /v1/origination/offers/{offer_Id}/loan-document with dynamic parameters - Negative Test","798","GetLoanDocumentsByOfferIdNegative - offer_id with Unicode characters","API_Regression_Suite","2026-03-11","passed","2026-03-11","autochek_api_negative.OriginationService.ResponsePayloadReductionV2APIsNegative","Autochek_API_Automation","autochek_api_negative.OriginationService.ResponsePayloadReductionV2APIsNegative","GetLoanDocumentsByOfferIdNegative"
"","0","PostLoginV2Negative - Username email with spaces","API_Regression_Suite","2026-03-11","skipped","2026-03-11","autochek_api_negative.UserService.UserServiceV2Negative","Autochek_API_Automation","autochek_api_negative.UserService.UserServiceV2Negative","PostLoginV2Negative"
"","3","PostUserSignUpV2Negative - Country contains numeric value","API_Regression_Suite","2026-03-11","skipped","2026-03-11","autochek_api_negative.UserService.UserServiceV2Negative","Autochek_API_Automation","autochek_api_negative.UserService.UserServiceV2Negative","PostUserSignUpV2Negative"
"Update System Config dynamically for PASSWORD_POLICY or USER_SESSION","3","PatchSystemConfigV2 - MIN_LENGTH non-numeric","API_Regression_Suite","2026-03-11","skipped","2026-03-11","autochek_api_negative.UserService.UserServiceV2Negative","Autochek_API_Automation","autochek_api_negative.UserService.UserServiceV2Negative","PatchSystemConfigV2"
"Fetching loan by ID","1219","GetLoanByIdNegative","API_Regression_Suite","2026-03-11","passed","2026-03-11","autochek_api_negative.OfferSimulation.OfferSimulationNegative","Autochek_API_Automation","autochek_api_negative.OfferSimulation.OfferSimulationNegative","GetLoanByIdNegative"
"Creating loan for first fetched Toyota Car","20797","PostCreateLoan","API_Regression_Suite","2026-03-11","passed","2026-03-11","autochek_api_positive.OfferSimulation.OfferSimulationPositive","Autochek_API_Automation","autochek_api_positive.OfferSimulation.OfferSimulationPositive","PostCreateLoan"
"Validates GET /v2/origination/offers with dynamic parameters - Positive Test","1067","GetOffersListNegative - country is number","API_Regression_Suite","2026-03-11","passed","2026-03-11","autochek_api_negative.OriginationService.ResponsePayloadReductionV2APIsNegative","Autochek_API_Automation","autochek_api_negative.OriginationService.ResponsePayloadReductionV2APIsNegative","GetOffersListNegative"
"Validate negative scenarios for template creation based on sheet data","3","UpdateEmailTemplate - audienceType contains SQL injection payload","API_Regression_Suite","2026-03-11","skipped","2026-03-11","autochek_api_negative.Template.TemplateV1Negative.TemplateV1Negative","Autochek_API_Automation","autochek_api_negative.Template.TemplateV1Negative.TemplateV1Negative","UpdateEmailTemplate"
"Validates GET /v2/origination/sources with dynamic parameters - Negative Test","724","GetBanksListNegative - page_size is special characters","API_Regression_Suite","2026-03-11","passed","2026-03-11","autochek_api_negative.OriginationService.ResponsePayloadReductionV2APIsNegative","Autochek_API_Automation","autochek_api_negative.OriginationService.ResponsePayloadReductionV2APIsNegative","GetBanksListNegative"
"","1793","PostLogoutV2 - Valid refresh token with ""all"": true — logout all sessions for user","API_Regression_Suite","2026-03-11","passed","2026-03-11","autochek_api_positive.UserService.UserServiceV2","Autochek_API_Automation","autochek_api_positive.UserService.UserServiceV2","PostLogoutV2"
"Submit Loan Customer Preferences","805","SubmitLoanPreferencesNegative - vehicleDiscount null","API_Regression_Suite","2026-03-11","passed","2026-03-11","autochek_api_negative.OfferSimulation.OfferSimulationNegative","Autochek_API_Automation","autochek_api_negative.OfferSimulation.OfferSimulationNegative","SubmitLoanPreferencesNegative"
"Create Inspection for the carID generated in Car Creation","611","PostCreateInspection - Invalid code shorter than 2 chars","API_Regression_Suite","2026-03-11","passed","2026-03-11","autochek_api_negative.DetachTyresSpecification.DetachTyresSpecificationNegative","Autochek_API_Automation","autochek_api_negative.DetachTyresSpecification.DetachTyresSpecificationNegative","PostCreateInspection"
"Submit Loan Customer Preferences","1021","SubmitLoanPreferencesNegative - upfrontCreditLifeInsurance JSON object instead boolean","API_Regression_Suite","2026-03-11","passed","2026-03-11","autochek_api_negative.OfferSimulation.OfferSimulationNegative","Autochek_API_Automation","autochek_api_negative.OfferSimulation.OfferSimulationNegative","SubmitLoanPreferencesNegative"
"","4","PostLookUpV2Negative - Send no access token in cookie/header","API_Regression_Suite","2026-03-11","skipped","2026-03-11","autochek_api_negative.UserService.UserServiceV2Negative","Autochek_API_Automation","autochek_api_negative.UserService.UserServiceV2Negative","PostLookUpV2Negative"
"Submit Loan Customer Preferences","709","SubmitLoanPreferencesNegative - equityContribution very large number","API_Regression_Suite","2026-03-11","passed","2026-03-11","autochek_api_negative.OfferSimulation.OfferSimulationNegative","Autochek_API_Automation","autochek_api_negative.OfferSimulation.OfferSimulationNegative","SubmitLoanPreferencesNegative"
"Update Car and Validate Response","961","PutUpdateCar - engine_number as empty","API_Regression_Suite","2026-03-11","passed","2026-03-11","autochek_api_negative.DetachTyresSpecification.DetachTyresSpecificationNegative","Autochek_API_Automation","autochek_api_negative.DetachTyresSpecification.DetachTyresSpecificationNegative","PutUpdateCar"
"Validates GET /v1/inventory/obds with dynamic parameters - Negative Test","522","GetObdsNegative - Pass array type","API_Regression_Suite","2026-03-11","passed","2026-03-11","autochek_api_negative.InventoryService.DynamicResponseNegative","Autochek_API_Automation","autochek_api_negative.InventoryService.DynamicResponseNegative","GetObdsNegative"
"Update System Config dynamically for PASSWORD_POLICY or USER_SESSION","2","PatchSystemConfigV2 - REQUIRE_UPPERCASE array structure passed","API_Regression_Suite","2026-03-11","skipped","2026-03-11","autochek_api_negative.UserService.UserServiceV2Negative","Autochek_API_Automation","autochek_api_negative.UserService.UserServiceV2Negative","PatchSystemConfigV2"
"Validate schema dynamically based on channel type","0","validateSchemasByChannel","API_Regression_Suite","2026-03-11","skipped","2026-03-11","autochek_api_positive.Template.TemplateV1Positive","Autochek_API_Automation","autochek_api_positive.Template.TemplateV1Positive","validateSchemasByChannel"
"Submit Loan Customer Preferences","619","SubmitLoanPreferencesNegative - upfrontMaintenancePlan wrong string true","API_Regression_Suite","2026-03-11","passed","2026-03-11","autochek_api_negative.OfferSimulation.OfferSimulationNegative","Autochek_API_Automation","autochek_api_negative.OfferSimulation.OfferSimulationNegative","SubmitLoanPreferencesNegative"
"Submit Loan Customer Preferences","572","SubmitLoanPreferencesNegative - upfrontInsurance long random text","API_Regression_Suite","2026-03-11","passed","2026-03-11","autochek_api_negative.OfferSimulation.OfferSimulationNegative","Autochek_API_Automation","autochek_api_negative.OfferSimulation.OfferSimulationNegative","SubmitLoanPreferencesNegative"
"Update System Config dynamically for PASSWORD_POLICY or USER_SESSION","0","PatchSystemConfigV2 - DISALLOW_WHITESPACES SQL injection attempt","API_Regression_Suite","2026-03-11","skipped","2026-03-11","autochek_api_negative.UserService.UserServiceV2Negative","Autochek_API_Automation","autochek_api_negative.UserService.UserServiceV2Negative","PatchSystemConfigV2"
"Get Offer Details by OfferID","833","GetOffersByIdNegative - offer_id with valid format plus special characters","API_Regression_Suite","2026-03-11","passed","2026-03-11","autochek_api_negative.OriginationService.ResponsePayloadReductionV2APIsNegative","Autochek_API_Automation","autochek_api_negative.OriginationService.ResponsePayloadReductionV2APIsNegative","GetOffersByIdNegative"
"Accept Simulation Offer","814","AcceptOfferNegative - Script injection (XSS attempt)","API_Regression_Suite","2026-03-11","passed","2026-03-11","autochek_api_negative.OfferSimulation.OfferSimulationNegative","Autochek_API_Automation","autochek_api_negative.OfferSimulation.OfferSimulationNegative","AcceptOfferNegative"
"Validates negative test cases for Preview Template API using first created templateId map","2","PreviewTemplateNegativeTest - account_id passed as stringValue","API_Regression_Suite","2026-03-11","skipped","2026-03-11","autochek_api_negative.Template.TemplateV1Negative.TemplateV1Negative","Autochek_API_Automation","autochek_api_negative.Template.TemplateV1Negative.TemplateV1Negative","PreviewTemplateNegativeTest"
"Update Car and Validate Response","828","PutUpdateCar - city as empty","API_Regression_Suite","2026-03-11","passed","2026-03-11","autochek_api_negative.DetachTyresSpecification.DetachTyresSpecificationNegative","Autochek_API_Automation","autochek_api_negative.DetachTyresSpecification.DetachTyresSpecificationNegative","PutUpdateCar"
"Get Offer Details by LoanID","5","GetOffersByLoanId","API_Regression_Suite","2026-03-11","skipped","2026-03-11","autochek_api_positive.OriginationService.ResponsePayloadReductionV2APIs","Autochek_API_Automation","autochek_api_positive.OriginationService.ResponsePayloadReductionV2APIs","GetOffersByLoanId"
"Validates GET /v2/origination/loans with dynamic parameters - Positive Test","3","GetLoansList - country is UG","API_Regression_Suite","2026-03-11","skipped","2026-03-11","autochek_api_positive.OriginationService.ResponsePayloadReductionV2APIs","Autochek_API_Automation","autochek_api_positive.OriginationService.ResponsePayloadReductionV2APIs","GetLoansList"
"Create Inspection for the carID generated in Car Creation","815","PostCreateInspection - Special characters","API_Regression_Suite","2026-03-11","passed","2026-03-11","autochek_api_negative.DetachTyresSpecification.DetachTyresSpecificationNegative","Autochek_API_Automation","autochek_api_negative.DetachTyresSpecification.DetachTyresSpecificationNegative","PostCreateInspection"
"Submit Loan Customer Preferences","806","SubmitLoanPreferencesNegative - requestedWarrantyPlan null","API_Regression_Suite","2026-03-11","passed","2026-03-11","autochek_api_negative.OfferSimulation.OfferSimulationNegative","Autochek_API_Automation","autochek_api_negative.OfferSimulation.OfferSimulationNegative","SubmitLoanPreferencesNegative"
"Validates GET /v1/inventory/body_type with dynamic parameters - Negative Test","528","GetBodyTypeNegative - Mix case sensitivity (upper vs lower)","API_Regression_Suite","2026-03-11","passed","2026-03-11","autochek_api_negative.InventoryService.DynamicResponseNegative","Autochek_API_Automation","autochek_api_negative.InventoryService.DynamicResponseNegative","GetBodyTypeNegative"
"","4","PostLogoutAllAdminNegative - userId as null","API_Regression_Suite","2026-03-11","skipped","2026-03-11","autochek_api_negative.UserService.UserServiceV2Negative","Autochek_API_Automation","autochek_api_negative.UserService.UserServiceV2Negative","PostLogoutAllAdminNegative"
"Create Inspection for the carID generated in Car Creation","693","PostCreateInspection - Null inspection_request_summary_id","API_Regression_Suite","2026-03-11","passed","2026-03-11","autochek_api_negative.DetachTyresSpecification.DetachTyresSpecificationNegative","Autochek_API_Automation","autochek_api_negative.DetachTyresSpecification.DetachTyresSpecificationNegative","PostCreateInspection"
"Validates GET /v1/inventory/model with dynamic parameters - Negative Test","995","GetModelListNegative - Pass numeric as field","API_Regression_Suite","2026-03-11","passed","2026-03-11","autochek_api_negative.InventoryService.DynamicResponseNegative","Autochek_API_Automation","autochek_api_negative.InventoryService.DynamicResponseNegative","GetModelListNegative"
"Validates GET /v2/origination/sources with dynamic parameters - Negative Test","704","GetSourcesListNegative - page_size is negative","API_Regression_Suite","2026-03-11","passed","2026-03-11","autochek_api_negative.OriginationService.ResponsePayloadReductionV2APIsNegative","Autochek_API_Automation","autochek_api_negative.OriginationService.ResponsePayloadReductionV2APIsNegative","GetSourcesListNegative"
"Update System Config dynamically for PASSWORD_POLICY or USER_SESSION","0","PatchSystemConfigV2 - REQUIRE_NUMBER object structure passed","API_Regression_Suite","2026-03-11","skipped","2026-03-11","autochek_api_negative.UserService.UserServiceV2Negative","Autochek_API_Automation","autochek_api_negative.UserService.UserServiceV2Negative","PatchSystemConfigV2"
"Validates GET /v1/inventory/make with dynamic fields filtering","838","GetMakeNegative - Pass object instead of string","API_Regression_Suite","2026-03-11","passed","2026-03-11","autochek_api_negative.InventoryService.DynamicResponseNegative","Autochek_API_Automation","autochek_api_negative.InventoryService.DynamicResponseNegative","GetMakeNegative"
"Update System Config dynamically for PASSWORD_POLICY or USER_SESSION","4","PatchSystemConfigV2 - REQUIRE_UPPERCASE empty value","API_Regression_Suite","2026-03-11","skipped","2026-03-11","autochek_api_negative.UserService.UserServiceV2Negative","Autochek_API_Automation","autochek_api_negative.UserService.UserServiceV2Negative","PatchSystemConfigV2"
"Submit Loan Customer Preferences","2154","SubmitLoanPreferencesNegative - desiredLoanCurrency numeric","API_Regression_Suite","2026-03-11","passed","2026-03-11","autochek_api_negative.OfferSimulation.OfferSimulationNegative","Autochek_API_Automation","autochek_api_negative.OfferSimulation.OfferSimulationNegative","SubmitLoanPreferencesNegative"
"Update System Config dynamically for PASSWORD_POLICY or USER_SESSION","0","PatchSystemConfigV2 - MAX_CONCURRENT_SESSIONS SQL injection attempt","API_Regression_Suite","2026-03-11","skipped","2026-03-11","autochek_api_negative.UserService.UserServiceV2Negative","Autochek_API_Automation","autochek_api_negative.UserService.UserServiceV2Negative","PatchSystemConfigV2"
"Validates GET /v2/origination/loans/{loan_id}/logbook/booking-info - Negative Test","583","GetBookingInfoForLogbookLoanNegative - Send loan_id as numeric only","API_Regression_Suite","2026-03-11","passed","2026-03-11","autochek_api_negative.OriginationService.ResponsePayloadReductionV2APIsNegative","Autochek_API_Automation","autochek_api_negative.OriginationService.ResponsePayloadReductionV2APIsNegative","GetBookingInfoForLogbookLoanNegative"
"Negative test for Create System Config V2","0","PostSystemConfigV2 - REQUIRE_SPECIAL_CHAR decimal value","API_Regression_Suite","2026-03-11","skipped","2026-03-11","autochek_api_negative.UserService.UserServiceV2Negative","Autochek_API_Automation","autochek_api_negative.UserService.UserServiceV2Negative","PostSystemConfigV2"
"Submit Loan Customer Preferences","699","SubmitLoanPreferencesNegative - upfrontTyres special characters","API_Regression_Suite","2026-03-11","passed","2026-03-11","autochek_api_negative.OfferSimulation.OfferSimulationNegative","Autochek_API_Automation","autochek_api_negative.OfferSimulation.OfferSimulationNegative","SubmitLoanPreferencesNegative"
"Update System Config dynamically for PASSWORD_POLICY or USER_SESSION","0","PatchSystemConfigV2 - REQUIRE_SPECIAL_CHAR null value","API_Regression_Suite","2026-03-11","skipped","2026-03-11","autochek_api_negative.UserService.UserServiceV2Negative","Autochek_API_Automation","autochek_api_negative.UserService.UserServiceV2Negative","PatchSystemConfigV2"
"Create Inspection for the carID generated in Car Creation","923","PostCreateInspection - Numeric instead of string","API_Regression_Suite","2026-03-11","passed","2026-03-11","autochek_api_negative.DetachTyresSpecification.DetachTyresSpecificationNegative","Autochek_API_Automation","autochek_api_negative.DetachTyresSpecification.DetachTyresSpecificationNegative","PostCreateInspection"
"Update System Config dynamically for PASSWORD_POLICY or USER_SESSION","2","PatchSystemConfigV2 - MAX_LENGTH negative","API_Regression_Suite","2026-03-11","skipped","2026-03-11","autochek_api_negative.UserService.UserServiceV2Negative","Autochek_API_Automation","autochek_api_negative.UserService.UserServiceV2Negative","PatchSystemConfigV2"
"Validates GET /v1/inventory/make with dynamic fields filtering - Positive Test","661","GetMake - Verify response returns name, imageUrl and excludes id","API_Regression_Suite","2026-03-11","failed","2026-03-11","autochek_api_positive.InventoryService.DynamicResponsePositive","Autochek_API_Automation","autochek_api_positive.InventoryService.DynamicResponsePositive","GetMake"
"Update Car and Validate Response","843","PutUpdateCar - state with whitespace only","API_Regression_Suite","2026-03-11","passed","2026-03-11","autochek_api_negative.DetachTyresSpecification.DetachTyresSpecificationNegative","Autochek_API_Automation","autochek_api_negative.DetachTyresSpecification.DetachTyresSpecificationNegative","PutUpdateCar"
"","2","PostUserSignUpV2Negative - PhoneNumber has an invalid format (missing + or country code)","API_Regression_Suite","2026-03-11","skipped","2026-03-11","autochek_api_negative.UserService.UserServiceV2Negative","Autochek_API_Automation","autochek_api_negative.UserService.UserServiceV2Negative","PostUserSignUpV2Negative"
"Validate negative scenarios for template creation based on sheet data","2","CreateEmailTemplate - category contains numeric value","API_Regression_Suite","2026-03-11","skipped","2026-03-11","autochek_api_negative.Template.TemplateV1Negative.TemplateV1Negative","Autochek_API_Automation","autochek_api_negative.Template.TemplateV1Negative.TemplateV1Negative","CreateEmailTemplate"
"Submit Loan Customer Preferences","560","SubmitLoanPreferencesNegative - upfrontInsurance blank","API_Regression_Suite","2026-03-11","passed","2026-03-11","autochek_api_negative.OfferSimulation.OfferSimulationNegative","Autochek_API_Automation","autochek_api_negative.OfferSimulation.OfferSimulationNegative","SubmitLoanPreferencesNegative"
"Create Inspection for the carID generated in Car Creation","1042","PostCreateInspection - location malformed + country numeric","API_Regression_Suite","2026-03-11","passed","2026-03-11","autochek_api_negative.DetachTyresSpecification.DetachTyresSpecificationNegative","Autochek_API_Automation","autochek_api_negative.DetachTyresSpecification.DetachTyresSpecificationNegative","PostCreateInspection"
"Validates GET /v1/inspection with dynamic parameters - Negative Test","1077","GetInspectionNegative - Pass whitespace in fields","API_Regression_Suite","2026-03-11","passed","2026-03-11","autochek_api_negative.InventoryService.DynamicResponseNegative","Autochek_API_Automation","autochek_api_negative.InventoryService.DynamicResponseNegative","GetInspectionNegative"
"Submit Loan Customer Preferences","902","SubmitLoanPreferencesNegative - Requested Warranty Plan invalid value","API_Regression_Suite","2026-03-11","failed","2026-03-11","autochek_api_negative.OfferSimulation.OfferSimulationNegative","Autochek_API_Automation","autochek_api_negative.OfferSimulation.OfferSimulationNegative","SubmitLoanPreferencesNegative"
"Validates GET /v1/inventory/car with dynamic parameters - Positive Test","504","GetCarList - Validate both include and exclude in fields for nested model","API_Regression_Suite","2026-03-11","broken","2026-03-11","autochek_api_positive.InventoryService.DynamicResponsePositive","Autochek_API_Automation","autochek_api_positive.InventoryService.DynamicResponsePositive","GetCarList"
"Update System Config dynamically for PASSWORD_POLICY or USER_SESSION","3","PatchSystemConfigV2 - REQUIRE_NUMBER empty value","API_Regression_Suite","2026-03-11","skipped","2026-03-11","autochek_api_negative.UserService.UserServiceV2Negative","Autochek_API_Automation","autochek_api_negative.UserService.UserServiceV2Negative","PatchSystemConfigV2"
"Validates GET /v1/inventory/car with dynamic parameters - Negative Test","906","GetCarListNegative - Pass comma-separated invalid relations","API_Regression_Suite","2026-03-11","passed","2026-03-11","autochek_api_negative.InventoryService.DynamicResponseNegative","Autochek_API_Automation","autochek_api_negative.InventoryService.DynamicResponseNegative","GetCarListNegative"
"Validates GET /v1/inventory/trims with dynamic parameters - Negative Test","552","GetTrimsNegative - Validate response when passing mix of valid and invalid fields","API_Regression_Suite","2026-03-11","passed","2026-03-11","autochek_api_negative.InventoryService.DynamicResponseNegative","Autochek_API_Automation","autochek_api_negative.InventoryService.DynamicResponseNegative","GetTrimsNegative"
"Update System Config dynamically for PASSWORD_POLICY or USER_SESSION","2","PatchSystemConfigV2 - MIN_LENGTH empty","API_Regression_Suite","2026-03-11","skipped","2026-03-11","autochek_api_negative.UserService.UserServiceV2Negative","Autochek_API_Automation","autochek_api_negative.UserService.UserServiceV2Negative","PatchSystemConfigV2"
"Validates GET /v2/origination/partners with dynamic parameters - Positive Test","502","GetPartnersListNegative - page_size is negative","API_Regression_Suite","2026-03-11","passed","2026-03-11","autochek_api_negative.OriginationService.ResponsePayloadReductionV2APIsNegative","Autochek_API_Automation","autochek_api_negative.OriginationService.ResponsePayloadReductionV2APIsNegative","GetPartnersListNegative"
"Submit Loan Customer Preferences","816","SubmitLoanPreferencesNegative - interestRateType long string","API_Regression_Suite","2026-03-11","passed","2026-03-11","autochek_api_negative.OfferSimulation.OfferSimulationNegative","Autochek_API_Automation","autochek_api_negative.OfferSimulation.OfferSimulationNegative","SubmitLoanPreferencesNegative"
"Validates GET /v2/origination/loans/{loan_id}/accepted-offer - Negative Test","930","GetAcceptedOfferByLoanIdNegative - SQL injection with DROP statement","API_Regression_Suite","2026-03-11","passed","2026-03-11","autochek_api_negative.OriginationService.ResponsePayloadReductionV2APIsNegative","Autochek_API_Automation","autochek_api_negative.OriginationService.ResponsePayloadReductionV2APIsNegative","GetAcceptedOfferByLoanIdNegative"
"Validates GET /v1/inventory/body_type with dynamic parameters - Negative Test","537","GetBodyTypeNegative - Pass mixed valid + invalid fields","API_Regression_Suite","2026-03-11","passed","2026-03-11","autochek_api_negative.InventoryService.DynamicResponseNegative","Autochek_API_Automation","autochek_api_negative.InventoryService.DynamicResponseNegative","GetBodyTypeNegative"
"Submit Loan Customer Preferences","1075","SubmitLoanPreferencesNegative - upfrontVehicleTracking XSS injection","API_Regression_Suite","2026-03-11","passed","2026-03-11","autochek_api_negative.OfferSimulation.OfferSimulationNegative","Autochek_API_Automation","autochek_api_negative.OfferSimulation.OfferSimulationNegative","SubmitLoanPreferencesNegative"
"Create Car and Validate Response","3034","CreateCar - Verify car creation with fuel type petrol","API_Regression_Suite","2026-03-11","broken","2026-03-11","autochek_api_positive.DetachTyreSpecification.DetachTyreSpecificationPositive","Autochek_API_Automation","autochek_api_positive.DetachTyreSpecification.DetachTyreSpecificationPositive","CreateCar"
"Submit Loan Customer Preferences","711","SubmitLoanPreferencesNegative - tyreBrand special characters","API_Regression_Suite","2026-03-11","passed","2026-03-11","autochek_api_negative.OfferSimulation.OfferSimulationNegative","Autochek_API_Automation","autochek_api_negative.OfferSimulation.OfferSimulationNegative","SubmitLoanPreferencesNegative"
"","3777","submitLoanPreference - Omit upfrontInsurance","API_Regression_Suite","2026-03-11","passed","2026-03-11","autochek_api_positive.OfferSimulation.OfferSimulationPositive","Autochek_API_Automation","autochek_api_positive.OfferSimulation.OfferSimulationPositive","submitLoanPreference"
"","0","PostDisableUserV2Negative - Send SQL injection string as userId","API_Regression_Suite","2026-03-11","skipped","2026-03-11","autochek_api_negative.UserService.UserServiceV2Negative","Autochek_API_Automation","autochek_api_negative.UserService.UserServiceV2Negative","PostDisableUserV2Negative"
"","1","PostLookUpV2Negative - Send expired or invalid access token","API_Regression_Suite","2026-03-11","skipped","2026-03-11","autochek_api_negative.UserService.UserServiceV2Negative","Autochek_API_Automation","autochek_api_negative.UserService.UserServiceV2Negative","PostLookUpV2Negative"
"Validate negative scenarios for template creation based on sheet data","2","UpdateEmailTemplate - category contains SQL injection payload","API_Regression_Suite","2026-03-11","skipped","2026-03-11","autochek_api_negative.Template.TemplateV1Negative.TemplateV1Negative","Autochek_API_Automation","autochek_api_negative.Template.TemplateV1Negative.TemplateV1Negative","UpdateEmailTemplate"
"Submit Loan Customer Preferences","671","SubmitLoanPreferencesNegative - residualPercentage without % symbol","API_Regression_Suite","2026-03-11","passed","2026-03-11","autochek_api_negative.OfferSimulation.OfferSimulationNegative","Autochek_API_Automation","autochek_api_negative.OfferSimulation.OfferSimulationNegative","SubmitLoanPreferencesNegative"
"Create Inspection for the carID generated in Car Creation","683","PostCreateInspection - Boolean value for country","API_Regression_Suite","2026-03-11","passed","2026-03-11","autochek_api_negative.DetachTyresSpecification.DetachTyresSpecificationNegative","Autochek_API_Automation","autochek_api_negative.DetachTyresSpecification.DetachTyresSpecificationNegative","PostCreateInspection"
"","0","PostLoginV2Negative - Password exceeds maximum length","API_Regression_Suite","2026-03-11","skipped","2026-03-11","autochek_api_negative.UserService.UserServiceV2Negative","Autochek_API_Automation","autochek_api_negative.UserService.UserServiceV2Negative","PostLoginV2Negative"
"","3","PostUserSignUpV2Negative - Password field is omitted from the request body","API_Regression_Suite","2026-03-11","skipped","2026-03-11","autochek_api_negative.UserService.UserServiceV2Negative","Autochek_API_Automation","autochek_api_negative.UserService.UserServiceV2Negative","PostUserSignUpV2Negative"
"Validate negative scenarios for template creation based on sheet data","2","CreateEmailTemplate - audienceType exceeds maximum allowed length","API_Regression_Suite","2026-03-11","skipped","2026-03-11","autochek_api_negative.Template.TemplateV1Negative.TemplateV1Negative","Autochek_API_Automation","autochek_api_negative.Template.TemplateV1Negative.TemplateV1Negative","CreateEmailTemplate"
"Validates GET /v2/origination/partners with dynamic parameters - Positive Test","557","GetPartnersListNegative - country is number","API_Regression_Suite","2026-03-11","passed","2026-03-11","autochek_api_negative.OriginationService.ResponsePayloadReductionV2APIsNegative","Autochek_API_Automation","autochek_api_negative.OriginationService.ResponsePayloadReductionV2APIsNegative","GetPartnersListNegative"
"Validates negative test cases for Preview Template API using first created templateId map","4","PreviewTemplateNegativeTest - user_name object structure incorrect","API_Regression_Suite","2026-03-11","skipped","2026-03-11","autochek_api_negative.Template.TemplateV1Negative.TemplateV1Negative","Autochek_API_Automation","autochek_api_negative.Template.TemplateV1Negative.TemplateV1Negative","PreviewTemplateNegativeTest"
"Update System Config dynamically for PASSWORD_POLICY or USER_SESSION","0","PatchSystemConfigV2 - REQUIRE_NUMBER decimal value","API_Regression_Suite","2026-03-11","skipped","2026-03-11","autochek_api_negative.UserService.UserServiceV2Negative","Autochek_API_Automation","autochek_api_negative.UserService.UserServiceV2Negative","PatchSystemConfigV2"
"Validates GET /v1/inventory/trims with dynamic parameters - Negative Test","518","GetTrimsNegative - Validate response when passing SQL injection using tautology condition","API_Regression_Suite","2026-03-11","passed","2026-03-11","autochek_api_negative.InventoryService.DynamicResponseNegative","Autochek_API_Automation","autochek_api_negative.InventoryService.DynamicResponseNegative","GetTrimsNegative"
"Validates GET /v2/origination/partners with dynamic parameters - Positive Test","1110","GetPartnersListNegative - country is special characters","API_Regression_Suite","2026-03-11","passed","2026-03-11","autochek_api_negative.OriginationService.ResponsePayloadReductionV2APIsNegative","Autochek_API_Automation","autochek_api_negative.OriginationService.ResponsePayloadReductionV2APIsNegative","GetPartnersListNegative"
"","3","PostUserSignUpV2Negative - UserType field is omitted from the request body","API_Regression_Suite","2026-03-11","skipped","2026-03-11","autochek_api_negative.UserService.UserServiceV2Negative","Autochek_API_Automation","autochek_api_negative.UserService.UserServiceV2Negative","PostUserSignUpV2Negative"
"Validate negative scenarios for template creation based on sheet data","6","CreateEmailTemplate - renderByUs contains numeric value","API_Regression_Suite","2026-03-11","skipped","2026-03-11","autochek_api_negative.Template.TemplateV1Negative.TemplateV1Negative","Autochek_API_Automation","autochek_api_negative.Template.TemplateV1Negative.TemplateV1Negative","CreateEmailTemplate"
"Create Inspection for the carID generated in Car Creation","552","PostCreateInspection - Numeric value instead of string","API_Regression_Suite","2026-03-11","passed","2026-03-11","autochek_api_negative.DetachTyresSpecification.DetachTyresSpecificationNegative","Autochek_API_Automation","autochek_api_negative.DetachTyresSpecification.DetachTyresSpecificationNegative","PostCreateInspection"
"Validates GET /v1/inventory/trims with dynamic parameters - Negative Test","559","GetTrimsNegative - Validate response when passing special characters as field","API_Regression_Suite","2026-03-11","passed","2026-03-11","autochek_api_negative.InventoryService.DynamicResponseNegative","Autochek_API_Automation","autochek_api_negative.InventoryService.DynamicResponseNegative","GetTrimsNegative"
"Update System Config dynamically for PASSWORD_POLICY or USER_SESSION","2","PatchSystemConfigV2 - REQUIRE_UPPERCASE string true instead of boolean","API_Regression_Suite","2026-03-11","skipped","2026-03-11","autochek_api_negative.UserService.UserServiceV2Negative","Autochek_API_Automation","autochek_api_negative.UserService.UserServiceV2Negative","PatchSystemConfigV2"
"Negative test for Create System Config V2","0","PostSystemConfigV2 - REQUIRE_NUMBER decimal value","API_Regression_Suite","2026-03-11","skipped","2026-03-11","autochek_api_negative.UserService.UserServiceV2Negative","Autochek_API_Automation","autochek_api_negative.UserService.UserServiceV2Negative","PostSystemConfigV2"
"Validate negative scenarios for template creation based on sheet data","0","CreateEmailTemplate - renderByUs contains array instead of boolean","API_Regression_Suite","2026-03-11","skipped","2026-03-11","autochek_api_negative.Template.TemplateV1Negative.TemplateV1Negative","Autochek_API_Automation","autochek_api_negative.Template.TemplateV1Negative.TemplateV1Negative","CreateEmailTemplate"
"Validate negative scenarios for template creation based on sheet data","0","CreateEmailTemplate - account_id contains alphabetic characters","API_Regression_Suite","2026-03-11","skipped","2026-03-11","autochek_api_negative.Template.TemplateV1Negative.TemplateV1Negative","Autochek_API_Automation","autochek_api_negative.Template.TemplateV1Negative.TemplateV1Negative","CreateEmailTemplate"
"Validates GET /v1/inventory/make with dynamic fields filtering - Positive Test","560","GetMake - Verify response returns only name field","API_Regression_Suite","2026-03-11","failed","2026-03-11","autochek_api_positive.InventoryService.DynamicResponsePositive","Autochek_API_Automation","autochek_api_positive.InventoryService.DynamicResponsePositive","GetMake"
"Update System Config dynamically for PASSWORD_POLICY or USER_SESSION","7","PatchSystemConfigV2 - REQUIRE_UPPERCASE zero value","API_Regression_Suite","2026-03-11","skipped","2026-03-11","autochek_api_negative.UserService.UserServiceV2Negative","Autochek_API_Automation","autochek_api_negative.UserService.UserServiceV2Negative","PatchSystemConfigV2"
"Update Car and Validate Response","942","PutUpdateCar - owner_type invalid value not in list","API_Regression_Suite","2026-03-11","passed","2026-03-11","autochek_api_negative.DetachTyresSpecification.DetachTyresSpecificationNegative","Autochek_API_Automation","autochek_api_negative.DetachTyresSpecification.DetachTyresSpecificationNegative","PutUpdateCar"
"Validates GET /v2/origination/partners with dynamic parameters - Positive Test","666","GetPartnersListNegative - country is numeric string","API_Regression_Suite","2026-03-11","passed","2026-03-11","autochek_api_negative.OriginationService.ResponsePayloadReductionV2APIsNegative","Autochek_API_Automation","autochek_api_negative.OriginationService.ResponsePayloadReductionV2APIsNegative","GetPartnersListNegative"
"Update Car and Validate Response","944","PutUpdateCar - engine_number only numbers","API_Regression_Suite","2026-03-11","passed","2026-03-11","autochek_api_negative.DetachTyresSpecification.DetachTyresSpecificationNegative","Autochek_API_Automation","autochek_api_negative.DetachTyresSpecification.DetachTyresSpecificationNegative","PutUpdateCar"
"Update Car and Validate Response","2361","PutUpdateCar - engine_number whitespace only","API_Regression_Suite","2026-03-11","passed","2026-03-11","autochek_api_negative.DetachTyresSpecification.DetachTyresSpecificationNegative","Autochek_API_Automation","autochek_api_negative.DetachTyresSpecification.DetachTyresSpecificationNegative","PutUpdateCar"
"Submit Loan Customer Preferences","1607","SubmitLoanPreferencesNegative - dealDiscount >100%","API_Regression_Suite","2026-03-11","passed","2026-03-11","autochek_api_negative.OfferSimulation.OfferSimulationNegative","Autochek_API_Automation","autochek_api_negative.OfferSimulation.OfferSimulationNegative","SubmitLoanPreferencesNegative"
"Validates GET /v2/origination/loans with dynamic parameters - Negative Test","529","GetLoansListNegative - page_size is zero","API_Regression_Suite","2026-03-11","passed","2026-03-11","autochek_api_negative.OriginationService.ResponsePayloadReductionV2APIsNegative","Autochek_API_Automation","autochek_api_negative.OriginationService.ResponsePayloadReductionV2APIsNegative","GetLoansListNegative"
"Validate negative scenarios for template creation based on sheet data","4","CreateEmailTemplate - Name contains only spaces while others are valid","API_Regression_Suite","2026-03-11","skipped","2026-03-11","autochek_api_negative.Template.TemplateV1Negative.TemplateV1Negative","Autochek_API_Automation","autochek_api_negative.Template.TemplateV1Negative.TemplateV1Negative","CreateEmailTemplate"
"GetCar Details to fetch Car ID","2236","GetCarDetailsNegative","API_Regression_Suite","2026-03-11","passed","2026-03-11","autochek_api_negative.OfferSimulation.OfferSimulationNegative","Autochek_API_Automation","autochek_api_negative.OfferSimulation.OfferSimulationNegative","GetCarDetailsNegative"
"Negative test for Create System Config V2","0","PostSystemConfigV2 - DISALLOW_WHITESPACES decimal value","API_Regression_Suite","2026-03-11","skipped","2026-03-11","autochek_api_negative.UserService.UserServiceV2Negative","Autochek_API_Automation","autochek_api_negative.UserService.UserServiceV2Negative","PostSystemConfigV2"
"Validates GET /v2/origination/loans with dynamic parameters - Negative Test","529","GetLoansListNegative - country is one character","API_Regression_Suite","2026-03-11","passed","2026-03-11","autochek_api_negative.OriginationService.ResponsePayloadReductionV2APIsNegative","Autochek_API_Automation","autochek_api_negative.OriginationService.ResponsePayloadReductionV2APIsNegative","GetLoansListNegative"
"Submit Loan Customer Preferences","610","SubmitLoanPreferencesNegative - upfrontWarranty JSON object instead of string","API_Regression_Suite","2026-03-11","passed","2026-03-11","autochek_api_negative.OfferSimulation.OfferSimulationNegative","Autochek_API_Automation","autochek_api_negative.OfferSimulation.OfferSimulationNegative","SubmitLoanPreferencesNegative"
"Delete USER_SESSION and PASSWORD_POLICY using stored IDs","1","deleteSystemConfigs - Delete with SQL injection attempt","API_Regression_Suite","2026-03-11","skipped","2026-03-11","autochek_api_negative.UserService.UserServiceV2Negative","Autochek_API_Automation","autochek_api_negative.UserService.UserServiceV2Negative","deleteSystemConfigs"
"","2","PostUserSignUpV2Negative - PhoneNumber is an empty string","API_Regression_Suite","2026-03-11","skipped","2026-03-11","autochek_api_negative.UserService.UserServiceV2Negative","Autochek_API_Automation","autochek_api_negative.UserService.UserServiceV2Negative","PostUserSignUpV2Negative"
"","5030","PatchUpdatePasswordV2 - Provided valid and new password","API_Regression_Suite","2026-03-11","passed","2026-03-11","autochek_api_positive.UserService.UserServiceV2","Autochek_API_Automation","autochek_api_positive.UserService.UserServiceV2","PatchUpdatePasswordV2"
"Get Offer Details by LoanID","717","GetOffersByLoanIdNegative - Send loan_id as null","API_Regression_Suite","2026-03-11","passed","2026-03-11","autochek_api_negative.OriginationService.ResponsePayloadReductionV2APIsNegative","Autochek_API_Automation","autochek_api_negative.OriginationService.ResponsePayloadReductionV2APIsNegative","GetOffersByLoanIdNegative"
"","4","PostLogoutAllAdminNegative - userId with SQL injection attempt","API_Regression_Suite","2026-03-11","skipped","2026-03-11","autochek_api_negative.UserService.UserServiceV2Negative","Autochek_API_Automation","autochek_api_negative.UserService.UserServiceV2Negative","PostLogoutAllAdminNegative"
"","0","GetMeV2Negative - Send SQL injection string as token","API_Regression_Suite","2026-03-11","skipped","2026-03-11","autochek_api_negative.UserService.UserServiceV2Negative","Autochek_API_Automation","autochek_api_negative.UserService.UserServiceV2Negative","GetMeV2Negative"
"Validates negative test cases for Send Template API with various invalid and omitted parameters","0","SendTemplateNegativeTest - name as object","API_Regression_Suite","2026-03-11","skipped","2026-03-11","autochek_api_negative.Template.TemplateV1Negative.TemplateV1Negative","Autochek_API_Automation","autochek_api_negative.Template.TemplateV1Negative.TemplateV1Negative","SendTemplateNegativeTest"
"Update System Config dynamically for PASSWORD_POLICY or USER_SESSION","2","PatchSystemConfigV2 - MAX_LENGTH less than MIN_LENGTH","API_Regression_Suite","2026-03-11","skipped","2026-03-11","autochek_api_negative.UserService.UserServiceV2Negative","Autochek_API_Automation","autochek_api_negative.UserService.UserServiceV2Negative","PatchSystemConfigV2"
"Filter templates based on audienceType and validate response","5","filterTemplate - category contains SQL injection payload","API_Regression_Suite","2026-03-11","skipped","2026-03-11","autochek_api_negative.Template.TemplateV1Negative.TemplateV1Negative","Autochek_API_Automation","autochek_api_negative.Template.TemplateV1Negative.TemplateV1Negative","filterTemplate"
"Create Inspection for the carID generated in Car Creation","632","PostCreateInspection - Alphabetic string instead of number","API_Regression_Suite","2026-03-11","passed","2026-03-11","autochek_api_negative.DetachTyresSpecification.DetachTyresSpecificationNegative","Autochek_API_Automation","autochek_api_negative.DetachTyresSpecification.DetachTyresSpecificationNegative","PostCreateInspection"
"Validate negative scenarios for template creation based on sheet data","4","CreateEmailTemplate - account_id contains JSON object instead of numeric value","API_Regression_Suite","2026-03-11","skipped","2026-03-11","autochek_api_negative.Template.TemplateV1Negative.TemplateV1Negative","Autochek_API_Automation","autochek_api_negative.Template.TemplateV1Negative.TemplateV1Negative","CreateEmailTemplate"
"Validates GET /v1/inventory/obds with dynamic parameters - Negative Test","506","GetObdsNegative - SQL injection in fields","API_Regression_Suite","2026-03-11","passed","2026-03-11","autochek_api_negative.InventoryService.DynamicResponseNegative","Autochek_API_Automation","autochek_api_negative.InventoryService.DynamicResponseNegative","GetObdsNegative"
"Update Car and Validate Response","752","PutUpdateCar - created_by as empty","API_Regression_Suite","2026-03-11","failed","2026-03-11","autochek_api_negative.DetachTyresSpecification.DetachTyresSpecificationNegative","Autochek_API_Automation","autochek_api_negative.DetachTyresSpecification.DetachTyresSpecificationNegative","PutUpdateCar"
"","7","PostEnableUserV2Negative - Send userId in invalid alphanumeric format","API_Regression_Suite","2026-03-11","skipped","2026-03-11","autochek_api_negative.UserService.UserServiceV2Negative","Autochek_API_Automation","autochek_api_negative.UserService.UserServiceV2Negative","PostEnableUserV2Negative"
"Update Car and Validate Response","700","PutUpdateCar - owner_type too long string","API_Regression_Suite","2026-03-11","passed","2026-03-11","autochek_api_negative.DetachTyresSpecification.DetachTyresSpecificationNegative","Autochek_API_Automation","autochek_api_negative.DetachTyresSpecification.DetachTyresSpecificationNegative","PutUpdateCar"
"Submit Loan Customer Preferences","615","SubmitLoanPreferencesNegative - term extremely high duration","API_Regression_Suite","2026-03-11","passed","2026-03-11","autochek_api_negative.OfferSimulation.OfferSimulationNegative","Autochek_API_Automation","autochek_api_negative.OfferSimulation.OfferSimulationNegative","SubmitLoanPreferencesNegative"
"Validates GET /v1/inspection with dynamic parameters - Negative Test","535","GetInspectionNegative - Pass comma-separated invalid relations","API_Regression_Suite","2026-03-11","passed","2026-03-11","autochek_api_negative.InventoryService.DynamicResponseNegative","Autochek_API_Automation","autochek_api_negative.InventoryService.DynamicResponseNegative","GetInspectionNegative"
"","1632","submitLoanPreference - Omit requestedWarrantyPlan","API_Regression_Suite","2026-03-11","passed","2026-03-11","autochek_api_positive.OfferSimulation.OfferSimulationPositive","Autochek_API_Automation","autochek_api_positive.OfferSimulation.OfferSimulationPositive","submitLoanPreference"
"Submit Loan Customer Preferences","803","SubmitLoanPreferencesNegative - term blank","API_Regression_Suite","2026-03-11","passed","2026-03-11","autochek_api_negative.OfferSimulation.OfferSimulationNegative","Autochek_API_Automation","autochek_api_negative.OfferSimulation.OfferSimulationNegative","SubmitLoanPreferencesNegative"
"Validates GET /v1/inspection with dynamic parameters - Negative Test","821","GetInspectionNegative - Pass special chars in fields","API_Regression_Suite","2026-03-11","passed","2026-03-11","autochek_api_negative.InventoryService.DynamicResponseNegative","Autochek_API_Automation","autochek_api_negative.InventoryService.DynamicResponseNegative","GetInspectionNegative"
"","3","PatchUpdatePasswordV2Negative - XSS payload in password","API_Regression_Suite","2026-03-11","skipped","2026-03-11","autochek_api_negative.UserService.UserServiceV2Negative","Autochek_API_Automation","autochek_api_negative.UserService.UserServiceV2Negative","PatchUpdatePasswordV2Negative"
"Submit Loan Customer Preferences","562","SubmitLoanPreferencesNegative - upfrontWarranty very long string","API_Regression_Suite","2026-03-11","passed","2026-03-11","autochek_api_negative.OfferSimulation.OfferSimulationNegative","Autochek_API_Automation","autochek_api_negative.OfferSimulation.OfferSimulationNegative","SubmitLoanPreferencesNegative"
"Validates negative test cases for Preview Template API using first created templateId map","4","PreviewTemplateNegativeTest - account_id decimal value","API_Regression_Suite","2026-03-11","skipped","2026-03-11","autochek_api_negative.Template.TemplateV1Negative.TemplateV1Negative","Autochek_API_Automation","autochek_api_negative.Template.TemplateV1Negative.TemplateV1Negative","PreviewTemplateNegativeTest"
"","3","PostLogoutV2Negative - Send expired refreshToken","API_Regression_Suite","2026-03-11","skipped","2026-03-11","autochek_api_negative.UserService.UserServiceV2Negative","Autochek_API_Automation","autochek_api_negative.UserService.UserServiceV2Negative","PostLogoutV2Negative"
"Submit Loan Customer Preferences","706","SubmitLoanPreferencesNegative - upfrontVehicleTracking numeric instead of boolean","API_Regression_Suite","2026-03-11","passed","2026-03-11","autochek_api_negative.OfferSimulation.OfferSimulationNegative","Autochek_API_Automation","autochek_api_negative.OfferSimulation.OfferSimulationNegative","SubmitLoanPreferencesNegative"
"Validates GET /v2/origination/loans with dynamic parameters - Positive Test","8","GetLoansList - country is NG","API_Regression_Suite","2026-03-11","skipped","2026-03-11","autochek_api_positive.OriginationService.ResponsePayloadReductionV2APIs","Autochek_API_Automation","autochek_api_positive.OriginationService.ResponsePayloadReductionV2APIs","GetLoansList"
"Validates GET /v1/origination/offers/{offer_Id}/loan-document with dynamic parameters - Negative Test","776","GetLoanDocumentsByOfferIdNegative - SQL injection with DROP statement","API_Regression_Suite","2026-03-11","passed","2026-03-11","autochek_api_negative.OriginationService.ResponsePayloadReductionV2APIsNegative","Autochek_API_Automation","autochek_api_negative.OriginationService.ResponsePayloadReductionV2APIsNegative","GetLoanDocumentsByOfferIdNegative"
"Create Inspection for the carID generated in Car Creation","815","PostCreateInspection - Null form_id","API_Regression_Suite","2026-03-11","passed","2026-03-11","autochek_api_negative.DetachTyresSpecification.DetachTyresSpecificationNegative","Autochek_API_Automation","autochek_api_negative.DetachTyresSpecification.DetachTyresSpecificationNegative","PostCreateInspection"
"Submit Loan Customer Preferences","4412","SubmitLoanPreferencesNegative - equityContribution blank","API_Regression_Suite","2026-03-11","passed","2026-03-11","autochek_api_negative.OfferSimulation.OfferSimulationNegative","Autochek_API_Automation","autochek_api_negative.OfferSimulation.OfferSimulationNegative","SubmitLoanPreferencesNegative"
"Submit Loan Customer Preferences","3659","SubmitLoanPreferencesNegative - dealDiscount symbol","API_Regression_Suite","2026-03-11","passed","2026-03-11","autochek_api_negative.OfferSimulation.OfferSimulationNegative","Autochek_API_Automation","autochek_api_negative.OfferSimulation.OfferSimulationNegative","SubmitLoanPreferencesNegative"
"Update Car and Validate Response","608","PutUpdateCar - state as script injection","API_Regression_Suite","2026-03-11","passed","2026-03-11","autochek_api_negative.DetachTyresSpecification.DetachTyresSpecificationNegative","Autochek_API_Automation","autochek_api_negative.DetachTyresSpecification.DetachTyresSpecificationNegative","PutUpdateCar"
"Get system configs and store ids + values + value counts","15","GetSystemConfigsV2 - Valid access token","API_Regression_Suite","2026-03-11","skipped","2026-03-11","autochek_api_negative.UserService.UserServiceV2Negative","Autochek_API_Automation","autochek_api_negative.UserService.UserServiceV2Negative","GetSystemConfigsV2"
"Validates GET /v1/inventory/trims with dynamic parameters - Negative Test","547","GetTrimsNegative - Validate response when passing excessively long string as field","API_Regression_Suite","2026-03-11","passed","2026-03-11","autochek_api_negative.InventoryService.DynamicResponseNegative","Autochek_API_Automation","autochek_api_negative.InventoryService.DynamicResponseNegative","GetTrimsNegative"
"","0","PostEnableUserV2Negative - Send XSS payload as token","API_Regression_Suite","2026-03-11","skipped","2026-03-11","autochek_api_negative.UserService.UserServiceV2Negative","Autochek_API_Automation","autochek_api_negative.UserService.UserServiceV2Negative","PostEnableUserV2Negative"
"Create Inspection for the carID generated in Car Creation","534","PostCreateInspection - Boolean instead of string","API_Regression_Suite","2026-03-11","passed","2026-03-11","autochek_api_negative.DetachTyresSpecification.DetachTyresSpecificationNegative","Autochek_API_Automation","autochek_api_negative.DetachTyresSpecification.DetachTyresSpecificationNegative","PostCreateInspection"
"Submit Loan Customer Preferences","806","SubmitLoanPreferencesNegative - tyreBrand SQL injection","API_Regression_Suite","2026-03-11","passed","2026-03-11","autochek_api_negative.OfferSimulation.OfferSimulationNegative","Autochek_API_Automation","autochek_api_negative.OfferSimulation.OfferSimulationNegative","SubmitLoanPreferencesNegative"
"Submit Loan Customer Preferences","3055","SubmitLoanPreferencesNegative - equityContribution negative number","API_Regression_Suite","2026-03-11","passed","2026-03-11","autochek_api_negative.OfferSimulation.OfferSimulationNegative","Autochek_API_Automation","autochek_api_negative.OfferSimulation.OfferSimulationNegative","SubmitLoanPreferencesNegative"
"","2758","PostUserSignUpV2 - Verify signup with country = NG","API_Regression_Suite","2026-03-11","passed","2026-03-11","autochek_api_positive.UserService.UserServiceV2","Autochek_API_Automation","autochek_api_positive.UserService.UserServiceV2","PostUserSignUpV2"
"Validate negative scenarios for template creation based on sheet data","2","UpdateEmailTemplate - user_name contains special characters","API_Regression_Suite","2026-03-11","skipped","2026-03-11","autochek_api_negative.Template.TemplateV1Negative.TemplateV1Negative","Autochek_API_Automation","autochek_api_negative.Template.TemplateV1Negative.TemplateV1Negative","UpdateEmailTemplate"
"Validates negative test cases for Send Template API with various invalid and omitted parameters","0","SendTemplateNegativeTest - user_name extremely long string","API_Regression_Suite","2026-03-11","skipped","2026-03-11","autochek_api_negative.Template.TemplateV1Negative.TemplateV1Negative","Autochek_API_Automation","autochek_api_negative.Template.TemplateV1Negative.TemplateV1Negative","SendTemplateNegativeTest"
"Validates negative test cases for Send Template API with various invalid and omitted parameters","0","SendTemplateNegativeTest - channel empty string","API_Regression_Suite","2026-03-11","skipped","2026-03-11","autochek_api_negative.Template.TemplateV1Negative.TemplateV1Negative","Autochek_API_Automation","autochek_api_negative.Template.TemplateV1Negative.TemplateV1Negative","SendTemplateNegativeTest"
"Validates GET /v2/origination/loans/{loan_id}/logbook/car-details - Negative Test","820","GetLogbookCarDetailsByLoanIdNegative - Send loan_id as whitespace only","API_Regression_Suite","2026-03-11","passed","2026-03-11","autochek_api_negative.OriginationService.ResponsePayloadReductionV2APIsNegative","Autochek_API_Automation","autochek_api_negative.OriginationService.ResponsePayloadReductionV2APIsNegative","GetLogbookCarDetailsByLoanIdNegative"
"Validates GET /v2/origination/sources with dynamic parameters - Negative Test","812","GetBanksListNegative - page_size is zero","API_Regression_Suite","2026-03-11","passed","2026-03-11","autochek_api_negative.OriginationService.ResponsePayloadReductionV2APIsNegative","Autochek_API_Automation","autochek_api_negative.OriginationService.ResponsePayloadReductionV2APIsNegative","GetBanksListNegative"
"Update System Config dynamically for PASSWORD_POLICY or USER_SESSION","0","PatchSystemConfigV2 - MAX_CONCURRENT_SESSIONS empty value","API_Regression_Suite","2026-03-11","skipped","2026-03-11","autochek_api_negative.UserService.UserServiceV2Negative","Autochek_API_Automation","autochek_api_negative.UserService.UserServiceV2Negative","PatchSystemConfigV2"
"","0","PostDisableUserV2Negative - Send XSS payload as userId","API_Regression_Suite","2026-03-11","skipped","2026-03-11","autochek_api_negative.UserService.UserServiceV2Negative","Autochek_API_Automation","autochek_api_negative.UserService.UserServiceV2Negative","PostDisableUserV2Negative"
"","0","PostRefreshV2Negative - XSS payload in cookie","API_Regression_Suite","2026-03-11","skipped","2026-03-11","autochek_api_negative.UserService.UserServiceV2Negative","Autochek_API_Automation","autochek_api_negative.UserService.UserServiceV2Negative","PostRefreshV2Negative"
"Update System Config dynamically for PASSWORD_POLICY or USER_SESSION","0","PatchSystemConfigV2 - MAX_CONCURRENT_SESSIONS boolean value","API_Regression_Suite","2026-03-11","skipped","2026-03-11","autochek_api_negative.UserService.UserServiceV2Negative","Autochek_API_Automation","autochek_api_negative.UserService.UserServiceV2Negative","PatchSystemConfigV2"
"Submit Loan Customer Preferences","573","SubmitLoanPreferencesNegative - upfrontInsurance SQL injection attempt","API_Regression_Suite","2026-03-11","passed","2026-03-11","autochek_api_negative.OfferSimulation.OfferSimulationNegative","Autochek_API_Automation","autochek_api_negative.OfferSimulation.OfferSimulationNegative","SubmitLoanPreferencesNegative"
"Validate negative scenarios for template creation based on sheet data","3","CreateEmailTemplate - user_name contains newline or control character","API_Regression_Suite","2026-03-11","skipped","2026-03-11","autochek_api_negative.Template.TemplateV1Negative.TemplateV1Negative","Autochek_API_Automation","autochek_api_negative.Template.TemplateV1Negative.TemplateV1Negative","CreateEmailTemplate"
"Update System Config dynamically for PASSWORD_POLICY or USER_SESSION","3","PatchSystemConfigV2 - Enforce minimum requirement","API_Regression_Suite","2026-03-11","skipped","2026-03-11","autochek_api_negative.UserService.UserServiceV2Negative","Autochek_API_Automation","autochek_api_negative.UserService.UserServiceV2Negative","PatchSystemConfigV2"
"","0","PostDisableUserV2Negative - Send XSS payload as token","API_Regression_Suite","2026-03-11","skipped","2026-03-11","autochek_api_negative.UserService.UserServiceV2Negative","Autochek_API_Automation","autochek_api_negative.UserService.UserServiceV2Negative","PostDisableUserV2Negative"
"Create Inspection for the carID generated in Car Creation","833","PostCreateInspection - Mixed case string","API_Regression_Suite","2026-03-11","passed","2026-03-11","autochek_api_negative.DetachTyresSpecification.DetachTyresSpecificationNegative","Autochek_API_Automation","autochek_api_negative.DetachTyresSpecification.DetachTyresSpecificationNegative","PostCreateInspection"
"Validates GET /v1/inventory/model with dynamic parameters - Positive Test","653","GetModelList - Validate only id field is returned","API_Regression_Suite","2026-03-11","broken","2026-03-11","autochek_api_positive.InventoryService.DynamicResponsePositive","Autochek_API_Automation","autochek_api_positive.InventoryService.DynamicResponsePositive","GetModelList"
"Update Car and Validate Response","631","PutUpdateCar - state as SQL injection","API_Regression_Suite","2026-03-11","passed","2026-03-11","autochek_api_negative.DetachTyresSpecification.DetachTyresSpecificationNegative","Autochek_API_Automation","autochek_api_negative.DetachTyresSpecification.DetachTyresSpecificationNegative","PutUpdateCar"
"Validates GET /v1/origination/offers/{offer_Id}/loan-document with dynamic parameters - Negative Test","768","GetLoanDocumentsByOfferIdNegative - offer_id with very short string","API_Regression_Suite","2026-03-11","passed","2026-03-11","autochek_api_negative.OriginationService.ResponsePayloadReductionV2APIsNegative","Autochek_API_Automation","autochek_api_negative.OriginationService.ResponsePayloadReductionV2APIsNegative","GetLoanDocumentsByOfferIdNegative"
"","6087","submitLoanPreference - Interest rate type Fixed rate","API_Regression_Suite","2026-03-11","passed","2026-03-11","autochek_api_positive.OfferSimulation.OfferSimulationPositive","Autochek_API_Automation","autochek_api_positive.OfferSimulation.OfferSimulationPositive","submitLoanPreference"
"Update System Config dynamically for PASSWORD_POLICY or USER_SESSION","0","PatchSystemConfigV2 - DISALLOW_WHITESPACES array structure passed","API_Regression_Suite","2026-03-11","skipped","2026-03-11","autochek_api_negative.UserService.UserServiceV2Negative","Autochek_API_Automation","autochek_api_negative.UserService.UserServiceV2Negative","PatchSystemConfigV2"
"","4099","PostEnableUserV2 - Send valid existing and disabled userId","API_Regression_Suite","2026-03-11","failed","2026-03-11","autochek_api_positive.UserService.UserServiceV2","Autochek_API_Automation","autochek_api_positive.UserService.UserServiceV2","PostEnableUserV2"
"Submit Loan Customer Preferences","591","SubmitLoanPreferencesNegative - Interest Rate Type empty string","API_Regression_Suite","2026-03-11","failed","2026-03-11","autochek_api_negative.OfferSimulation.OfferSimulationNegative","Autochek_API_Automation","autochek_api_negative.OfferSimulation.OfferSimulationNegative","SubmitLoanPreferencesNegative"
"Reset PASSWORD_POLICY and USER_SESSION to original stored values","14","resetSystemConfigsToOriginal","API_Regression_Suite","2026-03-11","skipped","2026-03-11","autochek_api_negative.UserService.UserServiceV2Negative","Autochek_API_Automation","autochek_api_negative.UserService.UserServiceV2Negative","resetSystemConfigsToOriginal"
"Validates GET v2/origination/offers/{offer_id}/loan-document with dynamic parameters - Positive Test","0","GetLoanDocumentsByOfferId","API_Regression_Suite","2026-03-11","skipped","2026-03-11","autochek_api_positive.OriginationService.ResponsePayloadReductionV2APIs","Autochek_API_Automation","autochek_api_positive.OriginationService.ResponsePayloadReductionV2APIs","GetLoanDocumentsByOfferId"
"Validate negative scenarios for template creation based on sheet data","2","CreateEmailTemplate - category contains SQL injection payload","API_Regression_Suite","2026-03-11","skipped","2026-03-11","autochek_api_negative.Template.TemplateV1Negative.TemplateV1Negative","Autochek_API_Automation","autochek_api_negative.Template.TemplateV1Negative.TemplateV1Negative","CreateEmailTemplate"
"Update Car and Validate Response","657","PutUpdateCar - state with special characters","API_Regression_Suite","2026-03-11","passed","2026-03-11","autochek_api_negative.DetachTyresSpecification.DetachTyresSpecificationNegative","Autochek_API_Automation","autochek_api_negative.DetachTyresSpecification.DetachTyresSpecificationNegative","PutUpdateCar"
"Update Car and Validate Response","793","PutUpdateCar - engine_number too short (1 char)","API_Regression_Suite","2026-03-11","failed","2026-03-11","autochek_api_negative.DetachTyresSpecification.DetachTyresSpecificationNegative","Autochek_API_Automation","autochek_api_negative.DetachTyresSpecification.DetachTyresSpecificationNegative","PutUpdateCar"
"Update System Config dynamically for PASSWORD_POLICY or USER_SESSION","5","PatchSystemConfigV2 - REQUIRE_LOWERCASE zero value","API_Regression_Suite","2026-03-11","skipped","2026-03-11","autochek_api_negative.UserService.UserServiceV2Negative","Autochek_API_Automation","autochek_api_negative.UserService.UserServiceV2Negative","PatchSystemConfigV2"
"Create Car and Validate Response","2160","CreateCar - Verify car creation with is_draft = true","API_Regression_Suite","2026-03-11","broken","2026-03-11","autochek_api_positive.DetachTyreSpecification.DetachTyreSpecificationPositive","Autochek_API_Automation","autochek_api_positive.DetachTyreSpecification.DetachTyreSpecificationPositive","CreateCar"
"Create Car and Validate Response","2289","CreateCar - Verify car creation with mileage 10000 km","API_Regression_Suite","2026-03-11","broken","2026-03-11","autochek_api_positive.DetachTyreSpecification.DetachTyreSpecificationPositive","Autochek_API_Automation","autochek_api_positive.DetachTyreSpecification.DetachTyreSpecificationPositive","CreateCar"
"Validates GET /v1/inventory/obds with dynamic parameters - Positive Test","618","GetObds - Validate only createdAt field is returned","API_Regression_Suite","2026-03-11","failed","2026-03-11","autochek_api_positive.InventoryService.DynamicResponsePositive","Autochek_API_Automation","autochek_api_positive.InventoryService.DynamicResponsePositive","GetObds"
"Validates negative test cases for Send Template API with various invalid and omitted parameters","0","SendTemplateNegativeTest - name boolean value","API_Regression_Suite","2026-03-11","skipped","2026-03-11","autochek_api_negative.Template.TemplateV1Negative.TemplateV1Negative","Autochek_API_Automation","autochek_api_negative.Template.TemplateV1Negative.TemplateV1Negative","SendTemplateNegativeTest"
"Validates GET /v1/inventory/car with dynamic parameters - Negative Test","1243","GetCarListNegative - Pass excluded field with special char","API_Regression_Suite","2026-03-11","passed","2026-03-11","autochek_api_negative.InventoryService.DynamicResponseNegative","Autochek_API_Automation","autochek_api_negative.InventoryService.DynamicResponseNegative","GetCarListNegative"
"Create Inspection for the carID generated in Car Creation","769","PostCreateInspection - Leading/trailing spaces","API_Regression_Suite","2026-03-11","passed","2026-03-11","autochek_api_negative.DetachTyresSpecification.DetachTyresSpecificationNegative","Autochek_API_Automation","autochek_api_negative.DetachTyresSpecification.DetachTyresSpecificationNegative","PostCreateInspection"
"Submit Loan Customer Preferences","1585","SubmitLoanPreferencesNegative - requestedWarrantyPlan unsupported value","API_Regression_Suite","2026-03-11","passed","2026-03-11","autochek_api_negative.OfferSimulation.OfferSimulationNegative","Autochek_API_Automation","autochek_api_negative.OfferSimulation.OfferSimulationNegative","SubmitLoanPreferencesNegative"
"Create Inspection for the carID generated in Car Creation","636","PostCreateInspection - Numeric only","API_Regression_Suite","2026-03-11","passed","2026-03-11","autochek_api_negative.DetachTyresSpecification.DetachTyresSpecificationNegative","Autochek_API_Automation","autochek_api_negative.DetachTyresSpecification.DetachTyresSpecificationNegative","PostCreateInspection"
"Validates GET /v1/inventory/make with dynamic fields filtering","701","GetMakeNegative - Pass SQL injection-like pattern","API_Regression_Suite","2026-03-11","passed","2026-03-11","autochek_api_negative.InventoryService.DynamicResponseNegative","Autochek_API_Automation","autochek_api_negative.InventoryService.DynamicResponseNegative","GetMakeNegative"
"Update System Config dynamically for PASSWORD_POLICY or USER_SESSION","2","PatchSystemConfigV2 - REQUIRE_NUMBER null value","API_Regression_Suite","2026-03-11","skipped","2026-03-11","autochek_api_negative.UserService.UserServiceV2Negative","Autochek_API_Automation","autochek_api_negative.UserService.UserServiceV2Negative","PatchSystemConfigV2"
"Negative test for Create System Config V2","2","PostSystemConfigV2 - REQUIRE_NUMBER empty value","API_Regression_Suite","2026-03-11","skipped","2026-03-11","autochek_api_negative.UserService.UserServiceV2Negative","Autochek_API_Automation","autochek_api_negative.UserService.UserServiceV2Negative","PostSystemConfigV2"
"Validates GET /v1/inventory/make with dynamic fields filtering","597","GetMakeNegative - Use extremely long random string as field","API_Regression_Suite","2026-03-11","passed","2026-03-11","autochek_api_negative.InventoryService.DynamicResponseNegative","Autochek_API_Automation","autochek_api_negative.InventoryService.DynamicResponseNegative","GetMakeNegative"
"Submit Loan Customer Preferences","907","SubmitLoanPreferencesNegative - Include Roadworthiness Fees invalid value","API_Regression_Suite","2026-03-11","failed","2026-03-11","autochek_api_negative.OfferSimulation.OfferSimulationNegative","Autochek_API_Automation","autochek_api_negative.OfferSimulation.OfferSimulationNegative","SubmitLoanPreferencesNegative"
"Validates GET /v2/origination/loans with dynamic parameters - Negative Test","538","GetLoansListNegative - country is special characters","API_Regression_Suite","2026-03-11","passed","2026-03-11","autochek_api_negative.OriginationService.ResponsePayloadReductionV2APIsNegative","Autochek_API_Automation","autochek_api_negative.OriginationService.ResponsePayloadReductionV2APIsNegative","GetLoansListNegative"
"Negative test for Create System Config V2","2","PostSystemConfigV2 - MIN_LENGTH SQL injection","API_Regression_Suite","2026-03-11","skipped","2026-03-11","autochek_api_negative.UserService.UserServiceV2Negative","Autochek_API_Automation","autochek_api_negative.UserService.UserServiceV2Negative","PostSystemConfigV2"
"Negative test for Create System Config V2","0","PostSystemConfigV2 - REQUIRE_SPECIAL_CHAR array structure passed","API_Regression_Suite","2026-03-11","skipped","2026-03-11","autochek_api_negative.UserService.UserServiceV2Negative","Autochek_API_Automation","autochek_api_negative.UserService.UserServiceV2Negative","PostSystemConfigV2"
"Negative test for Create System Config V2","6","PostSystemConfigV2 - MIN_LENGTH null","API_Regression_Suite","2026-03-11","skipped","2026-03-11","autochek_api_negative.UserService.UserServiceV2Negative","Autochek_API_Automation","autochek_api_negative.UserService.UserServiceV2Negative","PostSystemConfigV2"
"Create Inspection for the carID generated in Car Creation","781","PostCreateInspection - Special characters in completed","API_Regression_Suite","2026-03-11","passed","2026-03-11","autochek_api_negative.DetachTyresSpecification.DetachTyresSpecificationNegative","Autochek_API_Automation","autochek_api_negative.DetachTyresSpecification.DetachTyresSpecificationNegative","PostCreateInspection"
"Create Inspection for the carID generated in Car Creation","767","PostCreateInspection - SQL injection attempt","API_Regression_Suite","2026-03-11","passed","2026-03-11","autochek_api_negative.DetachTyresSpecification.DetachTyresSpecificationNegative","Autochek_API_Automation","autochek_api_negative.DetachTyresSpecification.DetachTyresSpecificationNegative","PostCreateInspection"
"Validate negative scenarios for template creation based on sheet data","3","UpdateEmailTemplate - account_id contains decimal value","API_Regression_Suite","2026-03-11","skipped","2026-03-11","autochek_api_negative.Template.TemplateV1Negative.TemplateV1Negative","Autochek_API_Automation","autochek_api_negative.Template.TemplateV1Negative.TemplateV1Negative","UpdateEmailTemplate"
"Validates GET /v1/inventory/make with dynamic fields filtering","821","GetMakeNegative - Exclude all valid fields with minus sign but invalid key","API_Regression_Suite","2026-03-11","passed","2026-03-11","autochek_api_negative.InventoryService.DynamicResponseNegative","Autochek_API_Automation","autochek_api_negative.InventoryService.DynamicResponseNegative","GetMakeNegative"
"Submit Loan Customer Preferences","674","SubmitLoanPreferencesNegative - requestedWarrantyPlan boolean","API_Regression_Suite","2026-03-11","passed","2026-03-11","autochek_api_negative.OfferSimulation.OfferSimulationNegative","Autochek_API_Automation","autochek_api_negative.OfferSimulation.OfferSimulationNegative","SubmitLoanPreferencesNegative"
"Validates GET /v1/inventory/body_type with dynamic parameters - Negative Test","511","GetBodyTypeNegative - Pass numeric value as field","API_Regression_Suite","2026-03-11","passed","2026-03-11","autochek_api_negative.InventoryService.DynamicResponseNegative","Autochek_API_Automation","autochek_api_negative.InventoryService.DynamicResponseNegative","GetBodyTypeNegative"
"Create Inspection for the carID generated in Car Creation","832","PostCreateInspection - Null country","API_Regression_Suite","2026-03-11","passed","2026-03-11","autochek_api_negative.DetachTyresSpecification.DetachTyresSpecificationNegative","Autochek_API_Automation","autochek_api_negative.DetachTyresSpecification.DetachTyresSpecificationNegative","PostCreateInspection"
"Validates GET /v1/inspection with dynamic parameters - Negative Test","994","GetInspectionNegative - Pass SQL injection-like pattern in fields","API_Regression_Suite","2026-03-11","passed","2026-03-11","autochek_api_negative.InventoryService.DynamicResponseNegative","Autochek_API_Automation","autochek_api_negative.InventoryService.DynamicResponseNegative","GetInspectionNegative"
"Validates negative test cases for Send Template API with various invalid and omitted parameters","10","SendTemplateNegativeTest - channel boolean value","API_Regression_Suite","2026-03-11","skipped","2026-03-11","autochek_api_negative.Template.TemplateV1Negative.TemplateV1Negative","Autochek_API_Automation","autochek_api_negative.Template.TemplateV1Negative.TemplateV1Negative","SendTemplateNegativeTest"
"Validates GET /v2/origination/sources with dynamic parameters - Negative Test","733","GetSourcesListNegative - country is lowercase","API_Regression_Suite","2026-03-11","passed","2026-03-11","autochek_api_negative.OriginationService.ResponsePayloadReductionV2APIsNegative","Autochek_API_Automation","autochek_api_negative.OriginationService.ResponsePayloadReductionV2APIsNegative","GetSourcesListNegative"
"Validates negative test cases for Send Template API with various invalid and omitted parameters","0","SendTemplateNegativeTest - channel as object","API_Regression_Suite","2026-03-11","skipped","2026-03-11","autochek_api_negative.Template.TemplateV1Negative.TemplateV1Negative","Autochek_API_Automation","autochek_api_negative.Template.TemplateV1Negative.TemplateV1Negative","SendTemplateNegativeTest"
"Validates GET /v1/inventory/car with dynamic parameters - Positive Test","715","GetCarList - Validate relations parameter includes model.make object","API_Regression_Suite","2026-03-11","broken","2026-03-11","autochek_api_positive.InventoryService.DynamicResponsePositive","Autochek_API_Automation","autochek_api_positive.InventoryService.DynamicResponsePositive","GetCarList"
"Negative test for Create System Config V2","5","PostSystemConfigV2 - MIN_LENGTH negative","API_Regression_Suite","2026-03-11","skipped","2026-03-11","autochek_api_negative.UserService.UserServiceV2Negative","Autochek_API_Automation","autochek_api_negative.UserService.UserServiceV2Negative","PostSystemConfigV2"
"Delete USER_SESSION and PASSWORD_POLICY using stored IDs","2","deleteSystemConfigs - Delete with double slash in endpoint","API_Regression_Suite","2026-03-11","skipped","2026-03-11","autochek_api_negative.UserService.UserServiceV2Negative","Autochek_API_Automation","autochek_api_negative.UserService.UserServiceV2Negative","deleteSystemConfigs"
"Get Offer Details by LoanID","820","GetOffersByLoanIdNegative - loan_id in base64 encoded format","API_Regression_Suite","2026-03-11","passed","2026-03-11","autochek_api_negative.OriginationService.ResponsePayloadReductionV2APIsNegative","Autochek_API_Automation","autochek_api_negative.OriginationService.ResponsePayloadReductionV2APIsNegative","GetOffersByLoanIdNegative"
"Fetching loan by ID","538","GetLoanByIdNegative - Send loan_id as whitespace only","API_Regression_Suite","2026-03-11","passed","2026-03-11","autochek_api_negative.OriginationService.ResponsePayloadReductionV2APIsNegative","Autochek_API_Automation","autochek_api_negative.OriginationService.ResponsePayloadReductionV2APIsNegative","GetLoanByIdNegative"
"Validates GET /v1/inventory/trims with dynamic parameters - Negative Test","520","GetTrimsNegative - Validate response when passing SQL injection using DROP TABLE","API_Regression_Suite","2026-03-11","passed","2026-03-11","autochek_api_negative.InventoryService.DynamicResponseNegative","Autochek_API_Automation","autochek_api_negative.InventoryService.DynamicResponseNegative","GetTrimsNegative"
"Update System Config dynamically for PASSWORD_POLICY or USER_SESSION","0","PatchSystemConfigV2 - REQUIRE_LOWERCASE decimal value","API_Regression_Suite","2026-03-11","skipped","2026-03-11","autochek_api_negative.UserService.UserServiceV2Negative","Autochek_API_Automation","autochek_api_negative.UserService.UserServiceV2Negative","PatchSystemConfigV2"
"Validate negative scenarios for template creation based on sheet data","4","CreateEmailTemplate - category contains only spaces while others are valid","API_Regression_Suite","2026-03-11","skipped","2026-03-11","autochek_api_negative.Template.TemplateV1Negative.TemplateV1Negative","Autochek_API_Automation","autochek_api_negative.Template.TemplateV1Negative.TemplateV1Negative","CreateEmailTemplate"
"Create Inspection for the carID generated in Car Creation","627","PostCreateInspection - Object instead of string","API_Regression_Suite","2026-03-11","passed","2026-03-11","autochek_api_negative.DetachTyresSpecification.DetachTyresSpecificationNegative","Autochek_API_Automation","autochek_api_negative.DetachTyresSpecification.DetachTyresSpecificationNegative","PostCreateInspection"
"","4","PostLogoutAllAdminNegative - userId as boolean false","API_Regression_Suite","2026-03-11","skipped","2026-03-11","autochek_api_negative.UserService.UserServiceV2Negative","Autochek_API_Automation","autochek_api_negative.UserService.UserServiceV2Negative","PostLogoutAllAdminNegative"
"Submit Loan Customer Preferences","653","SubmitLoanPreferencesNegative - upfrontVehicleRegistration numeric 1","API_Regression_Suite","2026-03-11","passed","2026-03-11","autochek_api_negative.OfferSimulation.OfferSimulationNegative","Autochek_API_Automation","autochek_api_negative.OfferSimulation.OfferSimulationNegative","SubmitLoanPreferencesNegative"
"Validates negative test cases for Send Template API with various invalid and omitted parameters","0","SendTemplateNegativeTest - channel wrong case sensitivity","API_Regression_Suite","2026-03-11","skipped","2026-03-11","autochek_api_negative.Template.TemplateV1Negative.TemplateV1Negative","Autochek_API_Automation","autochek_api_negative.Template.TemplateV1Negative.TemplateV1Negative","SendTemplateNegativeTest"
"Validate negative scenarios for template creation based on sheet data","4","CreateEmailTemplate - user_name is True","API_Regression_Suite","2026-03-11","skipped","2026-03-11","autochek_api_negative.Template.TemplateV1Negative.TemplateV1Negative","Autochek_API_Automation","autochek_api_negative.Template.TemplateV1Negative.TemplateV1Negative","CreateEmailTemplate"
"Validate negative scenarios for template creation based on sheet data","2","UpdateEmailTemplate - category contains numeric value","API_Regression_Suite","2026-03-11","skipped","2026-03-11","autochek_api_negative.Template.TemplateV1Negative.TemplateV1Negative","Autochek_API_Automation","autochek_api_negative.Template.TemplateV1Negative.TemplateV1Negative","UpdateEmailTemplate"
"Create Inspection for the carID generated in Car Creation","721","PostCreateInspection - Mixed alphanumeric with special chars","API_Regression_Suite","2026-03-11","passed","2026-03-11","autochek_api_negative.DetachTyresSpecification.DetachTyresSpecificationNegative","Autochek_API_Automation","autochek_api_negative.DetachTyresSpecification.DetachTyresSpecificationNegative","PostCreateInspection"
"Create Inspection for the carID generated in Car Creation","864","PostCreateInspection - Empty value for completed","API_Regression_Suite","2026-03-11","passed","2026-03-11","autochek_api_negative.DetachTyresSpecification.DetachTyresSpecificationNegative","Autochek_API_Automation","autochek_api_negative.DetachTyresSpecification.DetachTyresSpecificationNegative","PostCreateInspection"
"","4089","PostRefreshV2 - Send valid refresh token in Authorization header","API_Regression_Suite","2026-03-11","failed","2026-03-11","autochek_api_positive.UserService.UserServiceV2","Autochek_API_Automation","autochek_api_positive.UserService.UserServiceV2","PostRefreshV2"
"Validates GET /v2/origination/loans/{loan_id}/logbook/booking-info - Negative Test","709","GetBookingInfoForLogbookLoanNegative - loan_id in base64 encoded format","API_Regression_Suite","2026-03-11","passed","2026-03-11","autochek_api_negative.OriginationService.ResponsePayloadReductionV2APIsNegative","Autochek_API_Automation","autochek_api_negative.OriginationService.ResponsePayloadReductionV2APIsNegative","GetBookingInfoForLogbookLoanNegative"
"Update Car and Validate Response","913","PutUpdateCar - city as script injection","API_Regression_Suite","2026-03-11","passed","2026-03-11","autochek_api_negative.DetachTyresSpecification.DetachTyresSpecificationNegative","Autochek_API_Automation","autochek_api_negative.DetachTyresSpecification.DetachTyresSpecificationNegative","PutUpdateCar"
"Submit Loan Customer Preferences","900","SubmitLoanPreferencesNegative - tyreQuantity special characters","API_Regression_Suite","2026-03-11","passed","2026-03-11","autochek_api_negative.OfferSimulation.OfferSimulationNegative","Autochek_API_Automation","autochek_api_negative.OfferSimulation.OfferSimulationNegative","SubmitLoanPreferencesNegative"
"Validates negative test cases for Send Template API with various invalid and omitted parameters","0","SendTemplateNegativeTest - user_name contains only spaces","API_Regression_Suite","2026-03-11","skipped","2026-03-11","autochek_api_negative.Template.TemplateV1Negative.TemplateV1Negative","Autochek_API_Automation","autochek_api_negative.Template.TemplateV1Negative.TemplateV1Negative","SendTemplateNegativeTest"
"Validates GET /v1/origination/offers/{offer_Id}/loan-document with dynamic parameters - Negative Test","609","GetLoanDocumentsByOfferIdNegative - offer_id with very long string (300 chars)","API_Regression_Suite","2026-03-11","passed","2026-03-11","autochek_api_negative.OriginationService.ResponsePayloadReductionV2APIsNegative","Autochek_API_Automation","autochek_api_negative.OriginationService.ResponsePayloadReductionV2APIsNegative","GetLoanDocumentsByOfferIdNegative"
"Validates GET /v1/inventory/make with dynamic fields filtering","809","GetMakeNegative - Pass numeric value as field","API_Regression_Suite","2026-03-11","passed","2026-03-11","autochek_api_negative.InventoryService.DynamicResponseNegative","Autochek_API_Automation","autochek_api_negative.InventoryService.DynamicResponseNegative","GetMakeNegative"
"Submit Loan Customer Preferences","991","SubmitLoanPreferencesNegative - desiredLoanCurrency invalid code","API_Regression_Suite","2026-03-11","passed","2026-03-11","autochek_api_negative.OfferSimulation.OfferSimulationNegative","Autochek_API_Automation","autochek_api_negative.OfferSimulation.OfferSimulationNegative","SubmitLoanPreferencesNegative"
"","2852","PostUserSignUpV2 - Verify signup with userType = dsa","API_Regression_Suite","2026-03-11","passed","2026-03-11","autochek_api_positive.UserService.UserServiceV2","Autochek_API_Automation","autochek_api_positive.UserService.UserServiceV2","PostUserSignUpV2"
"","0","PostLogoutAllAdminNegative - Send XSS payload as token","API_Regression_Suite","2026-03-11","skipped","2026-03-11","autochek_api_negative.UserService.UserServiceV2Negative","Autochek_API_Automation","autochek_api_negative.UserService.UserServiceV2Negative","PostLogoutAllAdminNegative"
"Validate negative scenarios for template creation based on sheet data","3","UpdateEmailTemplate - user_name contains newline or control character","API_Regression_Suite","2026-03-11","skipped","2026-03-11","autochek_api_negative.Template.TemplateV1Negative.TemplateV1Negative","Autochek_API_Automation","autochek_api_negative.Template.TemplateV1Negative.TemplateV1Negative","UpdateEmailTemplate"
"Create Inspection for the carID generated in Car Creation","821","PostCreateInspection - Script injection attempt in wheel_type","API_Regression_Suite","2026-03-11","passed","2026-03-11","autochek_api_negative.DetachTyresSpecification.DetachTyresSpecificationNegative","Autochek_API_Automation","autochek_api_negative.DetachTyresSpecification.DetachTyresSpecificationNegative","PostCreateInspection"
"Validates GET /v1/inventory/car with dynamic parameters - Negative Test","1082","GetCarListNegative - Pass SQL injection-like pattern in fields","API_Regression_Suite","2026-03-11","passed","2026-03-11","autochek_api_negative.InventoryService.DynamicResponseNegative","Autochek_API_Automation","autochek_api_negative.InventoryService.DynamicResponseNegative","GetCarListNegative"
"Submit Loan Customer Preferences","965","SubmitLoanPreferencesNegative - equityContribution null","API_Regression_Suite","2026-03-11","passed","2026-03-11","autochek_api_negative.OfferSimulation.OfferSimulationNegative","Autochek_API_Automation","autochek_api_negative.OfferSimulation.OfferSimulationNegative","SubmitLoanPreferencesNegative"
"Validates GET /v2/origination/loans with dynamic parameters - Negative Test","515","GetLoansListNegative - page_size is negative","API_Regression_Suite","2026-03-11","passed","2026-03-11","autochek_api_negative.OriginationService.ResponsePayloadReductionV2APIsNegative","Autochek_API_Automation","autochek_api_negative.OriginationService.ResponsePayloadReductionV2APIsNegative","GetLoansListNegative"
"Negative test for Create System Config V2","0","PostSystemConfigV2 - MAX_LENGTH zero","API_Regression_Suite","2026-03-11","skipped","2026-03-11","autochek_api_negative.UserService.UserServiceV2Negative","Autochek_API_Automation","autochek_api_negative.UserService.UserServiceV2Negative","PostSystemConfigV2"
"Validate negative scenarios for template creation based on sheet data","15","CreateEmailTemplate - providerId contains SQL injection payload","API_Regression_Suite","2026-03-11","skipped","2026-03-11","autochek_api_negative.Template.TemplateV1Negative.TemplateV1Negative","Autochek_API_Automation","autochek_api_negative.Template.TemplateV1Negative.TemplateV1Negative","CreateEmailTemplate"
"Accept Simulation Offer","600","AcceptOfferNegative - loan_id with valid format plus special characters","API_Regression_Suite","2026-03-11","passed","2026-03-11","autochek_api_negative.OfferSimulation.OfferSimulationNegative","Autochek_API_Automation","autochek_api_negative.OfferSimulation.OfferSimulationNegative","AcceptOfferNegative"
"Update Car and Validate Response","0","CompleteCar","API_Regression_Suite","2026-03-11","passed","2026-03-11","autochek_api_positive.DetachTyreSpecification.DetachTyreSpecificationPositive","Autochek_API_Automation","autochek_api_positive.DetachTyreSpecification.DetachTyreSpecificationPositive","CompleteCar"
"Submit Loan Customer Preferences","563","SubmitLoanPreferencesNegative - upfrontVehicleRegistration blank","API_Regression_Suite","2026-03-11","passed","2026-03-11","autochek_api_negative.OfferSimulation.OfferSimulationNegative","Autochek_API_Automation","autochek_api_negative.OfferSimulation.OfferSimulationNegative","SubmitLoanPreferencesNegative"
"Update Car and Validate Response","508","PutUpdateCar - owner_type as null","API_Regression_Suite","2026-03-11","passed","2026-03-11","autochek_api_negative.DetachTyresSpecification.DetachTyresSpecificationNegative","Autochek_API_Automation","autochek_api_negative.DetachTyresSpecification.DetachTyresSpecificationNegative","PutUpdateCar"
"Validate negative scenarios for template creation based on sheet data","0","UpdateEmailTemplate - account_id is empty string while others are valid","API_Regression_Suite","2026-03-11","skipped","2026-03-11","autochek_api_negative.Template.TemplateV1Negative.TemplateV1Negative","Autochek_API_Automation","autochek_api_negative.Template.TemplateV1Negative.TemplateV1Negative","UpdateEmailTemplate"
"Validate Template Schema API using sheet driven template names","16","GetTemplateSchemaTest - Passing token as empty","API_Regression_Suite","2026-03-11","skipped","2026-03-11","autochek_api_negative.Template.TemplateV1Negative.TemplateV1Negative","Autochek_API_Automation","autochek_api_negative.Template.TemplateV1Negative.TemplateV1Negative","GetTemplateSchemaTest"
"Update System Config dynamically for PASSWORD_POLICY or USER_SESSION","3","PatchSystemConfigV2 - MAX_LENGTH non-numeric","API_Regression_Suite","2026-03-11","skipped","2026-03-11","autochek_api_negative.UserService.UserServiceV2Negative","Autochek_API_Automation","autochek_api_negative.UserService.UserServiceV2Negative","PatchSystemConfigV2"
"Validate negative scenarios for template creation based on sheet data","0","UpdateEmailTemplate - account_id is null while all other fields are valid","API_Regression_Suite","2026-03-11","skipped","2026-03-11","autochek_api_negative.Template.TemplateV1Negative.TemplateV1Negative","Autochek_API_Automation","autochek_api_negative.Template.TemplateV1Negative.TemplateV1Negative","UpdateEmailTemplate"
"Validates GET /v2/origination/offers with dynamic parameters - Positive Test","819","GetOffersListNegative - country is special characters","API_Regression_Suite","2026-03-11","passed","2026-03-11","autochek_api_negative.OriginationService.ResponsePayloadReductionV2APIsNegative","Autochek_API_Automation","autochek_api_negative.OriginationService.ResponsePayloadReductionV2APIsNegative","GetOffersListNegative"
"Submit Loan Customer Preferences","61128","SubmitLoanPreferencesNegative - upfrontWarranty null","API_Regression_Suite","2026-03-11","passed","2026-03-11","autochek_api_negative.OfferSimulation.OfferSimulationNegative","Autochek_API_Automation","autochek_api_negative.OfferSimulation.OfferSimulationNegative","SubmitLoanPreferencesNegative"
"Validates GET /v2/origination/loans/{loan_id}/accepted-offer - Negative Test","706","GetAcceptedOfferByLoanIdNegative - offer_id with valid format plus special characters","API_Regression_Suite","2026-03-11","passed","2026-03-11","autochek_api_negative.OriginationService.ResponsePayloadReductionV2APIsNegative","Autochek_API_Automation","autochek_api_negative.OriginationService.ResponsePayloadReductionV2APIsNegative","GetAcceptedOfferByLoanIdNegative"
"","3","GetMeV2Negative - Send expired access token","API_Regression_Suite","2026-03-11","skipped","2026-03-11","autochek_api_negative.UserService.UserServiceV2Negative","Autochek_API_Automation","autochek_api_negative.UserService.UserServiceV2Negative","GetMeV2Negative"
"Validates negative test cases for Preview Template API using first created templateId map","2","PreviewTemplateNegativeTest - account_id extremely large number","API_Regression_Suite","2026-03-11","skipped","2026-03-11","autochek_api_negative.Template.TemplateV1Negative.TemplateV1Negative","Autochek_API_Automation","autochek_api_negative.Template.TemplateV1Negative.TemplateV1Negative","PreviewTemplateNegativeTest"
"Validates negative test cases for Preview Template API using first created templateId map","4","PreviewTemplateNegativeTest - channel wrong case sensitivity","API_Regression_Suite","2026-03-11","skipped","2026-03-11","autochek_api_negative.Template.TemplateV1Negative.TemplateV1Negative","Autochek_API_Automation","autochek_api_negative.Template.TemplateV1Negative.TemplateV1Negative","PreviewTemplateNegativeTest"
"","4","PostLogoutAllAdminNegative - userId is omitted","API_Regression_Suite","2026-03-11","skipped","2026-03-11","autochek_api_negative.UserService.UserServiceV2Negative","Autochek_API_Automation","autochek_api_negative.UserService.UserServiceV2Negative","PostLogoutAllAdminNegative"
"Get the list of Tyre brands","560","GetTyreBrandsNegative - Send null or missing country_code","API_Regression_Suite","2026-03-11","passed","2026-03-11","autochek_api_negative.OfferSimulation.OfferSimulationNegative","Autochek_API_Automation","autochek_api_negative.OfferSimulation.OfferSimulationNegative","GetTyreBrandsNegative"
"Validates GET /v2/origination/loans/{loan_id}/logbook/car-details - Negative Test","683","GetLogbookCarDetailsByLoanIdNegative - Send loan_id as empty string","API_Regression_Suite","2026-03-11","failed","2026-03-11","autochek_api_negative.OriginationService.ResponsePayloadReductionV2APIsNegative","Autochek_API_Automation","autochek_api_negative.OriginationService.ResponsePayloadReductionV2APIsNegative","GetLogbookCarDetailsByLoanIdNegative"
"Validates GET /v1/origination/offers/{offer_Id}/loan-document with dynamic parameters - Negative Test","590","GetLoanDocumentsByOfferIdNegative - offer_id with valid format plus special characters","API_Regression_Suite","2026-03-11","passed","2026-03-11","autochek_api_negative.OriginationService.ResponsePayloadReductionV2APIsNegative","Autochek_API_Automation","autochek_api_negative.OriginationService.ResponsePayloadReductionV2APIsNegative","GetLoanDocumentsByOfferIdNegative"
"Negative test for Create System Config V2","0","PostSystemConfigV2 - DISALLOW_WHITESPACES object structure passed","API_Regression_Suite","2026-03-11","skipped","2026-03-11","autochek_api_negative.UserService.UserServiceV2Negative","Autochek_API_Automation","autochek_api_negative.UserService.UserServiceV2Negative","PostSystemConfigV2"
"Submit Loan Customer Preferences","807","SubmitLoanPreferencesNegative - upfrontVehicleTracking special characters","API_Regression_Suite","2026-03-11","passed","2026-03-11","autochek_api_negative.OfferSimulation.OfferSimulationNegative","Autochek_API_Automation","autochek_api_negative.OfferSimulation.OfferSimulationNegative","SubmitLoanPreferencesNegative"
"Update System Config dynamically for PASSWORD_POLICY or USER_SESSION","0","PatchSystemConfigV2 - REQUIRE_SPECIAL_CHAR special characters","API_Regression_Suite","2026-03-11","skipped","2026-03-11","autochek_api_negative.UserService.UserServiceV2Negative","Autochek_API_Automation","autochek_api_negative.UserService.UserServiceV2Negative","PatchSystemConfigV2"
"Validates GET /v1/inspection with dynamic parameters - Negative Test","518","GetInspectionNegative - Validate API fails when passing relation path with invalid nesting format","API_Regression_Suite","2026-03-11","passed","2026-03-11","autochek_api_negative.InventoryService.DynamicResponseNegative","Autochek_API_Automation","autochek_api_negative.InventoryService.DynamicResponseNegative","GetInspectionNegative"
"Validates GET /v1/inventory/body_type with dynamic parameters - Positive Test","547","GetBodyType - Validate only name field is returned","API_Regression_Suite","2026-03-11","passed","2026-03-11","autochek_api_positive.InventoryService.DynamicResponsePositive","Autochek_API_Automation","autochek_api_positive.InventoryService.DynamicResponsePositive","GetBodyType"
"","1833","submitLoanPreference - Valid desiredLoanCurrency USD","API_Regression_Suite","2026-03-11","passed","2026-03-11","autochek_api_positive.OfferSimulation.OfferSimulationPositive","Autochek_API_Automation","autochek_api_positive.OfferSimulation.OfferSimulationPositive","submitLoanPreference"
"Update Car and Validate Response","692","PutUpdateCar - created_by too long (100+ chars)","API_Regression_Suite","2026-03-11","passed","2026-03-11","autochek_api_negative.DetachTyresSpecification.DetachTyresSpecificationNegative","Autochek_API_Automation","autochek_api_negative.DetachTyresSpecification.DetachTyresSpecificationNegative","PutUpdateCar"
"Negative test for Create System Config V2","10","PostSystemConfigV2 - REQUIRE_UPPERCASE string true instead of boolean","API_Regression_Suite","2026-03-11","skipped","2026-03-11","autochek_api_negative.UserService.UserServiceV2Negative","Autochek_API_Automation","autochek_api_negative.UserService.UserServiceV2Negative","PostSystemConfigV2"
"Validate negative scenarios for template creation based on sheet data","2","UpdateEmailTemplate - renderByUs contains whitespace string","API_Regression_Suite","2026-03-11","skipped","2026-03-11","autochek_api_negative.Template.TemplateV1Negative.TemplateV1Negative","Autochek_API_Automation","autochek_api_negative.Template.TemplateV1Negative.TemplateV1Negative","UpdateEmailTemplate"
"","3","PostLookUpV2Negative - Identifier has invalid phone format (missing + sign)","API_Regression_Suite","2026-03-11","skipped","2026-03-11","autochek_api_negative.UserService.UserServiceV2Negative","Autochek_API_Automation","autochek_api_negative.UserService.UserServiceV2Negative","PostLookUpV2Negative"
"Get the list of Tyre brands","589","GetTyreBrandsNegative - Send empty string","API_Regression_Suite","2026-03-11","passed","2026-03-11","autochek_api_negative.OfferSimulation.OfferSimulationNegative","Autochek_API_Automation","autochek_api_negative.OfferSimulation.OfferSimulationNegative","GetTyreBrandsNegative"
"Create Inspection for the carID generated in Car Creation","904","PostCreateInspection - Too long inspection_request_summary_id","API_Regression_Suite","2026-03-11","passed","2026-03-11","autochek_api_negative.DetachTyresSpecification.DetachTyresSpecificationNegative","Autochek_API_Automation","autochek_api_negative.DetachTyresSpecification.DetachTyresSpecificationNegative","PostCreateInspection"
"","0","GetMeV2Negative - Send XSS payload as token","API_Regression_Suite","2026-03-11","skipped","2026-03-11","autochek_api_negative.UserService.UserServiceV2Negative","Autochek_API_Automation","autochek_api_negative.UserService.UserServiceV2Negative","GetMeV2Negative"
"","3","PostLogoutV2Negative - Send expired refresh token in cookie","API_Regression_Suite","2026-03-11","skipped","2026-03-11","autochek_api_negative.UserService.UserServiceV2Negative","Autochek_API_Automation","autochek_api_negative.UserService.UserServiceV2Negative","PostLogoutV2Negative"
"Validate negative scenarios for template creation based on sheet data","12","UpdateEmailTemplate - renderByUs contains numeric value","API_Regression_Suite","2026-03-11","skipped","2026-03-11","autochek_api_negative.Template.TemplateV1Negative.TemplateV1Negative","Autochek_API_Automation","autochek_api_negative.Template.TemplateV1Negative.TemplateV1Negative","UpdateEmailTemplate"
"Submit Loan Customer Preferences","2687","SubmitLoanPreferencesNegative - includeLicenceRenewalFees boolean false","API_Regression_Suite","2026-03-11","passed","2026-03-11","autochek_api_negative.OfferSimulation.OfferSimulationNegative","Autochek_API_Automation","autochek_api_negative.OfferSimulation.OfferSimulationNegative","SubmitLoanPreferencesNegative"
"Submit Loan Customer Preferences","1413","SubmitLoanPreferencesNegative - feePaymentMethod XSS attempt","API_Regression_Suite","2026-03-11","passed","2026-03-11","autochek_api_negative.OfferSimulation.OfferSimulationNegative","Autochek_API_Automation","autochek_api_negative.OfferSimulation.OfferSimulationNegative","SubmitLoanPreferencesNegative"
"Update System Config dynamically for PASSWORD_POLICY or USER_SESSION","0","PatchSystemConfigV2 - REQUIRE_SPECIAL_CHAR object structure passed","API_Regression_Suite","2026-03-11","skipped","2026-03-11","autochek_api_negative.UserService.UserServiceV2Negative","Autochek_API_Automation","autochek_api_negative.UserService.UserServiceV2Negative","PatchSystemConfigV2"
"","1","setUp","API_Regression_Suite","2026-03-11","broken","2026-03-11","autochek_api_positive.OriginationService.ResponsePayloadReductionV2APIs","Autochek_API_Automation","autochek_api_positive.OriginationService.ResponsePayloadReductionV2APIs","setUp"
"Validate negative scenarios for template creation based on sheet data","4","CreateEmailTemplate - user_name contains SQL injection payload","API_Regression_Suite","2026-03-11","skipped","2026-03-11","autochek_api_negative.Template.TemplateV1Negative.TemplateV1Negative","Autochek_API_Automation","autochek_api_negative.Template.TemplateV1Negative.TemplateV1Negative","CreateEmailTemplate"
"Submit Loan Customer Preferences","732","SubmitLoanPreferencesNegative - feePaymentMethod very long string","API_Regression_Suite","2026-03-11","passed","2026-03-11","autochek_api_negative.OfferSimulation.OfferSimulationNegative","Autochek_API_Automation","autochek_api_negative.OfferSimulation.OfferSimulationNegative","SubmitLoanPreferencesNegative"
"","7","PostLogoutV2Negative - Send random alphanumeric string as refreshToken","API_Regression_Suite","2026-03-11","skipped","2026-03-11","autochek_api_negative.UserService.UserServiceV2Negative","Autochek_API_Automation","autochek_api_negative.UserService.UserServiceV2Negative","PostLogoutV2Negative"
"Validates GET /v1/inventory/car with dynamic parameters - Positive Test","2098","GetCarList - Validate only id field is returned","API_Regression_Suite","2026-03-11","passed","2026-03-11","autochek_api_positive.InventoryService.DynamicResponsePositive","Autochek_API_Automation","autochek_api_positive.InventoryService.DynamicResponsePositive","GetCarList"
"Validates GET /v2/origination/loans/{loan_id}/logbook/booking-info - Negative Test","813","GetBookingInfoForLogbookLoanNegative - loan_id with very short string","API_Regression_Suite","2026-03-11","passed","2026-03-11","autochek_api_negative.OriginationService.ResponsePayloadReductionV2APIsNegative","Autochek_API_Automation","autochek_api_negative.OriginationService.ResponsePayloadReductionV2APIsNegative","GetBookingInfoForLogbookLoanNegative"
"Validates GET /v1/inventory/trims with dynamic parameters - Negative Test","519","GetTrimsNegative - Validate response when passing an invalid field name","API_Regression_Suite","2026-03-11","passed","2026-03-11","autochek_api_negative.InventoryService.DynamicResponseNegative","Autochek_API_Automation","autochek_api_negative.InventoryService.DynamicResponseNegative","GetTrimsNegative"
"","2","PostUserSignUpV2Negative - FirstName is an empty string","API_Regression_Suite","2026-03-11","skipped","2026-03-11","autochek_api_negative.UserService.UserServiceV2Negative","Autochek_API_Automation","autochek_api_negative.UserService.UserServiceV2Negative","PostUserSignUpV2Negative"
"Validates GET /v1/inventory/car with dynamic parameters - Negative Test","778","GetCarListNegative - Validate API fails when passing multiple unrelated top-level relations","API_Regression_Suite","2026-03-11","passed","2026-03-11","autochek_api_negative.InventoryService.DynamicResponseNegative","Autochek_API_Automation","autochek_api_negative.InventoryService.DynamicResponseNegative","GetCarListNegative"
"Validates negative test cases for Send Template API with various invalid and omitted parameters","4","SendTemplateNegativeTest - user_name numeric value","API_Regression_Suite","2026-03-11","skipped","2026-03-11","autochek_api_negative.Template.TemplateV1Negative.TemplateV1Negative","Autochek_API_Automation","autochek_api_negative.Template.TemplateV1Negative.TemplateV1Negative","SendTemplateNegativeTest"
"Validates GET /v2/origination/sources with dynamic parameters - Negative Test","749","GetSourcesListNegative - country is special characters","API_Regression_Suite","2026-03-11","passed","2026-03-11","autochek_api_negative.OriginationService.ResponsePayloadReductionV2APIsNegative","Autochek_API_Automation","autochek_api_negative.OriginationService.ResponsePayloadReductionV2APIsNegative","GetSourcesListNegative"
"Update System Config dynamically for PASSWORD_POLICY or USER_SESSION","0","PatchSystemConfigV2 - DISALLOW_WHITESPACES string true instead of boolean","API_Regression_Suite","2026-03-11","skipped","2026-03-11","autochek_api_negative.UserService.UserServiceV2Negative","Autochek_API_Automation","autochek_api_negative.UserService.UserServiceV2Negative","PatchSystemConfigV2"
"Submit Loan Customer Preferences","1464","SubmitLoanPreferencesNegative - vehicleDiscount no %","API_Regression_Suite","2026-03-11","passed","2026-03-11","autochek_api_negative.OfferSimulation.OfferSimulationNegative","Autochek_API_Automation","autochek_api_negative.OfferSimulation.OfferSimulationNegative","SubmitLoanPreferencesNegative"
"Validates GET /v1/inventory/make with dynamic fields filtering","846","GetMakeNegative - Pass duplicate field values","API_Regression_Suite","2026-03-11","passed","2026-03-11","autochek_api_negative.InventoryService.DynamicResponseNegative","Autochek_API_Automation","autochek_api_negative.InventoryService.DynamicResponseNegative","GetMakeNegative"
"Submit Loan Customer Preferences","713","SubmitLoanPreferencesNegative - interestRate negative number","API_Regression_Suite","2026-03-11","passed","2026-03-11","autochek_api_negative.OfferSimulation.OfferSimulationNegative","Autochek_API_Automation","autochek_api_negative.OfferSimulation.OfferSimulationNegative","SubmitLoanPreferencesNegative"
"Fetching loan by ID","727","GetLoanByIdNegative - loan_id with valid format plus special characters","API_Regression_Suite","2026-03-11","passed","2026-03-11","autochek_api_negative.OriginationService.ResponsePayloadReductionV2APIsNegative","Autochek_API_Automation","autochek_api_negative.OriginationService.ResponsePayloadReductionV2APIsNegative","GetLoanByIdNegative"
"Get TyreSpecs Details by Car ID","598","GetTyreSpecs - car_id with SQL injection attempt","API_Regression_Suite","2026-03-11","passed","2026-03-11","autochek_api_negative.DetachTyresSpecification.DetachTyresSpecificationNegative","Autochek_API_Automation","autochek_api_negative.DetachTyresSpecification.DetachTyresSpecificationNegative","GetTyreSpecs"
"Create Inspection for the carID generated in Car Creation","748","PostCreateInspection - Invalid code longer than 2 chars","API_Regression_Suite","2026-03-11","passed","2026-03-11","autochek_api_negative.DetachTyresSpecification.DetachTyresSpecificationNegative","Autochek_API_Automation","autochek_api_negative.DetachTyresSpecification.DetachTyresSpecificationNegative","PostCreateInspection"
"Update Car and Validate Response","638","PutUpdateCar - state too long (150 chars)","API_Regression_Suite","2026-03-11","passed","2026-03-11","autochek_api_negative.DetachTyresSpecification.DetachTyresSpecificationNegative","Autochek_API_Automation","autochek_api_negative.DetachTyresSpecification.DetachTyresSpecificationNegative","PutUpdateCar"
"Update Car and Validate Response","1030","PutUpdateCar - state as empty","API_Regression_Suite","2026-03-11","passed","2026-03-11","autochek_api_negative.DetachTyresSpecification.DetachTyresSpecificationNegative","Autochek_API_Automation","autochek_api_negative.DetachTyresSpecification.DetachTyresSpecificationNegative","PutUpdateCar"
"Create Inspection for the carID generated in Car Creation","948","PostCreateInspection - Whitespaces only","API_Regression_Suite","2026-03-11","passed","2026-03-11","autochek_api_negative.DetachTyresSpecification.DetachTyresSpecificationNegative","Autochek_API_Automation","autochek_api_negative.DetachTyresSpecification.DetachTyresSpecificationNegative","PostCreateInspection"
"Validate negative scenarios for template creation based on sheet data","3","UpdateEmailTemplate - audienceType contains only spaces while others are valid","API_Regression_Suite","2026-03-11","skipped","2026-03-11","autochek_api_negative.Template.TemplateV1Negative.TemplateV1Negative","Autochek_API_Automation","autochek_api_negative.Template.TemplateV1Negative.TemplateV1Negative","UpdateEmailTemplate"
"Get Offer Details by LoanID","729","GetOffersByLoanIdNegative - HTML tag injection","API_Regression_Suite","2026-03-11","passed","2026-03-11","autochek_api_negative.OriginationService.ResponsePayloadReductionV2APIsNegative","Autochek_API_Automation","autochek_api_negative.OriginationService.ResponsePayloadReductionV2APIsNegative","GetOffersByLoanIdNegative"
"Create Inspection for the carID generated in Car Creation","700","PostCreateInspection - Array instead of boolean","API_Regression_Suite","2026-03-11","passed","2026-03-11","autochek_api_negative.DetachTyresSpecification.DetachTyresSpecificationNegative","Autochek_API_Automation","autochek_api_negative.DetachTyresSpecification.DetachTyresSpecificationNegative","PostCreateInspection"
"Get Offer Details by OfferID","711","GetOffersByIdNegative - Send offer_id as whitespace only","API_Regression_Suite","2026-03-11","passed","2026-03-11","autochek_api_negative.OriginationService.ResponsePayloadReductionV2APIsNegative","Autochek_API_Automation","autochek_api_negative.OriginationService.ResponsePayloadReductionV2APIsNegative","GetOffersByIdNegative"
"Validates negative test cases for Send Template API with various invalid and omitted parameters","4","SendTemplateNegativeTest - channel null","API_Regression_Suite","2026-03-11","skipped","2026-03-11","autochek_api_negative.Template.TemplateV1Negative.TemplateV1Negative","Autochek_API_Automation","autochek_api_negative.Template.TemplateV1Negative.TemplateV1Negative","SendTemplateNegativeTest"
"Validates negative test cases for Preview Template API using first created templateId map","2","PreviewTemplateNegativeTest - channel contains only spaces","API_Regression_Suite","2026-03-11","skipped","2026-03-11","autochek_api_negative.Template.TemplateV1Negative.TemplateV1Negative","Autochek_API_Automation","autochek_api_negative.Template.TemplateV1Negative.TemplateV1Negative","PreviewTemplateNegativeTest"
"Validates GET /v1/inventory/model with dynamic parameters - Positive Test","528","GetModelList - Validate multiple fields id,name,imageUrl are returned","API_Regression_Suite","2026-03-11","broken","2026-03-11","autochek_api_positive.InventoryService.DynamicResponsePositive","Autochek_API_Automation","autochek_api_positive.InventoryService.DynamicResponsePositive","GetModelList"
"Validates GET /v2/origination/loans/{loan_id}/logbook/car-details - Negative Test","628","GetLogbookCarDetailsByLoanIdNegative - loan_id in base64 encoded format","API_Regression_Suite","2026-03-11","passed","2026-03-11","autochek_api_negative.OriginationService.ResponsePayloadReductionV2APIsNegative","Autochek_API_Automation","autochek_api_negative.OriginationService.ResponsePayloadReductionV2APIsNegative","GetLogbookCarDetailsByLoanIdNegative"
"","0","PostLogoutAllAdminNegative - Send invalid (tampered) access token","API_Regression_Suite","2026-03-11","skipped","2026-03-11","autochek_api_negative.UserService.UserServiceV2Negative","Autochek_API_Automation","autochek_api_negative.UserService.UserServiceV2Negative","PostLogoutAllAdminNegative"
"Submit Loan Customer Preferences","1367","SubmitLoanPreferencesNegative - tyreQuantity zero","API_Regression_Suite","2026-03-11","passed","2026-03-11","autochek_api_negative.OfferSimulation.OfferSimulationNegative","Autochek_API_Automation","autochek_api_negative.OfferSimulation.OfferSimulationNegative","SubmitLoanPreferencesNegative"
"Validates GET /v2/origination/sources with dynamic parameters - Negative Test","801","GetBanksListNegative - page_size is negative","API_Regression_Suite","2026-03-11","passed","2026-03-11","autochek_api_negative.OriginationService.ResponsePayloadReductionV2APIsNegative","Autochek_API_Automation","autochek_api_negative.OriginationService.ResponsePayloadReductionV2APIsNegative","GetBanksListNegative"
"Submit Loan Customer Preferences","1066","SubmitLoanPreferencesNegative - feePaymentMethod SQL injection attempt","API_Regression_Suite","2026-03-11","passed","2026-03-11","autochek_api_negative.OfferSimulation.OfferSimulationNegative","Autochek_API_Automation","autochek_api_negative.OfferSimulation.OfferSimulationNegative","SubmitLoanPreferencesNegative"
"Submit Loan Customer Preferences","666","SubmitLoanPreferencesNegative - monthlyPayment blank","API_Regression_Suite","2026-03-11","passed","2026-03-11","autochek_api_negative.OfferSimulation.OfferSimulationNegative","Autochek_API_Automation","autochek_api_negative.OfferSimulation.OfferSimulationNegative","SubmitLoanPreferencesNegative"
"","1624","submitLoanPreference - Omit vehicleDiscount","API_Regression_Suite","2026-03-11","passed","2026-03-11","autochek_api_positive.OfferSimulation.OfferSimulationPositive","Autochek_API_Automation","autochek_api_positive.OfferSimulation.OfferSimulationPositive","submitLoanPreference"
"","2013","PostUserSignUpV2 - Verify signup with country = GH","API_Regression_Suite","2026-03-11","passed","2026-03-11","autochek_api_positive.UserService.UserServiceV2","Autochek_API_Automation","autochek_api_positive.UserService.UserServiceV2","PostUserSignUpV2"
"Get Offer Details by LoanID","725","GetOffersByLoanIdNegative - loan_id with valid format plus special characters","API_Regression_Suite","2026-03-11","passed","2026-03-11","autochek_api_negative.OriginationService.ResponsePayloadReductionV2APIsNegative","Autochek_API_Automation","autochek_api_negative.OriginationService.ResponsePayloadReductionV2APIsNegative","GetOffersByLoanIdNegative"
"Validates GET /v1/inventory/inspection_request with dynamic parameters - Negative Test","3801","GetInspectionRequestNegative - Pass whitespace-only value","API_Regression_Suite","2026-03-11","passed","2026-03-11","autochek_api_negative.InventoryService.DynamicResponseNegative","Autochek_API_Automation","autochek_api_negative.InventoryService.DynamicResponseNegative","GetInspectionRequestNegative"
"Submit Loan Customer Preferences","593","SubmitLoanPreferencesNegative - residualPercentage above 100%","API_Regression_Suite","2026-03-11","passed","2026-03-11","autochek_api_negative.OfferSimulation.OfferSimulationNegative","Autochek_API_Automation","autochek_api_negative.OfferSimulation.OfferSimulationNegative","SubmitLoanPreferencesNegative"
"Validates negative test cases for Send Template API with various invalid and omitted parameters","0","SendTemplateNegativeTest - name contains special characters","API_Regression_Suite","2026-03-11","skipped","2026-03-11","autochek_api_negative.Template.TemplateV1Negative.TemplateV1Negative","Autochek_API_Automation","autochek_api_negative.Template.TemplateV1Negative.TemplateV1Negative","SendTemplateNegativeTest"
"Validate negative scenarios for template creation based on sheet data","0","UpdateEmailTemplate - account_id contains special characters","API_Regression_Suite","2026-03-11","skipped","2026-03-11","autochek_api_negative.Template.TemplateV1Negative.TemplateV1Negative","Autochek_API_Automation","autochek_api_negative.Template.TemplateV1Negative.TemplateV1Negative","UpdateEmailTemplate"
"Negative test for Create System Config V2","3","PostSystemConfigV2 - REQUIRE_NUMBER zero value","API_Regression_Suite","2026-03-11","skipped","2026-03-11","autochek_api_negative.UserService.UserServiceV2Negative","Autochek_API_Automation","autochek_api_negative.UserService.UserServiceV2Negative","PostSystemConfigV2"
"Create Inspection for the carID generated in Car Creation","1042","PostCreateInspection - Car_id with spaces","API_Regression_Suite","2026-03-11","passed","2026-03-11","autochek_api_negative.DetachTyresSpecification.DetachTyresSpecificationNegative","Autochek_API_Automation","autochek_api_negative.DetachTyresSpecification.DetachTyresSpecificationNegative","PostCreateInspection"
"Submit Loan Customer Preferences","828","SubmitLoanPreferencesNegative - includeLicenceRenewalFees unsupported option y","API_Regression_Suite","2026-03-11","passed","2026-03-11","autochek_api_negative.OfferSimulation.OfferSimulationNegative","Autochek_API_Automation","autochek_api_negative.OfferSimulation.OfferSimulationNegative","SubmitLoanPreferencesNegative"
"Update Car and Validate Response","868","PutUpdateCar - created_by SQL injection attempt","API_Regression_Suite","2026-03-11","passed","2026-03-11","autochek_api_negative.DetachTyresSpecification.DetachTyresSpecificationNegative","Autochek_API_Automation","autochek_api_negative.DetachTyresSpecification.DetachTyresSpecificationNegative","PutUpdateCar"
"Negative test for Create System Config V2","3","PostSystemConfigV2 - MIN_LENGTH zero","API_Regression_Suite","2026-03-11","skipped","2026-03-11","autochek_api_negative.UserService.UserServiceV2Negative","Autochek_API_Automation","autochek_api_negative.UserService.UserServiceV2Negative","PostSystemConfigV2"
"Validates GET /v1/inventory/make with dynamic fields filtering","825","GetMakeNegative - Pass boolean instead of string","API_Regression_Suite","2026-03-11","passed","2026-03-11","autochek_api_negative.InventoryService.DynamicResponseNegative","Autochek_API_Automation","autochek_api_negative.InventoryService.DynamicResponseNegative","GetMakeNegative"
"Validates GET /v1/inventory/trims with dynamic parameters - Negative Test","688","GetTrimsNegative - Validate response when passing space separated field names","API_Regression_Suite","2026-03-11","passed","2026-03-11","autochek_api_negative.InventoryService.DynamicResponseNegative","Autochek_API_Automation","autochek_api_negative.InventoryService.DynamicResponseNegative","GetTrimsNegative"
"","1391","submitLoanPreference - Fee payment method Upfront","API_Regression_Suite","2026-03-11","passed","2026-03-11","autochek_api_positive.OfferSimulation.OfferSimulationPositive","Autochek_API_Automation","autochek_api_positive.OfferSimulation.OfferSimulationPositive","submitLoanPreference"
"Validates GET /v1/inventory/model with dynamic parameters - Negative Test","821","GetModelListNegative - Pass non-existent nested field","API_Regression_Suite","2026-03-11","passed","2026-03-11","autochek_api_negative.InventoryService.DynamicResponseNegative","Autochek_API_Automation","autochek_api_negative.InventoryService.DynamicResponseNegative","GetModelListNegative"
"","4","PostLogoutAllAdminNegative - userId as random alphanumeric","API_Regression_Suite","2026-03-11","skipped","2026-03-11","autochek_api_negative.UserService.UserServiceV2Negative","Autochek_API_Automation","autochek_api_negative.UserService.UserServiceV2Negative","PostLogoutAllAdminNegative"
"Create Inspection for the carID generated in Car Creation","825","PostCreateInspection - Null id","API_Regression_Suite","2026-03-11","passed","2026-03-11","autochek_api_negative.DetachTyresSpecification.DetachTyresSpecificationNegative","Autochek_API_Automation","autochek_api_negative.DetachTyresSpecification.DetachTyresSpecificationNegative","PostCreateInspection"
"Validates negative test cases for Preview Template API using first created templateId map","3","PreviewTemplateNegativeTest - account_id contains SQL injection string","API_Regression_Suite","2026-03-11","skipped","2026-03-11","autochek_api_negative.Template.TemplateV1Negative.TemplateV1Negative","Autochek_API_Automation","autochek_api_negative.Template.TemplateV1Negative.TemplateV1Negative","PreviewTemplateNegativeTest"
"Validates GET /v1/inventory/car with dynamic parameters - Positive Test","714","GetCarList - Validate response contains only top-level fields (id,year) without relations","API_Regression_Suite","2026-03-11","broken","2026-03-11","autochek_api_positive.InventoryService.DynamicResponsePositive","Autochek_API_Automation","autochek_api_positive.InventoryService.DynamicResponsePositive","GetCarList"
"Validates GET /v2/origination/sources with dynamic parameters - Negative Test","806","GetBanksListNegative - country is one character","API_Regression_Suite","2026-03-11","passed","2026-03-11","autochek_api_negative.OriginationService.ResponsePayloadReductionV2APIsNegative","Autochek_API_Automation","autochek_api_negative.OriginationService.ResponsePayloadReductionV2APIsNegative","GetBanksListNegative"
"Validates GET /v1/inventory/inspection_request with dynamic parameters - Negative Test","611","GetInspectionRequestNegative - Pass an invalid field name not present in the response schema","API_Regression_Suite","2026-03-11","passed","2026-03-11","autochek_api_negative.InventoryService.DynamicResponseNegative","Autochek_API_Automation","autochek_api_negative.InventoryService.DynamicResponseNegative","GetInspectionRequestNegative"
"","1566","submitLoanPreference - Tyre Quantity 4","API_Regression_Suite","2026-03-11","passed","2026-03-11","autochek_api_positive.OfferSimulation.OfferSimulationPositive","Autochek_API_Automation","autochek_api_positive.OfferSimulation.OfferSimulationPositive","submitLoanPreference"
"Get TyreSpecs Details by Car ID","553","GetTyreSpecs - car_id as null","API_Regression_Suite","2026-03-11","passed","2026-03-11","autochek_api_negative.DetachTyresSpecification.DetachTyresSpecificationNegative","Autochek_API_Automation","autochek_api_negative.DetachTyresSpecification.DetachTyresSpecificationNegative","GetTyreSpecs"
"Validates negative test cases for Preview Template API using first created templateId map","6","PreviewTemplateNegativeTest - user_name passed as boolean","API_Regression_Suite","2026-03-11","skipped","2026-03-11","autochek_api_negative.Template.TemplateV1Negative.TemplateV1Negative","Autochek_API_Automation","autochek_api_negative.Template.TemplateV1Negative.TemplateV1Negative","PreviewTemplateNegativeTest"
"","1427","submitLoanPreference - Omit upfrontWarranty","API_Regression_Suite","2026-03-11","passed","2026-03-11","autochek_api_positive.OfferSimulation.OfferSimulationPositive","Autochek_API_Automation","autochek_api_positive.OfferSimulation.OfferSimulationPositive","submitLoanPreference"
"Validate negative scenarios for template creation based on sheet data","8","CreateEmailTemplate - account_id contains SQL injection payload","API_Regression_Suite","2026-03-11","skipped","2026-03-11","autochek_api_negative.Template.TemplateV1Negative.TemplateV1Negative","Autochek_API_Automation","autochek_api_negative.Template.TemplateV1Negative.TemplateV1Negative","CreateEmailTemplate"
"Negative test for Create System Config V2","6","PostSystemConfigV2 - Enforce minimum requirement","API_Regression_Suite","2026-03-11","skipped","2026-03-11","autochek_api_negative.UserService.UserServiceV2Negative","Autochek_API_Automation","autochek_api_negative.UserService.UserServiceV2Negative","PostSystemConfigV2"
"Validates GET /v1/inventory/make with dynamic fields filtering - Positive Test","681","GetMake - Verify response returns only id field","API_Regression_Suite","2026-03-11","failed","2026-03-11","autochek_api_positive.InventoryService.DynamicResponsePositive","Autochek_API_Automation","autochek_api_positive.InventoryService.DynamicResponsePositive","GetMake"
"Update System Config dynamically for PASSWORD_POLICY or USER_SESSION","3","PatchSystemConfigV2 - REQUIRE_UPPERCASE null value","API_Regression_Suite","2026-03-11","skipped","2026-03-11","autochek_api_negative.UserService.UserServiceV2Negative","Autochek_API_Automation","autochek_api_negative.UserService.UserServiceV2Negative","PatchSystemConfigV2"
"Update System Config dynamically for PASSWORD_POLICY or USER_SESSION","3","PatchSystemConfigV2 - MAX_LENGTH empty","API_Regression_Suite","2026-03-11","skipped","2026-03-11","autochek_api_negative.UserService.UserServiceV2Negative","Autochek_API_Automation","autochek_api_negative.UserService.UserServiceV2Negative","PatchSystemConfigV2"
"Get Offer Details by LoanID","813","GetOffersByLoanIdNegative - loan_id with very short string","API_Regression_Suite","2026-03-11","passed","2026-03-11","autochek_api_negative.OriginationService.ResponsePayloadReductionV2APIsNegative","Autochek_API_Automation","autochek_api_negative.OriginationService.ResponsePayloadReductionV2APIsNegative","GetOffersByLoanIdNegative"
"Create Inspection for the carID generated in Car Creation","603","PostCreateInspection - String instead of boolean","API_Regression_Suite","2026-03-11","passed","2026-03-11","autochek_api_negative.DetachTyresSpecification.DetachTyresSpecificationNegative","Autochek_API_Automation","autochek_api_negative.DetachTyresSpecification.DetachTyresSpecificationNegative","PostCreateInspection"
"Update Car and Validate Response","814","PutUpdateCar - is_upgraded as null","API_Regression_Suite","2026-03-11","passed","2026-03-11","autochek_api_negative.DetachTyresSpecification.DetachTyresSpecificationNegative","Autochek_API_Automation","autochek_api_negative.DetachTyresSpecification.DetachTyresSpecificationNegative","PutUpdateCar"
"Validates GET /v2/origination/partners with dynamic parameters - Positive Test","7","GetPartnersList - country is UG","API_Regression_Suite","2026-03-11","skipped","2026-03-11","autochek_api_positive.OriginationService.ResponsePayloadReductionV2APIs","Autochek_API_Automation","autochek_api_positive.OriginationService.ResponsePayloadReductionV2APIs","GetPartnersList"
"Validate negative scenarios for template creation based on sheet data","0","CreateEmailTemplate - renderByUs is empty string instead of boolean","API_Regression_Suite","2026-03-11","skipped","2026-03-11","autochek_api_negative.Template.TemplateV1Negative.TemplateV1Negative","Autochek_API_Automation","autochek_api_negative.Template.TemplateV1Negative.TemplateV1Negative","CreateEmailTemplate"
"Validates GET /v1/inventory/body_type with dynamic parameters - Negative Test","532","GetBodyTypeNegative - Pass duplicate field values","API_Regression_Suite","2026-03-11","passed","2026-03-11","autochek_api_negative.InventoryService.DynamicResponseNegative","Autochek_API_Automation","autochek_api_negative.InventoryService.DynamicResponseNegative","GetBodyTypeNegative"
"Validate negative scenarios for template creation based on sheet data","0","UpdateEmailTemplate - account_id contains SQL injection payload","API_Regression_Suite","2026-03-11","skipped","2026-03-11","autochek_api_negative.Template.TemplateV1Negative.TemplateV1Negative","Autochek_API_Automation","autochek_api_negative.Template.TemplateV1Negative.TemplateV1Negative","UpdateEmailTemplate"
"Accept Simulation Offer","534","AcceptOfferNegative - loan_id with very short string","API_Regression_Suite","2026-03-11","passed","2026-03-11","autochek_api_negative.OfferSimulation.OfferSimulationNegative","Autochek_API_Automation","autochek_api_negative.OfferSimulation.OfferSimulationNegative","AcceptOfferNegative"
"Validates GET /v1/inventory/model with dynamic parameters - Positive Test","911","GetModelList - Validate make(id,name,imageUrl) is returned","API_Regression_Suite","2026-03-11","passed","2026-03-11","autochek_api_positive.InventoryService.DynamicResponsePositive","Autochek_API_Automation","autochek_api_positive.InventoryService.DynamicResponsePositive","GetModelList"
"Validate negative scenarios for template creation based on sheet data","0","UpdateEmailTemplate - renderByUs is empty string instead of boolean","API_Regression_Suite","2026-03-11","skipped","2026-03-11","autochek_api_negative.Template.TemplateV1Negative.TemplateV1Negative","Autochek_API_Automation","autochek_api_negative.Template.TemplateV1Negative.TemplateV1Negative","UpdateEmailTemplate"
"Submit Loan Customer Preferences","4288","SubmitLoanPreferencesNegative - tyreBrand boolean instead of string","API_Regression_Suite","2026-03-11","passed","2026-03-11","autochek_api_negative.OfferSimulation.OfferSimulationNegative","Autochek_API_Automation","autochek_api_negative.OfferSimulation.OfferSimulationNegative","SubmitLoanPreferencesNegative"
"Accept Simulation Offer","531","AcceptOfferNegative - loan_id in base64 encoded format","API_Regression_Suite","2026-03-11","passed","2026-03-11","autochek_api_negative.OfferSimulation.OfferSimulationNegative","Autochek_API_Automation","autochek_api_negative.OfferSimulation.OfferSimulationNegative","AcceptOfferNegative"
"Submit Loan Customer Preferences","708","SubmitLoanPreferencesNegative - interestRateType uppercase only","API_Regression_Suite","2026-03-11","passed","2026-03-11","autochek_api_negative.OfferSimulation.OfferSimulationNegative","Autochek_API_Automation","autochek_api_negative.OfferSimulation.OfferSimulationNegative","SubmitLoanPreferencesNegative"
"Validates GET /v2/origination/loans/{loan_id}/logbook/booking-info - Negative Test","577","GetBookingInfoForLogbookLoanNegative - Script injection (XSS attempt)","API_Regression_Suite","2026-03-11","passed","2026-03-11","autochek_api_negative.OriginationService.ResponsePayloadReductionV2APIsNegative","Autochek_API_Automation","autochek_api_negative.OriginationService.ResponsePayloadReductionV2APIsNegative","GetBookingInfoForLogbookLoanNegative"
"","3","PostLogoutAllAdminNegative - userId with special characters","API_Regression_Suite","2026-03-11","skipped","2026-03-11","autochek_api_negative.UserService.UserServiceV2Negative","Autochek_API_Automation","autochek_api_negative.UserService.UserServiceV2Negative","PostLogoutAllAdminNegative"
"Create Inspection for the carID generated in Car Creation","1088","PostCreateInspection - Numeric instead of country code","API_Regression_Suite","2026-03-11","passed","2026-03-11","autochek_api_negative.DetachTyresSpecification.DetachTyresSpecificationNegative","Autochek_API_Automation","autochek_api_negative.DetachTyresSpecification.DetachTyresSpecificationNegative","PostCreateInspection"
"Update Car and Validate Response","1174","PutUpdateCar - license_plate as script injection","API_Regression_Suite","2026-03-11","passed","2026-03-11","autochek_api_negative.DetachTyresSpecification.DetachTyresSpecificationNegative","Autochek_API_Automation","autochek_api_negative.DetachTyresSpecification.DetachTyresSpecificationNegative","PutUpdateCar"
"Validate Template Schema API using sheet driven template names","0","GetTemplateSchemaTest - Template name is null","API_Regression_Suite","2026-03-11","skipped","2026-03-11","autochek_api_negative.Template.TemplateV1Negative.TemplateV1Negative","Autochek_API_Automation","autochek_api_negative.Template.TemplateV1Negative.TemplateV1Negative","GetTemplateSchemaTest"
"Update Car and Validate Response","586","PutUpdateCar - is_upgraded as whitespace only","API_Regression_Suite","2026-03-11","passed","2026-03-11","autochek_api_negative.DetachTyresSpecification.DetachTyresSpecificationNegative","Autochek_API_Automation","autochek_api_negative.DetachTyresSpecification.DetachTyresSpecificationNegative","PutUpdateCar"
"","15","GetTyreSpecsAfterUpdateCar","API_Regression_Suite","2026-03-11","broken","2026-03-11","autochek_api_positive.DetachTyreSpecification.DetachTyreSpecificationPositive","Autochek_API_Automation","autochek_api_positive.DetachTyreSpecification.DetachTyreSpecificationPositive","GetTyreSpecsAfterUpdateCar"
"Validates GET /v1/inventory/obds with dynamic parameters - Negative Test","669","GetObdsNegative - Pass invalid date-like string in createdAt field","API_Regression_Suite","2026-03-11","passed","2026-03-11","autochek_api_negative.InventoryService.DynamicResponseNegative","Autochek_API_Automation","autochek_api_negative.InventoryService.DynamicResponseNegative","GetObdsNegative"
"Create Inspection for the carID generated in Car Creation","743","PostCreateInspection - Invalid string not matching enum","API_Regression_Suite","2026-03-11","passed","2026-03-11","autochek_api_negative.DetachTyresSpecification.DetachTyresSpecificationNegative","Autochek_API_Automation","autochek_api_negative.DetachTyresSpecification.DetachTyresSpecificationNegative","PostCreateInspection"
"Submit Loan Customer Preferences","572","SubmitLoanPreferencesNegative - upfrontVehicleTracking blank","API_Regression_Suite","2026-03-11","passed","2026-03-11","autochek_api_negative.OfferSimulation.OfferSimulationNegative","Autochek_API_Automation","autochek_api_negative.OfferSimulation.OfferSimulationNegative","SubmitLoanPreferencesNegative"
"Validates GET /v1/inventory/model with dynamic parameters - Negative Test","598","GetModelListNegative - Pass nested field with typo","API_Regression_Suite","2026-03-11","passed","2026-03-11","autochek_api_negative.InventoryService.DynamicResponseNegative","Autochek_API_Automation","autochek_api_negative.InventoryService.DynamicResponseNegative","GetModelListNegative"
"Create Inspection for the carID generated in Car Creation","894","PostCreateInspection - Empty inspection_request_id","API_Regression_Suite","2026-03-11","passed","2026-03-11","autochek_api_negative.DetachTyresSpecification.DetachTyresSpecificationNegative","Autochek_API_Automation","autochek_api_negative.DetachTyresSpecification.DetachTyresSpecificationNegative","PostCreateInspection"
"Update Car and Validate Response","698","PutUpdateCar - is_upgraded as long string","API_Regression_Suite","2026-03-11","passed","2026-03-11","autochek_api_negative.DetachTyresSpecification.DetachTyresSpecificationNegative","Autochek_API_Automation","autochek_api_negative.DetachTyresSpecification.DetachTyresSpecificationNegative","PutUpdateCar"
"Update Car and Validate Response","859","PutUpdateCar - license_plate with whitespace only","API_Regression_Suite","2026-03-11","passed","2026-03-11","autochek_api_negative.DetachTyresSpecification.DetachTyresSpecificationNegative","Autochek_API_Automation","autochek_api_negative.DetachTyresSpecification.DetachTyresSpecificationNegative","PutUpdateCar"
"Validates GET /v1/inventory/car with dynamic parameters - Negative Test","576","GetCarListNegative - Validate API fails when mixing valid and invalid relation paths","API_Regression_Suite","2026-03-11","passed","2026-03-11","autochek_api_negative.InventoryService.DynamicResponseNegative","Autochek_API_Automation","autochek_api_negative.InventoryService.DynamicResponseNegative","GetCarListNegative"
"Submit Loan Customer Preferences","5049","SubmitLoanPreferencesNegative - tyreBrand blank","API_Regression_Suite","2026-03-11","passed","2026-03-11","autochek_api_negative.OfferSimulation.OfferSimulationNegative","Autochek_API_Automation","autochek_api_negative.OfferSimulation.OfferSimulationNegative","SubmitLoanPreferencesNegative"
"Validate negative scenarios for template creation based on sheet data","4","CreateEmailTemplate - Name is null while all other fields are valid","API_Regression_Suite","2026-03-11","skipped","2026-03-11","autochek_api_negative.Template.TemplateV1Negative.TemplateV1Negative","Autochek_API_Automation","autochek_api_negative.Template.TemplateV1Negative.TemplateV1Negative","CreateEmailTemplate"
"Validates GET /v2/origination/loans/{loan_id}/logbook/car-details - Negative Test","795","GetLogbookCarDetailsByLoanIdNegative - loan_id with only special characters","API_Regression_Suite","2026-03-11","passed","2026-03-11","autochek_api_negative.OriginationService.ResponsePayloadReductionV2APIsNegative","Autochek_API_Automation","autochek_api_negative.OriginationService.ResponsePayloadReductionV2APIsNegative","GetLogbookCarDetailsByLoanIdNegative"
"Submit Loan Customer Preferences","1473","SubmitLoanPreferencesNegative - tyreQuantity string","API_Regression_Suite","2026-03-11","passed","2026-03-11","autochek_api_negative.OfferSimulation.OfferSimulationNegative","Autochek_API_Automation","autochek_api_negative.OfferSimulation.OfferSimulationNegative","SubmitLoanPreferencesNegative"
"Get Offer Details by OfferID","1010","GetOffersByIdNegative - Send offer_id as numeric only","API_Regression_Suite","2026-03-11","passed","2026-03-11","autochek_api_negative.OriginationService.ResponsePayloadReductionV2APIsNegative","Autochek_API_Automation","autochek_api_negative.OriginationService.ResponsePayloadReductionV2APIsNegative","GetOffersByIdNegative"
"","1778","PostLogoutV2 - Logout current session only.Other active sessions remain valid and functional.","API_Regression_Suite","2026-03-11","passed","2026-03-11","autochek_api_positive.UserService.UserServiceV2","Autochek_API_Automation","autochek_api_positive.UserService.UserServiceV2","PostLogoutV2"
"Create Inspection for the carID generated in Car Creation","788","PostCreateInspection - Decimal number for id","API_Regression_Suite","2026-03-11","passed","2026-03-11","autochek_api_negative.DetachTyresSpecification.DetachTyresSpecificationNegative","Autochek_API_Automation","autochek_api_negative.DetachTyresSpecification.DetachTyresSpecificationNegative","PostCreateInspection"
"Validates GET /v1/inventory/model with dynamic parameters - Negative Test","730","GetModelListNegative - Pass nested field incorrectly format","API_Regression_Suite","2026-03-11","passed","2026-03-11","autochek_api_negative.InventoryService.DynamicResponseNegative","Autochek_API_Automation","autochek_api_negative.InventoryService.DynamicResponseNegative","GetModelListNegative"
"Update Car and Validate Response","1392","PutUpdateCar - license_plate too long (20+ chars)","API_Regression_Suite","2026-03-11","passed","2026-03-11","autochek_api_negative.DetachTyresSpecification.DetachTyresSpecificationNegative","Autochek_API_Automation","autochek_api_negative.DetachTyresSpecification.DetachTyresSpecificationNegative","PutUpdateCar"
"Validates GET /v2/origination/loans/{loan_id}/accepted-offer - Negative Test","717","GetAcceptedOfferByLoanIdNegative - Send offer_id as numeric only","API_Regression_Suite","2026-03-11","passed","2026-03-11","autochek_api_negative.OriginationService.ResponsePayloadReductionV2APIsNegative","Autochek_API_Automation","autochek_api_negative.OriginationService.ResponsePayloadReductionV2APIsNegative","GetAcceptedOfferByLoanIdNegative"
"Submit Loan Customer Preferences","574","SubmitLoanPreferencesNegative - includeLicenceRenewalFees blank","API_Regression_Suite","2026-03-11","passed","2026-03-11","autochek_api_negative.OfferSimulation.OfferSimulationNegative","Autochek_API_Automation","autochek_api_negative.OfferSimulation.OfferSimulationNegative","SubmitLoanPreferencesNegative"
"Validates GET /v2/origination/loans with dynamic parameters - Negative Test","539","GetLoansListNegative - country is array","API_Regression_Suite","2026-03-11","passed","2026-03-11","autochek_api_negative.OriginationService.ResponsePayloadReductionV2APIsNegative","Autochek_API_Automation","autochek_api_negative.OriginationService.ResponsePayloadReductionV2APIsNegative","GetLoansListNegative"
"","2519","LogoutAndTestOtherSessionsRemainLoggedIn - {}","API_Regression_Suite","2026-03-11","passed","2026-03-11","autochek_api_positive.UserService.UserServiceV2","Autochek_API_Automation","autochek_api_positive.UserService.UserServiceV2","LogoutAndTestOtherSessionsRemainLoggedIn"
"Update Car and Validate Response","631","PutUpdateCar - is_upgraded as script injection","API_Regression_Suite","2026-03-11","passed","2026-03-11","autochek_api_negative.DetachTyresSpecification.DetachTyresSpecificationNegative","Autochek_API_Automation","autochek_api_negative.DetachTyresSpecification.DetachTyresSpecificationNegative","PutUpdateCar"
"Validates GET /v1/inventory/make with dynamic fields filtering","745","GetMakeNegative - Pass array instead of comma-separated string","API_Regression_Suite","2026-03-11","passed","2026-03-11","autochek_api_negative.InventoryService.DynamicResponseNegative","Autochek_API_Automation","autochek_api_negative.InventoryService.DynamicResponseNegative","GetMakeNegative"
"","2","PostEnableUserV2Negative - Send XSS payload as userId","API_Regression_Suite","2026-03-11","skipped","2026-03-11","autochek_api_negative.UserService.UserServiceV2Negative","Autochek_API_Automation","autochek_api_negative.UserService.UserServiceV2Negative","PostEnableUserV2Negative"
"Negative test for Create System Config V2","3","PostSystemConfigV2 - MIN_LENGTH special chars","API_Regression_Suite","2026-03-11","skipped","2026-03-11","autochek_api_negative.UserService.UserServiceV2Negative","Autochek_API_Automation","autochek_api_negative.UserService.UserServiceV2Negative","PostSystemConfigV2"
"Submit Loan Customer Preferences","61048","SubmitLoanPreferencesNegative - term null","API_Regression_Suite","2026-03-11","passed","2026-03-11","autochek_api_negative.OfferSimulation.OfferSimulationNegative","Autochek_API_Automation","autochek_api_negative.OfferSimulation.OfferSimulationNegative","SubmitLoanPreferencesNegative"
"Validates GET /v2/origination/partners with dynamic parameters - Positive Test","621","GetPartnersListNegative - page_size is object","API_Regression_Suite","2026-03-11","passed","2026-03-11","autochek_api_negative.OriginationService.ResponsePayloadReductionV2APIsNegative","Autochek_API_Automation","autochek_api_negative.OriginationService.ResponsePayloadReductionV2APIsNegative","GetPartnersListNegative"
"Create Inspection for the carID generated in Car Creation","975","PostCreateInspection - Script injection","API_Regression_Suite","2026-03-11","passed","2026-03-11","autochek_api_negative.DetachTyresSpecification.DetachTyresSpecificationNegative","Autochek_API_Automation","autochek_api_negative.DetachTyresSpecification.DetachTyresSpecificationNegative","PostCreateInspection"
"Negative test for Create System Config V2","0","PostSystemConfigV2 - REQUIRE_NUMBER array structure passed","API_Regression_Suite","2026-03-11","skipped","2026-03-11","autochek_api_negative.UserService.UserServiceV2Negative","Autochek_API_Automation","autochek_api_negative.UserService.UserServiceV2Negative","PostSystemConfigV2"
"Validate Template Schema API using sheet driven template names","0","GetTemplateSchemaTest - Template name has leading space","API_Regression_Suite","2026-03-11","skipped","2026-03-11","autochek_api_negative.Template.TemplateV1Negative.TemplateV1Negative","Autochek_API_Automation","autochek_api_negative.Template.TemplateV1Negative.TemplateV1Negative","GetTemplateSchemaTest"
"Submit Loan Customer Preferences","755","SubmitLoanPreferencesNegative - upfrontCreditLifeInsurance SQL injection attempt","API_Regression_Suite","2026-03-11","passed","2026-03-11","autochek_api_negative.OfferSimulation.OfferSimulationNegative","Autochek_API_Automation","autochek_api_negative.OfferSimulation.OfferSimulationNegative","SubmitLoanPreferencesNegative"
"Validates GET /v2/origination/loans with dynamic parameters - Negative Test","654","GetLoansListNegative - page_size is array","API_Regression_Suite","2026-03-11","passed","2026-03-11","autochek_api_negative.OriginationService.ResponsePayloadReductionV2APIsNegative","Autochek_API_Automation","autochek_api_negative.OriginationService.ResponsePayloadReductionV2APIsNegative","GetLoansListNegative"
"Submit Loan Customer Preferences","1009","SubmitLoanPreferencesNegative - monthlyPayment special characters","API_Regression_Suite","2026-03-11","passed","2026-03-11","autochek_api_negative.OfferSimulation.OfferSimulationNegative","Autochek_API_Automation","autochek_api_negative.OfferSimulation.OfferSimulationNegative","SubmitLoanPreferencesNegative"
"Submit Loan Customer Preferences","568","SubmitLoanPreferencesNegative - upfrontVehicleRegistration null","API_Regression_Suite","2026-03-11","passed","2026-03-11","autochek_api_negative.OfferSimulation.OfferSimulationNegative","Autochek_API_Automation","autochek_api_negative.OfferSimulation.OfferSimulationNegative","SubmitLoanPreferencesNegative"
"Validates GET /v1/inventory/car with dynamic parameters - Negative Test","719","GetCarListNegative - Pass field value inside relations","API_Regression_Suite","2026-03-11","passed","2026-03-11","autochek_api_negative.InventoryService.DynamicResponseNegative","Autochek_API_Automation","autochek_api_negative.InventoryService.DynamicResponseNegative","GetCarListNegative"
"Negative test for Create System Config V2","16","PostSystemConfigV2 - REQUIRE_NUMBER object structure passed","API_Regression_Suite","2026-03-11","skipped","2026-03-11","autochek_api_negative.UserService.UserServiceV2Negative","Autochek_API_Automation","autochek_api_negative.UserService.UserServiceV2Negative","PostSystemConfigV2"
"Validates GET /v1/inventory/body_type with dynamic parameters - Positive Test","545","GetBodyType - Validate only imageUrl field is returned","API_Regression_Suite","2026-03-11","passed","2026-03-11","autochek_api_positive.InventoryService.DynamicResponsePositive","Autochek_API_Automation","autochek_api_positive.InventoryService.DynamicResponsePositive","GetBodyType"
"Update System Config dynamically for PASSWORD_POLICY or USER_SESSION","0","PatchSystemConfigV2 - REQUIRE_SPECIAL_CHAR empty value","API_Regression_Suite","2026-03-11","skipped","2026-03-11","autochek_api_negative.UserService.UserServiceV2Negative","Autochek_API_Automation","autochek_api_negative.UserService.UserServiceV2Negative","PatchSystemConfigV2"
"Validates negative test cases for Send Template API with various invalid and omitted parameters","9","SendTemplateNegativeTest - user_name omitted","API_Regression_Suite","2026-03-11","skipped","2026-03-11","autochek_api_negative.Template.TemplateV1Negative.TemplateV1Negative","Autochek_API_Automation","autochek_api_negative.Template.TemplateV1Negative.TemplateV1Negative","SendTemplateNegativeTest"
"Validate negative scenarios for template creation based on sheet data","2","UpdateEmailTemplate - category is empty string while others are valid","API_Regression_Suite","2026-03-11","skipped","2026-03-11","autochek_api_negative.Template.TemplateV1Negative.TemplateV1Negative","Autochek_API_Automation","autochek_api_negative.Template.TemplateV1Negative.TemplateV1Negative","UpdateEmailTemplate"
"Validates GET /v2/origination/sources with dynamic parameters - Negative Test","721","GetBanksListNegative - country is number","API_Regression_Suite","2026-03-11","passed","2026-03-11","autochek_api_negative.OriginationService.ResponsePayloadReductionV2APIsNegative","Autochek_API_Automation","autochek_api_negative.OriginationService.ResponsePayloadReductionV2APIsNegative","GetBanksListNegative"
"Negative test for Create System Config V2","0","PostSystemConfigV2 - DISALLOW_WHITESPACES string true instead of boolean","API_Regression_Suite","2026-03-11","skipped","2026-03-11","autochek_api_negative.UserService.UserServiceV2Negative","Autochek_API_Automation","autochek_api_negative.UserService.UserServiceV2Negative","PostSystemConfigV2"
"Validates GET /v2/origination/loans/{loan_id}/accepted-offer with dynamic parameters - Positive Test","2","GetAcceptedOfferByLoanId","API_Regression_Suite","2026-03-11","skipped","2026-03-11","autochek_api_positive.OriginationService.ResponsePayloadReductionV2APIs","Autochek_API_Automation","autochek_api_positive.OriginationService.ResponsePayloadReductionV2APIs","GetAcceptedOfferByLoanId"
"Update Car and Validate Response","813","PutUpdateCar - state as null","API_Regression_Suite","2026-03-11","passed","2026-03-11","autochek_api_negative.DetachTyresSpecification.DetachTyresSpecificationNegative","Autochek_API_Automation","autochek_api_negative.DetachTyresSpecification.DetachTyresSpecificationNegative","PutUpdateCar"
"Update Car and Validate Response","907","PutUpdateCar - address with numbers only","API_Regression_Suite","2026-03-11","passed","2026-03-11","autochek_api_negative.DetachTyresSpecification.DetachTyresSpecificationNegative","Autochek_API_Automation","autochek_api_negative.DetachTyresSpecification.DetachTyresSpecificationNegative","PutUpdateCar"
"Validate negative scenarios for template creation based on sheet data","0","CreateEmailTemplate - providerId contains only spaces while others are valid","API_Regression_Suite","2026-03-11","skipped","2026-03-11","autochek_api_negative.Template.TemplateV1Negative.TemplateV1Negative","Autochek_API_Automation","autochek_api_negative.Template.TemplateV1Negative.TemplateV1Negative","CreateEmailTemplate"
"Validate negative scenarios for template creation based on sheet data","4","CreateEmailTemplate - account_id contains decimal value","API_Regression_Suite","2026-03-11","skipped","2026-03-11","autochek_api_negative.Template.TemplateV1Negative.TemplateV1Negative","Autochek_API_Automation","autochek_api_negative.Template.TemplateV1Negative.TemplateV1Negative","CreateEmailTemplate"
"Validates GET /v2/origination/loans/{loan_id}/logbook/car-details - Negative Test","583","GetLogbookCarDetailsByLoanIdNegative - Send loan_id as random alphanumeric invalid format","API_Regression_Suite","2026-03-11","passed","2026-03-11","autochek_api_negative.OriginationService.ResponsePayloadReductionV2APIsNegative","Autochek_API_Automation","autochek_api_negative.OriginationService.ResponsePayloadReductionV2APIsNegative","GetLogbookCarDetailsByLoanIdNegative"
"Validate negative scenarios for template creation based on sheet data","2","UpdateEmailTemplate - renderByUs contains object instead of boolean","API_Regression_Suite","2026-03-11","skipped","2026-03-11","autochek_api_negative.Template.TemplateV1Negative.TemplateV1Negative","Autochek_API_Automation","autochek_api_negative.Template.TemplateV1Negative.TemplateV1Negative","UpdateEmailTemplate"
"Filter templates based on audienceType and validate response","3","filterTemplate - category contains unsupported value","API_Regression_Suite","2026-03-11","skipped","2026-03-11","autochek_api_negative.Template.TemplateV1Negative.TemplateV1Negative","Autochek_API_Automation","autochek_api_negative.Template.TemplateV1Negative.TemplateV1Negative","filterTemplate"
"Validates GET /v1/inventory/model with dynamic parameters - Negative Test","692","GetModelListNegative - Pass valid + invalid field together","API_Regression_Suite","2026-03-11","passed","2026-03-11","autochek_api_negative.InventoryService.DynamicResponseNegative","Autochek_API_Automation","autochek_api_negative.InventoryService.DynamicResponseNegative","GetModelListNegative"
"","1651","submitLoanPreference - Upfront vehicle registration FALSE","API_Regression_Suite","2026-03-11","passed","2026-03-11","autochek_api_positive.OfferSimulation.OfferSimulationPositive","Autochek_API_Automation","autochek_api_positive.OfferSimulation.OfferSimulationPositive","submitLoanPreference"
"Update System Config dynamically for PASSWORD_POLICY or USER_SESSION","2","PatchSystemConfigV2 - MIN_LENGTH zero","API_Regression_Suite","2026-03-11","skipped","2026-03-11","autochek_api_negative.UserService.UserServiceV2Negative","Autochek_API_Automation","autochek_api_negative.UserService.UserServiceV2Negative","PatchSystemConfigV2"
"","5","PatchUpdatePasswordV2Negative - Omit newPassword field entirely","API_Regression_Suite","2026-03-11","skipped","2026-03-11","autochek_api_negative.UserService.UserServiceV2Negative","Autochek_API_Automation","autochek_api_negative.UserService.UserServiceV2Negative","PatchUpdatePasswordV2Negative"
"","1827","PostUserSignUpV2 - Verify signup with userType = dealer","API_Regression_Suite","2026-03-11","passed","2026-03-11","autochek_api_positive.UserService.UserServiceV2","Autochek_API_Automation","autochek_api_positive.UserService.UserServiceV2","PostUserSignUpV2"
"Validates GET /v2/origination/offers with dynamic parameters - Positive Test","629","GetOffersListNegative - country is array","API_Regression_Suite","2026-03-11","passed","2026-03-11","autochek_api_negative.OriginationService.ResponsePayloadReductionV2APIsNegative","Autochek_API_Automation","autochek_api_negative.OriginationService.ResponsePayloadReductionV2APIsNegative","GetOffersListNegative"
"Validates GET /v1/inventory/inspection_request with dynamic parameters - Negative Test","1307","GetInspectionRequestNegative - Pass duplicate field names","API_Regression_Suite","2026-03-11","passed","2026-03-11","autochek_api_negative.InventoryService.DynamicResponseNegative","Autochek_API_Automation","autochek_api_negative.InventoryService.DynamicResponseNegative","GetInspectionRequestNegative"
"Validates GET /v2/origination/loans with dynamic parameters - Negative Test","649","GetLoansListNegative - page_size is Empty String","API_Regression_Suite","2026-03-11","passed","2026-03-11","autochek_api_negative.OriginationService.ResponsePayloadReductionV2APIsNegative","Autochek_API_Automation","autochek_api_negative.OriginationService.ResponsePayloadReductionV2APIsNegative","GetLoansListNegative"
"Create Car and Validate Response","2833","CreateCar - Verify car creation with valid old year 2015","API_Regression_Suite","2026-03-11","broken","2026-03-11","autochek_api_positive.DetachTyreSpecification.DetachTyreSpecificationPositive","Autochek_API_Automation","autochek_api_positive.DetachTyreSpecification.DetachTyreSpecificationPositive","CreateCar"
"Submit Loan Customer Preferences","800","SubmitLoanPreferencesNegative - Interest Rate Type invalid value","API_Regression_Suite","2026-03-11","failed","2026-03-11","autochek_api_negative.OfferSimulation.OfferSimulationNegative","Autochek_API_Automation","autochek_api_negative.OfferSimulation.OfferSimulationNegative","SubmitLoanPreferencesNegative"
"Validate Template Schema API using sheet driven template names","0","GetTemplateSchemaTest - Template name contains script injection","API_Regression_Suite","2026-03-11","skipped","2026-03-11","autochek_api_negative.Template.TemplateV1Negative.TemplateV1Negative","Autochek_API_Automation","autochek_api_negative.Template.TemplateV1Negative.TemplateV1Negative","GetTemplateSchemaTest"
"Validate negative scenarios for template creation based on sheet data","4","UpdateEmailTemplate - audienceType contains numeric value","API_Regression_Suite","2026-03-11","skipped","2026-03-11","autochek_api_negative.Template.TemplateV1Negative.TemplateV1Negative","Autochek_API_Automation","autochek_api_negative.Template.TemplateV1Negative.TemplateV1Negative","UpdateEmailTemplate"
"Get Offer Details by OfferID","741","GetOffersByIdNegative - offer_id with only special characters","API_Regression_Suite","2026-03-11","passed","2026-03-11","autochek_api_negative.OriginationService.ResponsePayloadReductionV2APIsNegative","Autochek_API_Automation","autochek_api_negative.OriginationService.ResponsePayloadReductionV2APIsNegative","GetOffersByIdNegative"
"Create Car and Validate Response","2424","CreateCar - Verify car creation with image_url in .jpg format","API_Regression_Suite","2026-03-11","broken","2026-03-11","autochek_api_positive.DetachTyreSpecification.DetachTyreSpecificationPositive","Autochek_API_Automation","autochek_api_positive.DetachTyreSpecification.DetachTyreSpecificationPositive","CreateCar"
"Validates GET /v1/inventory/car with dynamic parameters - Positive Test","619","GetCarList - Validate exclusion of model.name field","API_Regression_Suite","2026-03-11","broken","2026-03-11","autochek_api_positive.InventoryService.DynamicResponsePositive","Autochek_API_Automation","autochek_api_positive.InventoryService.DynamicResponsePositive","GetCarList"
"Filter templates based on parameter from sheet and validate response","0","filterTemplate - Filter by language specific french","API_Regression_Suite","2026-03-11","skipped","2026-03-11","autochek_api_positive.Template.TemplateV1Positive","Autochek_API_Automation","autochek_api_positive.Template.TemplateV1Positive","filterTemplate"
"Get the list of Tyre brands","728","GetTyreBrandsNegative - Input contains tab or newline","API_Regression_Suite","2026-03-11","passed","2026-03-11","autochek_api_negative.OfferSimulation.OfferSimulationNegative","Autochek_API_Automation","autochek_api_negative.OfferSimulation.OfferSimulationNegative","GetTyreBrandsNegative"
"Validate negative scenarios for template creation based on sheet data","4","CreateEmailTemplate - renderByUs contains SQL injection payload","API_Regression_Suite","2026-03-11","skipped","2026-03-11","autochek_api_negative.Template.TemplateV1Negative.TemplateV1Negative","Autochek_API_Automation","autochek_api_negative.Template.TemplateV1Negative.TemplateV1Negative","CreateEmailTemplate"
"Create Inspection for the carID generated in Car Creation","625","PostCreateInspection - form_id empty + tyreCode invalid","API_Regression_Suite","2026-03-11","passed","2026-03-11","autochek_api_negative.DetachTyresSpecification.DetachTyresSpecificationNegative","Autochek_API_Automation","autochek_api_negative.DetachTyresSpecification.DetachTyresSpecificationNegative","PostCreateInspection"
"Submit Loan Customer Preferences","3927","SubmitLoanPreferencesNegative - desiredLoanCurrency null","API_Regression_Suite","2026-03-11","passed","2026-03-11","autochek_api_negative.OfferSimulation.OfferSimulationNegative","Autochek_API_Automation","autochek_api_negative.OfferSimulation.OfferSimulationNegative","SubmitLoanPreferencesNegative"
"","0","PostEnableUserV2Negative - Omit userId field entirely","API_Regression_Suite","2026-03-11","skipped","2026-03-11","autochek_api_negative.UserService.UserServiceV2Negative","Autochek_API_Automation","autochek_api_negative.UserService.UserServiceV2Negative","PostEnableUserV2Negative"
"","17","GetMeV2Negative - No cookie header sent","API_Regression_Suite","2026-03-11","skipped","2026-03-11","autochek_api_negative.UserService.UserServiceV2Negative","Autochek_API_Automation","autochek_api_negative.UserService.UserServiceV2Negative","GetMeV2Negative"
"Validate negative scenarios for template creation based on sheet data","14","CreateEmailTemplate - Name contains script injection","API_Regression_Suite","2026-03-11","skipped","2026-03-11","autochek_api_negative.Template.TemplateV1Negative.TemplateV1Negative","Autochek_API_Automation","autochek_api_negative.Template.TemplateV1Negative.TemplateV1Negative","CreateEmailTemplate"
"Submit Loan Customer Preferences","808","SubmitLoanPreferencesNegative - equityContribution text value","API_Regression_Suite","2026-03-11","passed","2026-03-11","autochek_api_negative.OfferSimulation.OfferSimulationNegative","Autochek_API_Automation","autochek_api_negative.OfferSimulation.OfferSimulationNegative","SubmitLoanPreferencesNegative"
"Validates GET /v1/inventory/car with dynamic parameters - Negative Test","1282","GetCarListNegative - Pass invalid field + relations together","API_Regression_Suite","2026-03-11","passed","2026-03-11","autochek_api_negative.InventoryService.DynamicResponseNegative","Autochek_API_Automation","autochek_api_negative.InventoryService.DynamicResponseNegative","GetCarListNegative"
"Validates GET /v1/inventory/make with dynamic fields filtering","711","GetMakeNegative - Pass field value from unrelated entity","API_Regression_Suite","2026-03-11","passed","2026-03-11","autochek_api_negative.InventoryService.DynamicResponseNegative","Autochek_API_Automation","autochek_api_negative.InventoryService.DynamicResponseNegative","GetMakeNegative"
"Validates GET /v1/inventory/make with dynamic fields filtering","551","GetMakeNegative - Pass completely invalid field","API_Regression_Suite","2026-03-11","passed","2026-03-11","autochek_api_negative.InventoryService.DynamicResponseNegative","Autochek_API_Automation","autochek_api_negative.InventoryService.DynamicResponseNegative","GetMakeNegative"
"","2007","PostUserSignUpV2 - Verify signup with userType = tyre-vendor","API_Regression_Suite","2026-03-11","passed","2026-03-11","autochek_api_positive.UserService.UserServiceV2","Autochek_API_Automation","autochek_api_positive.UserService.UserServiceV2","PostUserSignUpV2"
"Get the list of Tyre brands","528","GetTyreBrandsNegative - Use only SQL keywords to bypass validation","API_Regression_Suite","2026-03-11","passed","2026-03-11","autochek_api_negative.OfferSimulation.OfferSimulationNegative","Autochek_API_Automation","autochek_api_negative.OfferSimulation.OfferSimulationNegative","GetTyreBrandsNegative"
"Validates GET /v2/origination/offers with dynamic parameters - Positive Test","815","GetOffersListNegative - country is one character","API_Regression_Suite","2026-03-11","passed","2026-03-11","autochek_api_negative.OriginationService.ResponsePayloadReductionV2APIsNegative","Autochek_API_Automation","autochek_api_negative.OriginationService.ResponsePayloadReductionV2APIsNegative","GetOffersListNegative"
"Validates GET /v1/inventory/model with dynamic parameters - Negative Test","952","GetModelListNegative - Pass valid + invalid relation","API_Regression_Suite","2026-03-11","passed","2026-03-11","autochek_api_negative.InventoryService.DynamicResponseNegative","Autochek_API_Automation","autochek_api_negative.InventoryService.DynamicResponseNegative","GetModelListNegative"
"Update Car and Validate Response","691","PutUpdateCar - is_upgraded as string instead of boolean","API_Regression_Suite","2026-03-11","passed","2026-03-11","autochek_api_negative.DetachTyresSpecification.DetachTyresSpecificationNegative","Autochek_API_Automation","autochek_api_negative.DetachTyresSpecification.DetachTyresSpecificationNegative","PutUpdateCar"
"Submit Loan Customer Preferences","551","SubmitLoanPreferencesNegative - upfrontVehicleRegistration numeric 0","API_Regression_Suite","2026-03-11","passed","2026-03-11","autochek_api_negative.OfferSimulation.OfferSimulationNegative","Autochek_API_Automation","autochek_api_negative.OfferSimulation.OfferSimulationNegative","SubmitLoanPreferencesNegative"
"Validates GET /v2/origination/sources with dynamic parameters - Negative Test","629","GetSourcesListNegative - page_size is float","API_Regression_Suite","2026-03-11","passed","2026-03-11","autochek_api_negative.OriginationService.ResponsePayloadReductionV2APIsNegative","Autochek_API_Automation","autochek_api_negative.OriginationService.ResponsePayloadReductionV2APIsNegative","GetSourcesListNegative"
"","4","PatchUpdatePasswordV2Negative - Password length of very large length","API_Regression_Suite","2026-03-11","skipped","2026-03-11","autochek_api_negative.UserService.UserServiceV2Negative","Autochek_API_Automation","autochek_api_negative.UserService.UserServiceV2Negative","PatchUpdatePasswordV2Negative"
"Validate negative scenarios for template creation based on sheet data","3","CreateEmailTemplate - providerId already mapped to another template (duplicate conflict)","API_Regression_Suite","2026-03-11","skipped","2026-03-11","autochek_api_negative.Template.TemplateV1Negative.TemplateV1Negative","Autochek_API_Automation","autochek_api_negative.Template.TemplateV1Negative.TemplateV1Negative","CreateEmailTemplate"
"Get TyreSpecs Details by Car ID","503","GetTyreSpecs - car_id whitespace only","API_Regression_Suite","2026-03-11","passed","2026-03-11","autochek_api_negative.DetachTyresSpecification.DetachTyresSpecificationNegative","Autochek_API_Automation","autochek_api_negative.DetachTyresSpecification.DetachTyresSpecificationNegative","GetTyreSpecs"
"Submit Loan Customer Preferences","935","SubmitLoanPreferencesNegative - tyreQuantity XSS injection","API_Regression_Suite","2026-03-11","passed","2026-03-11","autochek_api_negative.OfferSimulation.OfferSimulationNegative","Autochek_API_Automation","autochek_api_negative.OfferSimulation.OfferSimulationNegative","SubmitLoanPreferencesNegative"
"Delete USER_SESSION and PASSWORD_POLICY using stored IDs","0","deleteSystemConfigs","API_Regression_Suite","2026-03-11","skipped","2026-03-11","autochek_api_negative.UserService.UserServiceV2Negative","Autochek_API_Automation","autochek_api_negative.UserService.UserServiceV2Negative","deleteSystemConfigs"
"Negative test for Create System Config V2","14","PostSystemConfigV2 - REQUIRE_UPPERCASE decimal value","API_Regression_Suite","2026-03-11","skipped","2026-03-11","autochek_api_negative.UserService.UserServiceV2Negative","Autochek_API_Automation","autochek_api_negative.UserService.UserServiceV2Negative","PostSystemConfigV2"
"Validates negative test cases for Send Template API with various invalid and omitted parameters","0","SendTemplateNegativeTest - user_name contains special characters","API_Regression_Suite","2026-03-11","skipped","2026-03-11","autochek_api_negative.Template.TemplateV1Negative.TemplateV1Negative","Autochek_API_Automation","autochek_api_negative.Template.TemplateV1Negative.TemplateV1Negative","SendTemplateNegativeTest"
"Update Car and Validate Response","1356","PutUpdateCar - license_plate as numeric only","API_Regression_Suite","2026-03-11","passed","2026-03-11","autochek_api_negative.DetachTyresSpecification.DetachTyresSpecificationNegative","Autochek_API_Automation","autochek_api_negative.DetachTyresSpecification.DetachTyresSpecificationNegative","PutUpdateCar"
"Submit Loan Customer Preferences","61048","SubmitLoanPreferencesNegative - Tyre Quantity zero not allowed","API_Regression_Suite","2026-03-11","passed","2026-03-11","autochek_api_negative.OfferSimulation.OfferSimulationNegative","Autochek_API_Automation","autochek_api_negative.OfferSimulation.OfferSimulationNegative","SubmitLoanPreferencesNegative"
"","2036","PostUserSignUpV2 - Verify signup with country = UG","API_Regression_Suite","2026-03-11","passed","2026-03-11","autochek_api_positive.UserService.UserServiceV2","Autochek_API_Automation","autochek_api_positive.UserService.UserServiceV2","PostUserSignUpV2"
"Validates GET /v2/origination/loans with dynamic parameters - Negative Test","562","GetLoansListNegative - page_size is special characters","API_Regression_Suite","2026-03-11","passed","2026-03-11","autochek_api_negative.OriginationService.ResponsePayloadReductionV2APIsNegative","Autochek_API_Automation","autochek_api_negative.OriginationService.ResponsePayloadReductionV2APIsNegative","GetLoansListNegative"
"Create Inspection for the carID generated in Car Creation","0","CreateInspection","API_Regression_Suite","2026-03-11","passed","2026-03-11","autochek_api_positive.DetachTyreSpecification.DetachTyreSpecificationPositive","Autochek_API_Automation","autochek_api_positive.DetachTyreSpecification.DetachTyreSpecificationPositive","CreateInspection"
"Validates GET /v2/origination/loans/{loan_id}/logbook/car-details - Negative Test","708","GetLogbookCarDetailsByLoanIdNegative - SQL injection with DROP statement","API_Regression_Suite","2026-03-11","passed","2026-03-11","autochek_api_negative.OriginationService.ResponsePayloadReductionV2APIsNegative","Autochek_API_Automation","autochek_api_negative.OriginationService.ResponsePayloadReductionV2APIsNegative","GetLogbookCarDetailsByLoanIdNegative"
"","4","PostLookUpV2Negative - Identifier has only domain without name","API_Regression_Suite","2026-03-11","skipped","2026-03-11","autochek_api_negative.UserService.UserServiceV2Negative","Autochek_API_Automation","autochek_api_negative.UserService.UserServiceV2Negative","PostLookUpV2Negative"
"Validates GET /v1/inventory/trims with dynamic parameters - Positive Test","543","GetTrims - Validate all fields except name are returned","API_Regression_Suite","2026-03-11","failed","2026-03-11","autochek_api_positive.InventoryService.DynamicResponsePositive","Autochek_API_Automation","autochek_api_positive.InventoryService.DynamicResponsePositive","GetTrims"
"Validate negative scenarios for template creation based on sheet data","3","UpdateEmailTemplate - audienceType contains newline or control character","API_Regression_Suite","2026-03-11","skipped","2026-03-11","autochek_api_negative.Template.TemplateV1Negative.TemplateV1Negative","Autochek_API_Automation","autochek_api_negative.Template.TemplateV1Negative.TemplateV1Negative","UpdateEmailTemplate"
"Validate negative scenarios for template creation based on sheet data","0","CreateEmailTemplate - user_name is empty string while others are valid","API_Regression_Suite","2026-03-11","skipped","2026-03-11","autochek_api_negative.Template.TemplateV1Negative.TemplateV1Negative","Autochek_API_Automation","autochek_api_negative.Template.TemplateV1Negative.TemplateV1Negative","CreateEmailTemplate"
"Validates GET /v1/inventory/inspection_request with dynamic parameters - Negative Test","713","GetInspectionRequestNegative - Pass multiple completely invalid fields","API_Regression_Suite","2026-03-11","passed","2026-03-11","autochek_api_negative.InventoryService.DynamicResponseNegative","Autochek_API_Automation","autochek_api_negative.InventoryService.DynamicResponseNegative","GetInspectionRequestNegative"
"Negative test for Create System Config V2","2","PostSystemConfigV2 - REQUIRE_LOWERCASE numeric instead of boolean","API_Regression_Suite","2026-03-11","skipped","2026-03-11","autochek_api_negative.UserService.UserServiceV2Negative","Autochek_API_Automation","autochek_api_negative.UserService.UserServiceV2Negative","PostSystemConfigV2"
"","4","PostUserSignUpV2Negative - FirstName field is omitted from the request body","API_Regression_Suite","2026-03-11","skipped","2026-03-11","autochek_api_negative.UserService.UserServiceV2Negative","Autochek_API_Automation","autochek_api_negative.UserService.UserServiceV2Negative","PostUserSignUpV2Negative"
"Create Inspection for the carID generated in Car Creation","689","PostCreateInspection - Only latitude without longitude","API_Regression_Suite","2026-03-11","passed","2026-03-11","autochek_api_negative.DetachTyresSpecification.DetachTyresSpecificationNegative","Autochek_API_Automation","autochek_api_negative.DetachTyresSpecification.DetachTyresSpecificationNegative","PostCreateInspection"
"Validates GET /v1/inventory/body_type with dynamic parameters - Negative Test","498","GetBodyTypeNegative - Pass array instead of comma-separated string","API_Regression_Suite","2026-03-11","passed","2026-03-11","autochek_api_negative.InventoryService.DynamicResponseNegative","Autochek_API_Automation","autochek_api_negative.InventoryService.DynamicResponseNegative","GetBodyTypeNegative"
"Validates negative test cases for Preview Template API using first created templateId map","4","PreviewTemplateNegativeTest - channel omitted","API_Regression_Suite","2026-03-11","skipped","2026-03-11","autochek_api_negative.Template.TemplateV1Negative.TemplateV1Negative","Autochek_API_Automation","autochek_api_negative.Template.TemplateV1Negative.TemplateV1Negative","PreviewTemplateNegativeTest"
"Update System Config dynamically for PASSWORD_POLICY or USER_SESSION","3","PatchSystemConfigV2 - REQUIRE_UPPERCASE numeric instead of boolean","API_Regression_Suite","2026-03-11","skipped","2026-03-11","autochek_api_negative.UserService.UserServiceV2Negative","Autochek_API_Automation","autochek_api_negative.UserService.UserServiceV2Negative","PatchSystemConfigV2"
"Validates GET /v2/origination/loans/{loan_id}/accepted-offer - Negative Test","761","GetAcceptedOfferByLoanIdNegative - offer_id with very long string (300 chars)","API_Regression_Suite","2026-03-11","passed","2026-03-11","autochek_api_negative.OriginationService.ResponsePayloadReductionV2APIsNegative","Autochek_API_Automation","autochek_api_negative.OriginationService.ResponsePayloadReductionV2APIsNegative","GetAcceptedOfferByLoanIdNegative"
"","9","PostEnableUserV2Negative - Send SQL injection string as token","API_Regression_Suite","2026-03-11","skipped","2026-03-11","autochek_api_negative.UserService.UserServiceV2Negative","Autochek_API_Automation","autochek_api_negative.UserService.UserServiceV2Negative","PostEnableUserV2Negative"
"Create Inspection for the carID generated in Car Creation","706","PostCreateInspection - form_id null + wheel_type null","API_Regression_Suite","2026-03-11","passed","2026-03-11","autochek_api_negative.DetachTyresSpecification.DetachTyresSpecificationNegative","Autochek_API_Automation","autochek_api_negative.DetachTyresSpecification.DetachTyresSpecificationNegative","PostCreateInspection"
"","2","PostUserSignUpV2Negative - Country is null","API_Regression_Suite","2026-03-11","skipped","2026-03-11","autochek_api_negative.UserService.UserServiceV2Negative","Autochek_API_Automation","autochek_api_negative.UserService.UserServiceV2Negative","PostUserSignUpV2Negative"
"Negative test for Create System Config V2","16","PostSystemConfigV2 - DISALLOW_WHITESPACES numeric instead of boolean","API_Regression_Suite","2026-03-11","skipped","2026-03-11","autochek_api_negative.UserService.UserServiceV2Negative","Autochek_API_Automation","autochek_api_negative.UserService.UserServiceV2Negative","PostSystemConfigV2"
"Validates GET /v2/origination/offers with dynamic parameters - Positive Test","630","GetOffersListNegative - country is longer than 2 chars","API_Regression_Suite","2026-03-11","passed","2026-03-11","autochek_api_negative.OriginationService.ResponsePayloadReductionV2APIsNegative","Autochek_API_Automation","autochek_api_negative.OriginationService.ResponsePayloadReductionV2APIsNegative","GetOffersListNegative"
"Validates GET /v2/origination/loans/{loan_id}/logbook/booking-info - Negative Test","572","GetBookingInfoForLogbookLoanNegative - Send loan_id as null","API_Regression_Suite","2026-03-11","passed","2026-03-11","autochek_api_negative.OriginationService.ResponsePayloadReductionV2APIsNegative","Autochek_API_Automation","autochek_api_negative.OriginationService.ResponsePayloadReductionV2APIsNegative","GetBookingInfoForLogbookLoanNegative"
"","4","PostEnableUserV2Negative - Send userId with leading/trailing spaces","API_Regression_Suite","2026-03-11","skipped","2026-03-11","autochek_api_negative.UserService.UserServiceV2Negative","Autochek_API_Automation","autochek_api_negative.UserService.UserServiceV2Negative","PostEnableUserV2Negative"
"Update System Config dynamically for PASSWORD_POLICY or USER_SESSION","0","PatchSystemConfigV2 - MAX_CONCURRENT_SESSIONS extremely large number","API_Regression_Suite","2026-03-11","skipped","2026-03-11","autochek_api_negative.UserService.UserServiceV2Negative","Autochek_API_Automation","autochek_api_negative.UserService.UserServiceV2Negative","PatchSystemConfigV2"
"Validate negative scenarios for template creation based on sheet data","2","UpdateEmailTemplate - renderByUs contains array instead of boolean","API_Regression_Suite","2026-03-11","skipped","2026-03-11","autochek_api_negative.Template.TemplateV1Negative.TemplateV1Negative","Autochek_API_Automation","autochek_api_negative.Template.TemplateV1Negative.TemplateV1Negative","UpdateEmailTemplate"
"Submit Loan Customer Preferences","932","SubmitLoanPreferencesNegative - residualPercentage alphanumeric mix","API_Regression_Suite","2026-03-11","passed","2026-03-11","autochek_api_negative.OfferSimulation.OfferSimulationNegative","Autochek_API_Automation","autochek_api_negative.OfferSimulation.OfferSimulationNegative","SubmitLoanPreferencesNegative"
"Validates GET /v1/inventory/make with dynamic fields filtering - Positive Test","512","GetMake - Verify response returns id, name and excludes imageUrl","API_Regression_Suite","2026-03-11","failed","2026-03-11","autochek_api_positive.InventoryService.DynamicResponsePositive","Autochek_API_Automation","autochek_api_positive.InventoryService.DynamicResponsePositive","GetMake"
"Validates GET /v2/origination/partners with dynamic parameters - Positive Test","0","GetPartnersList - valid request where page_size is at a boundary value (10)","API_Regression_Suite","2026-03-11","skipped","2026-03-11","autochek_api_positive.OriginationService.ResponsePayloadReductionV2APIs","Autochek_API_Automation","autochek_api_positive.OriginationService.ResponsePayloadReductionV2APIs","GetPartnersList"
"Create Welcome Email template with dynamic unique name and providerId and validate response fields","3","createWelcomeEmailTemplate - Verify template creation with audienceType Internal and category Promotional","API_Regression_Suite","2026-03-11","skipped","2026-03-11","autochek_api_positive.Template.TemplateV1Positive","Autochek_API_Automation","autochek_api_positive.Template.TemplateV1Positive","createWelcomeEmailTemplate"
"","3","PostRefreshV2Negative - Send invalid (tampered) refresh token","API_Regression_Suite","2026-03-11","skipped","2026-03-11","autochek_api_negative.UserService.UserServiceV2Negative","Autochek_API_Automation","autochek_api_negative.UserService.UserServiceV2Negative","PostRefreshV2Negative"
"Validate negative scenarios for template creation based on sheet data","2","UpdateEmailTemplate - providerId contains SQL injection payload","API_Regression_Suite","2026-03-11","skipped","2026-03-11","autochek_api_negative.Template.TemplateV1Negative.TemplateV1Negative","Autochek_API_Automation","autochek_api_negative.Template.TemplateV1Negative.TemplateV1Negative","UpdateEmailTemplate"
"","1391","submitLoanPreference - Upfront vehicle registration TRUE","API_Regression_Suite","2026-03-11","passed","2026-03-11","autochek_api_positive.OfferSimulation.OfferSimulationPositive","Autochek_API_Automation","autochek_api_positive.OfferSimulation.OfferSimulationPositive","submitLoanPreference"
"Validates GET /v1/inventory/make with dynamic fields filtering","881","GetMakeNegative - Mix case sensitivity (upper vs lower)","API_Regression_Suite","2026-03-11","passed","2026-03-11","autochek_api_negative.InventoryService.DynamicResponseNegative","Autochek_API_Automation","autochek_api_negative.InventoryService.DynamicResponseNegative","GetMakeNegative"
"Update System Config dynamically for PASSWORD_POLICY or USER_SESSION","3","PatchSystemConfigV2 - REQUIRE_UPPERCASE special characters","API_Regression_Suite","2026-03-11","skipped","2026-03-11","autochek_api_negative.UserService.UserServiceV2Negative","Autochek_API_Automation","autochek_api_negative.UserService.UserServiceV2Negative","PatchSystemConfigV2"
"Update System Config dynamically for PASSWORD_POLICY or USER_SESSION","3","PatchSystemConfigV2 - REQUIRE_NUMBER SQL injection attempt","API_Regression_Suite","2026-03-11","skipped","2026-03-11","autochek_api_negative.UserService.UserServiceV2Negative","Autochek_API_Automation","autochek_api_negative.UserService.UserServiceV2Negative","PatchSystemConfigV2"
"Validate negative scenarios for template creation based on sheet data","0","CreateEmailTemplate - user_name contains numeric-only value","API_Regression_Suite","2026-03-11","skipped","2026-03-11","autochek_api_negative.Template.TemplateV1Negative.TemplateV1Negative","Autochek_API_Automation","autochek_api_negative.Template.TemplateV1Negative.TemplateV1Negative","CreateEmailTemplate"
"Validates GET /v2/origination/sources with dynamic parameters - Negative Test","788","GetSourcesListNegative - country is boolean","API_Regression_Suite","2026-03-11","passed","2026-03-11","autochek_api_negative.OriginationService.ResponsePayloadReductionV2APIsNegative","Autochek_API_Automation","autochek_api_negative.OriginationService.ResponsePayloadReductionV2APIsNegative","GetSourcesListNegative"
"Submit Loan Customer Preferences","715","SubmitLoanPreferencesNegative - upfrontTyres string instead of boolean","API_Regression_Suite","2026-03-11","passed","2026-03-11","autochek_api_negative.OfferSimulation.OfferSimulationNegative","Autochek_API_Automation","autochek_api_negative.OfferSimulation.OfferSimulationNegative","SubmitLoanPreferencesNegative"
"Update Car and Validate Response","1028","PutUpdateCar - license_plate too short (2 chars)","API_Regression_Suite","2026-03-11","passed","2026-03-11","autochek_api_negative.DetachTyresSpecification.DetachTyresSpecificationNegative","Autochek_API_Automation","autochek_api_negative.DetachTyresSpecification.DetachTyresSpecificationNegative","PutUpdateCar"
"Validates GET /v2/origination/offers with dynamic parameters - Positive Test","1392","GetOffersListNegative - country is boolean","API_Regression_Suite","2026-03-11","passed","2026-03-11","autochek_api_negative.OriginationService.ResponsePayloadReductionV2APIsNegative","Autochek_API_Automation","autochek_api_negative.OriginationService.ResponsePayloadReductionV2APIsNegative","GetOffersListNegative"
"","2282","PostUserSignUpV2 - Verify signup with userType = customer","API_Regression_Suite","2026-03-11","passed","2026-03-11","autochek_api_positive.UserService.UserServiceV2","Autochek_API_Automation","autochek_api_positive.UserService.UserServiceV2","PostUserSignUpV2"
"Creating loan for first fetched Toyota Car","6462","PostCreateLoanNegative","API_Regression_Suite","2026-03-11","passed","2026-03-11","autochek_api_negative.OfferSimulation.OfferSimulationNegative","Autochek_API_Automation","autochek_api_negative.OfferSimulation.OfferSimulationNegative","PostCreateLoanNegative"
"Validates GET /v1/inspection with dynamic parameters - Negative Test","745","GetInspectionNegative - Pass valid field with space + relations together","API_Regression_Suite","2026-03-11","passed","2026-03-11","autochek_api_negative.InventoryService.DynamicResponseNegative","Autochek_API_Automation","autochek_api_negative.InventoryService.DynamicResponseNegative","GetInspectionNegative"
"Negative test for Create System Config V2","0","PostSystemConfigV2 - REQUIRE_UPPERCASE SQL injection attempt","API_Regression_Suite","2026-03-11","skipped","2026-03-11","autochek_api_negative.UserService.UserServiceV2Negative","Autochek_API_Automation","autochek_api_negative.UserService.UserServiceV2Negative","PostSystemConfigV2"
"Get Offer Details by LoanID","788","GetOffersByLoanIdNegative - Send loan_id as empty string","API_Regression_Suite","2026-03-11","passed","2026-03-11","autochek_api_negative.OriginationService.ResponsePayloadReductionV2APIsNegative","Autochek_API_Automation","autochek_api_negative.OriginationService.ResponsePayloadReductionV2APIsNegative","GetOffersByLoanIdNegative"
"Submit Loan Customer Preferences","4810","SubmitLoanPreferencesNegative - desiredLoanCurrency special chars","API_Regression_Suite","2026-03-11","passed","2026-03-11","autochek_api_negative.OfferSimulation.OfferSimulationNegative","Autochek_API_Automation","autochek_api_negative.OfferSimulation.OfferSimulationNegative","SubmitLoanPreferencesNegative"
"Validates GET /v1/inspection with dynamic parameters - Negative Test","859","GetInspectionNegative - Validate API fails when using special characters in fields","API_Regression_Suite","2026-03-11","passed","2026-03-11","autochek_api_negative.InventoryService.DynamicResponseNegative","Autochek_API_Automation","autochek_api_negative.InventoryService.DynamicResponseNegative","GetInspectionNegative"
"Validates GET /v1/inventory/model with dynamic parameters - Negative Test","529","GetModelListNegative - Pass object instead of string","API_Regression_Suite","2026-03-11","passed","2026-03-11","autochek_api_negative.InventoryService.DynamicResponseNegative","Autochek_API_Automation","autochek_api_negative.InventoryService.DynamicResponseNegative","GetModelListNegative"
"Submit Loan Customer Preferences","1643","SubmitLoanPreferencesNegative - Monthly Payment invalid string","API_Regression_Suite","2026-03-11","failed","2026-03-11","autochek_api_negative.OfferSimulation.OfferSimulationNegative","Autochek_API_Automation","autochek_api_negative.OfferSimulation.OfferSimulationNegative","SubmitLoanPreferencesNegative"
"Validates GET /v1/inventory/model with dynamic parameters - Positive Test","545","GetModelList - Pass empty relation","API_Regression_Suite","2026-03-11","passed","2026-03-11","autochek_api_positive.InventoryService.DynamicResponsePositive","Autochek_API_Automation","autochek_api_positive.InventoryService.DynamicResponsePositive","GetModelList"
"Submit Loan Customer Preferences","961","SubmitLoanPreferencesNegative - Term not in allowed set","API_Regression_Suite","2026-03-11","failed","2026-03-11","autochek_api_negative.OfferSimulation.OfferSimulationNegative","Autochek_API_Automation","autochek_api_negative.OfferSimulation.OfferSimulationNegative","SubmitLoanPreferencesNegative"
"Create Inspection for the carID generated in Car Creation","965","PostCreateInspection - Too short inspection_request_id","API_Regression_Suite","2026-03-11","passed","2026-03-11","autochek_api_negative.DetachTyresSpecification.DetachTyresSpecificationNegative","Autochek_API_Automation","autochek_api_negative.DetachTyresSpecification.DetachTyresSpecificationNegative","PostCreateInspection"
"Validates GET /v1/inventory/inspection_request with dynamic parameters - Negative Test","560","GetInspectionRequestNegative - Pass SQL injection-like pattern","API_Regression_Suite","2026-03-11","passed","2026-03-11","autochek_api_negative.InventoryService.DynamicResponseNegative","Autochek_API_Automation","autochek_api_negative.InventoryService.DynamicResponseNegative","GetInspectionRequestNegative"
"Negative test for Create System Config V2","2","PostSystemConfigV2 - REQUIRE_NUMBER null value","API_Regression_Suite","2026-03-11","skipped","2026-03-11","autochek_api_negative.UserService.UserServiceV2Negative","Autochek_API_Automation","autochek_api_negative.UserService.UserServiceV2Negative","PostSystemConfigV2"
"Submit Loan Customer Preferences","562","SubmitLoanPreferencesNegative - term unsupported unit weeks","API_Regression_Suite","2026-03-11","passed","2026-03-11","autochek_api_negative.OfferSimulation.OfferSimulationNegative","Autochek_API_Automation","autochek_api_negative.OfferSimulation.OfferSimulationNegative","SubmitLoanPreferencesNegative"
"Get TyreSpecs Details by Car ID","512","GetTyreSpecs - car_id as empty","API_Regression_Suite","2026-03-11","passed","2026-03-11","autochek_api_negative.DetachTyresSpecification.DetachTyresSpecificationNegative","Autochek_API_Automation","autochek_api_negative.DetachTyresSpecification.DetachTyresSpecificationNegative","GetTyreSpecs"
"Validates GET /v1/inventory/trims with dynamic parameters - Negative Test","534","GetTrimsNegative - Validate response when passing script injection tag","API_Regression_Suite","2026-03-11","passed","2026-03-11","autochek_api_negative.InventoryService.DynamicResponseNegative","Autochek_API_Automation","autochek_api_negative.InventoryService.DynamicResponseNegative","GetTrimsNegative"
"Validates GET /v1/inventory/obds with dynamic parameters - Negative Test","2495","GetObdsNegative - Special characters with valid field","API_Regression_Suite","2026-03-11","passed","2026-03-11","autochek_api_negative.InventoryService.DynamicResponseNegative","Autochek_API_Automation","autochek_api_negative.InventoryService.DynamicResponseNegative","GetObdsNegative"
"","0","PostRefreshV2Negative - Send empty refresh token cookie","API_Regression_Suite","2026-03-11","skipped","2026-03-11","autochek_api_negative.UserService.UserServiceV2Negative","Autochek_API_Automation","autochek_api_negative.UserService.UserServiceV2Negative","PostRefreshV2Negative"
"Update Car and Validate Response","885","PutUpdateCar - engine_number as null","API_Regression_Suite","2026-03-11","passed","2026-03-11","autochek_api_negative.DetachTyresSpecification.DetachTyresSpecificationNegative","Autochek_API_Automation","autochek_api_negative.DetachTyresSpecification.DetachTyresSpecificationNegative","PutUpdateCar"
"Validate negative scenarios for template creation based on sheet data","1","UpdateEmailTemplate - category exceeds maximum allowed length","API_Regression_Suite","2026-03-11","skipped","2026-03-11","autochek_api_negative.Template.TemplateV1Negative.TemplateV1Negative","Autochek_API_Automation","autochek_api_negative.Template.TemplateV1Negative.TemplateV1Negative","UpdateEmailTemplate"
"Validate negative scenarios for template creation based on sheet data","5","CreateEmailTemplate - Pass token as empty","API_Regression_Suite","2026-03-11","skipped","2026-03-11","autochek_api_negative.Template.TemplateV1Negative.TemplateV1Negative","Autochek_API_Automation","autochek_api_negative.Template.TemplateV1Negative.TemplateV1Negative","CreateEmailTemplate"
"Validates GET /v2/origination/loans with dynamic parameters - Positive Test","3","GetLoansList - country is GH","API_Regression_Suite","2026-03-11","skipped","2026-03-11","autochek_api_positive.OriginationService.ResponsePayloadReductionV2APIs","Autochek_API_Automation","autochek_api_positive.OriginationService.ResponsePayloadReductionV2APIs","GetLoansList"
"Validates GET /v1/inventory/obds with dynamic parameters - Negative Test","604","GetObdsNegative - Send invalid fields parameter (non-existent field)","API_Regression_Suite","2026-03-11","passed","2026-03-11","autochek_api_negative.InventoryService.DynamicResponseNegative","Autochek_API_Automation","autochek_api_negative.InventoryService.DynamicResponseNegative","GetObdsNegative"
"Validates GET /v2/origination/loans/{loan_id}/logbook/booking-info - Negative Test","582","GetBookingInfoForLogbookLoanNegative - Send loan_id as random alphanumeric invalid format","API_Regression_Suite","2026-03-11","passed","2026-03-11","autochek_api_negative.OriginationService.ResponsePayloadReductionV2APIsNegative","Autochek_API_Automation","autochek_api_negative.OriginationService.ResponsePayloadReductionV2APIsNegative","GetBookingInfoForLogbookLoanNegative"
"Validates negative test cases for Preview Template API using first created templateId map","4","PreviewTemplateNegativeTest - channel as object","API_Regression_Suite","2026-03-11","skipped","2026-03-11","autochek_api_negative.Template.TemplateV1Negative.TemplateV1Negative","Autochek_API_Automation","autochek_api_negative.Template.TemplateV1Negative.TemplateV1Negative","PreviewTemplateNegativeTest"
"Validates GET /v1/inspection with dynamic parameters - Negative Test","700","GetInspectionNegative - Validate API fails when requesting invalid relation path","API_Regression_Suite","2026-03-11","passed","2026-03-11","autochek_api_negative.InventoryService.DynamicResponseNegative","Autochek_API_Automation","autochek_api_negative.InventoryService.DynamicResponseNegative","GetInspectionNegative"
"","1","PostLogoutV2Negative - Send special characters as refreshToken","API_Regression_Suite","2026-03-11","skipped","2026-03-11","autochek_api_negative.UserService.UserServiceV2Negative","Autochek_API_Automation","autochek_api_negative.UserService.UserServiceV2Negative","PostLogoutV2Negative"
"Validates negative test cases for Preview Template API using first created templateId map","3","PreviewTemplateNegativeTest - account_id object structure incorrect","API_Regression_Suite","2026-03-11","skipped","2026-03-11","autochek_api_negative.Template.TemplateV1Negative.TemplateV1Negative","Autochek_API_Automation","autochek_api_negative.Template.TemplateV1Negative.TemplateV1Negative","PreviewTemplateNegativeTest"
"Validates GET /v1/inventory/inspection_request with dynamic parameters - Negative Test","631","GetInspectionRequestNegative - Pass numeric field names (expect schema validation error)","API_Regression_Suite","2026-03-11","passed","2026-03-11","autochek_api_negative.InventoryService.DynamicResponseNegative","Autochek_API_Automation","autochek_api_negative.InventoryService.DynamicResponseNegative","GetInspectionRequestNegative"
"Validates GET /v2/origination/sources with dynamic parameters - Positive Test","5","GetSourcesList - valid request where page_size is at a boundary value (10)","API_Regression_Suite","2026-03-11","skipped","2026-03-11","autochek_api_positive.OriginationService.ResponsePayloadReductionV2APIs","Autochek_API_Automation","autochek_api_positive.OriginationService.ResponsePayloadReductionV2APIs","GetSourcesList"
"Validates GET /v2/origination/offers with dynamic parameters - Positive Test","8","GetOffersList - country is UG","API_Regression_Suite","2026-03-11","skipped","2026-03-11","autochek_api_positive.OriginationService.ResponsePayloadReductionV2APIs","Autochek_API_Automation","autochek_api_positive.OriginationService.ResponsePayloadReductionV2APIs","GetOffersList"
"Validates GET /v2/origination/sources with dynamic parameters - Negative Test","830","GetBanksListNegative - country is longer than 2 chars","API_Regression_Suite","2026-03-11","passed","2026-03-11","autochek_api_negative.OriginationService.ResponsePayloadReductionV2APIsNegative","Autochek_API_Automation","autochek_api_negative.OriginationService.ResponsePayloadReductionV2APIsNegative","GetBanksListNegative"
"Negative test for Create System Config V2","2","PostSystemConfigV2 - MAX_CONCURRENT_SESSIONS special characters","API_Regression_Suite","2026-03-11","skipped","2026-03-11","autochek_api_negative.UserService.UserServiceV2Negative","Autochek_API_Automation","autochek_api_negative.UserService.UserServiceV2Negative","PostSystemConfigV2"
"Submit Loan Customer Preferences","639","SubmitLoanPreferencesNegative - Dealer Discount above allowed range","API_Regression_Suite","2026-03-11","passed","2026-03-11","autochek_api_negative.OfferSimulation.OfferSimulationNegative","Autochek_API_Automation","autochek_api_negative.OfferSimulation.OfferSimulationNegative","SubmitLoanPreferencesNegative"
"","3764","submitLoanPreference - Term 6 months","API_Regression_Suite","2026-03-11","passed","2026-03-11","autochek_api_positive.OfferSimulation.OfferSimulationPositive","Autochek_API_Automation","autochek_api_positive.OfferSimulation.OfferSimulationPositive","submitLoanPreference"
"Negative test for Create System Config V2","0","PostSystemConfigV2 - MAX_CONCURRENT_SESSIONS null value","API_Regression_Suite","2026-03-11","skipped","2026-03-11","autochek_api_negative.UserService.UserServiceV2Negative","Autochek_API_Automation","autochek_api_negative.UserService.UserServiceV2Negative","PostSystemConfigV2"
"Get the list of Tyre brands","719","GetTyreBrandsNegative - Pass HTML tags to test input validation","API_Regression_Suite","2026-03-11","passed","2026-03-11","autochek_api_negative.OfferSimulation.OfferSimulationNegative","Autochek_API_Automation","autochek_api_negative.OfferSimulation.OfferSimulationNegative","GetTyreBrandsNegative"
"Accept Simulation Offer","543","AcceptOfferNegative - Send loan_id as null","API_Regression_Suite","2026-03-11","passed","2026-03-11","autochek_api_negative.OfferSimulation.OfferSimulationNegative","Autochek_API_Automation","autochek_api_negative.OfferSimulation.OfferSimulationNegative","AcceptOfferNegative"
"Validates GET /v1/inventory/trims with dynamic parameters - Positive Test","531","GetTrims - Validate all fields except id are returned","API_Regression_Suite","2026-03-11","failed","2026-03-11","autochek_api_positive.InventoryService.DynamicResponsePositive","Autochek_API_Automation","autochek_api_positive.InventoryService.DynamicResponsePositive","GetTrims"
"Validates GET /v2/origination/loans/{loan_id}/logbook/booking-info - Negative Test","671","GetBookingInfoForLogbookLoanNegative - loan_id with very long string","API_Regression_Suite","2026-03-11","passed","2026-03-11","autochek_api_negative.OriginationService.ResponsePayloadReductionV2APIsNegative","Autochek_API_Automation","autochek_api_negative.OriginationService.ResponsePayloadReductionV2APIsNegative","GetBookingInfoForLogbookLoanNegative"
"","3","PostUserSignUpV2Negative - FirstName is null","API_Regression_Suite","2026-03-11","skipped","2026-03-11","autochek_api_negative.UserService.UserServiceV2Negative","Autochek_API_Automation","autochek_api_negative.UserService.UserServiceV2Negative","PostUserSignUpV2Negative"
"Negative test for Create System Config V2","4","PostSystemConfigV2 - DISALLOW_WHITESPACES SQL injection attempt","API_Regression_Suite","2026-03-11","skipped","2026-03-11","autochek_api_negative.UserService.UserServiceV2Negative","Autochek_API_Automation","autochek_api_negative.UserService.UserServiceV2Negative","PostSystemConfigV2"
"Validates GET /v2/origination/partners with dynamic parameters - Positive Test","614","GetPartnersListNegative - country is array","API_Regression_Suite","2026-03-11","passed","2026-03-11","autochek_api_negative.OriginationService.ResponsePayloadReductionV2APIsNegative","Autochek_API_Automation","autochek_api_negative.OriginationService.ResponsePayloadReductionV2APIsNegative","GetPartnersListNegative"
"Submit Loan Customer Preferences","624","SubmitLoanPreferencesNegative - upfrontTyres blank","API_Regression_Suite","2026-03-11","passed","2026-03-11","autochek_api_negative.OfferSimulation.OfferSimulationNegative","Autochek_API_Automation","autochek_api_negative.OfferSimulation.OfferSimulationNegative","SubmitLoanPreferencesNegative"
"Submit Loan Customer Preferences","562","SubmitLoanPreferencesNegative - monthlyPayment decimal value","API_Regression_Suite","2026-03-11","passed","2026-03-11","autochek_api_negative.OfferSimulation.OfferSimulationNegative","Autochek_API_Automation","autochek_api_negative.OfferSimulation.OfferSimulationNegative","SubmitLoanPreferencesNegative"
"Negative test for Create System Config V2","0","PostSystemConfigV2 - MAX_CONCURRENT_SESSIONS zero value","API_Regression_Suite","2026-03-11","skipped","2026-03-11","autochek_api_negative.UserService.UserServiceV2Negative","Autochek_API_Automation","autochek_api_negative.UserService.UserServiceV2Negative","PostSystemConfigV2"
"Validates GET /v2/origination/offers with dynamic parameters - Positive Test","726","GetOffersListNegative - page_size is negative","API_Regression_Suite","2026-03-11","passed","2026-03-11","autochek_api_negative.OriginationService.ResponsePayloadReductionV2APIsNegative","Autochek_API_Automation","autochek_api_negative.OriginationService.ResponsePayloadReductionV2APIsNegative","GetOffersListNegative"
"Validate negative scenarios for template creation based on sheet data","3","UpdateEmailTemplate - account_id contains JSON object instead of numeric value","API_Regression_Suite","2026-03-11","skipped","2026-03-11","autochek_api_negative.Template.TemplateV1Negative.TemplateV1Negative","Autochek_API_Automation","autochek_api_negative.Template.TemplateV1Negative.TemplateV1Negative","UpdateEmailTemplate"
"","3396","LogoutAndTestOtherSessionsRemainLoggedIn - {""all"": false}","API_Regression_Suite","2026-03-11","passed","2026-03-11","autochek_api_positive.UserService.UserServiceV2","Autochek_API_Automation","autochek_api_positive.UserService.UserServiceV2","LogoutAndTestOtherSessionsRemainLoggedIn"
"Validates negative test cases for Preview Template API using first created templateId map","3","PreviewTemplateNegativeTest - channel boolean value","API_Regression_Suite","2026-03-11","skipped","2026-03-11","autochek_api_negative.Template.TemplateV1Negative.TemplateV1Negative","Autochek_API_Automation","autochek_api_negative.Template.TemplateV1Negative.TemplateV1Negative","PreviewTemplateNegativeTest"
"","1514","submitLoanPreference - Omit tyreQuantity","API_Regression_Suite","2026-03-11","passed","2026-03-11","autochek_api_positive.OfferSimulation.OfferSimulationPositive","Autochek_API_Automation","autochek_api_positive.OfferSimulation.OfferSimulationPositive","submitLoanPreference"
"Update System Config dynamically for PASSWORD_POLICY or USER_SESSION","0","PatchSystemConfigV2 - MAX_CONCURRENT_SESSIONS positive value","API_Regression_Suite","2026-03-11","skipped","2026-03-11","autochek_api_negative.UserService.UserServiceV2Negative","Autochek_API_Automation","autochek_api_negative.UserService.UserServiceV2Negative","PatchSystemConfigV2"
"Validate negative scenarios for template creation based on sheet data","2","UpdateEmailTemplate - renderByUs contains SQL injection payload","API_Regression_Suite","2026-03-11","skipped","2026-03-11","autochek_api_negative.Template.TemplateV1Negative.TemplateV1Negative","Autochek_API_Automation","autochek_api_negative.Template.TemplateV1Negative.TemplateV1Negative","UpdateEmailTemplate"
"","0","PostLoginV2Negative - Password field is omitted","API_Regression_Suite","2026-03-11","skipped","2026-03-11","autochek_api_negative.UserService.UserServiceV2Negative","Autochek_API_Automation","autochek_api_negative.UserService.UserServiceV2Negative","PostLoginV2Negative"
"Preview template content for Email, WhatsApp and SMS","15","previewTemplates","API_Regression_Suite","2026-03-11","skipped","2026-03-11","autochek_api_positive.Template.TemplateV1Positive","Autochek_API_Automation","autochek_api_positive.Template.TemplateV1Positive","previewTemplates"
"Validates GET /v2/origination/sources with dynamic parameters - Positive Test","3","GetSourcesList - country is KE","API_Regression_Suite","2026-03-11","skipped","2026-03-11","autochek_api_positive.OriginationService.ResponsePayloadReductionV2APIs","Autochek_API_Automation","autochek_api_positive.OriginationService.ResponsePayloadReductionV2APIs","GetSourcesList"
"Validates GET /v1/inventory/model with dynamic parameters - Positive Test","624","GetModelList - Validate only name field is returned","API_Regression_Suite","2026-03-11","broken","2026-03-11","autochek_api_positive.InventoryService.DynamicResponsePositive","Autochek_API_Automation","autochek_api_positive.InventoryService.DynamicResponsePositive","GetModelList"
"Submit Loan Customer Preferences","715","SubmitLoanPreferencesNegative - upfrontWarranty boolean instead of string","API_Regression_Suite","2026-03-11","passed","2026-03-11","autochek_api_negative.OfferSimulation.OfferSimulationNegative","Autochek_API_Automation","autochek_api_negative.OfferSimulation.OfferSimulationNegative","SubmitLoanPreferencesNegative"
"Submit Loan Customer Preferences","867","SubmitLoanPreferencesNegative - upfrontMaintenancePlan XSS injection","API_Regression_Suite","2026-03-11","passed","2026-03-11","autochek_api_negative.OfferSimulation.OfferSimulationNegative","Autochek_API_Automation","autochek_api_negative.OfferSimulation.OfferSimulationNegative","SubmitLoanPreferencesNegative"
"Validates GET /v1/inventory/car with dynamic parameters - Negative Test","1099","GetCarListNegative - Pass invalid structure in relations","API_Regression_Suite","2026-03-11","passed","2026-03-11","autochek_api_negative.InventoryService.DynamicResponseNegative","Autochek_API_Automation","autochek_api_negative.InventoryService.DynamicResponseNegative","GetCarListNegative"
"","3","PostLookUpV2Negative - Identifier is too long to be valid phone number","API_Regression_Suite","2026-03-11","skipped","2026-03-11","autochek_api_negative.UserService.UserServiceV2Negative","Autochek_API_Automation","autochek_api_negative.UserService.UserServiceV2Negative","PostLookUpV2Negative"
"Validate negative scenarios for template creation based on sheet data","5","UpdateEmailTemplate - Pass token as empty","API_Regression_Suite","2026-03-11","skipped","2026-03-11","autochek_api_negative.Template.TemplateV1Negative.TemplateV1Negative","Autochek_API_Automation","autochek_api_negative.Template.TemplateV1Negative.TemplateV1Negative","UpdateEmailTemplate"
"Update Car and Validate Response","2124","PutUpdateCar - engine_number only special characters","API_Regression_Suite","2026-03-11","passed","2026-03-11","autochek_api_negative.DetachTyresSpecification.DetachTyresSpecificationNegative","Autochek_API_Automation","autochek_api_negative.DetachTyresSpecification.DetachTyresSpecificationNegative","PutUpdateCar"
"Validates GET /v2/origination/loans/{loan_id}/accepted-offer - Negative Test","1340","GetAcceptedOfferByLoanIdNegative - offer_id with only special characters","API_Regression_Suite","2026-03-11","passed","2026-03-11","autochek_api_negative.OriginationService.ResponsePayloadReductionV2APIsNegative","Autochek_API_Automation","autochek_api_negative.OriginationService.ResponsePayloadReductionV2APIsNegative","GetAcceptedOfferByLoanIdNegative"
"","2","PostUserSignUpV2Negative - Invalid email format","API_Regression_Suite","2026-03-11","skipped","2026-03-11","autochek_api_negative.UserService.UserServiceV2Negative","Autochek_API_Automation","autochek_api_negative.UserService.UserServiceV2Negative","PostUserSignUpV2Negative"
"Update Car and Validate Response","662","PutUpdateCar - city as null","API_Regression_Suite","2026-03-11","passed","2026-03-11","autochek_api_negative.DetachTyresSpecification.DetachTyresSpecificationNegative","Autochek_API_Automation","autochek_api_negative.DetachTyresSpecification.DetachTyresSpecificationNegative","PutUpdateCar"
"Validates GET /v2/origination/banks with dynamic parameters - Positive Test","10","GetBanksList - valid request where page_size is at a boundary value (10)","API_Regression_Suite","2026-03-11","skipped","2026-03-11","autochek_api_positive.OriginationService.ResponsePayloadReductionV2APIs","Autochek_API_Automation","autochek_api_positive.OriginationService.ResponsePayloadReductionV2APIs","GetBanksList"
"Create Inspection for the carID generated in Car Creation","681","PostCreateInspection - Array instead of string","API_Regression_Suite","2026-03-11","passed","2026-03-11","autochek_api_negative.DetachTyresSpecification.DetachTyresSpecificationNegative","Autochek_API_Automation","autochek_api_negative.DetachTyresSpecification.DetachTyresSpecificationNegative","PostCreateInspection"
"Update System Config dynamically for PASSWORD_POLICY or USER_SESSION","3","PatchSystemConfigV2 - REQUIRE_UPPERCASE SQL injection attempt","API_Regression_Suite","2026-03-11","skipped","2026-03-11","autochek_api_negative.UserService.UserServiceV2Negative","Autochek_API_Automation","autochek_api_negative.UserService.UserServiceV2Negative","PatchSystemConfigV2"
"Update System Config dynamically for PASSWORD_POLICY or USER_SESSION","3","PatchSystemConfigV2 - MAX_LENGTH null","API_Regression_Suite","2026-03-11","skipped","2026-03-11","autochek_api_negative.UserService.UserServiceV2Negative","Autochek_API_Automation","autochek_api_negative.UserService.UserServiceV2Negative","PatchSystemConfigV2"
"Validates GET /v2/origination/partners with dynamic parameters - Positive Test","532","GetPartnersListNegative - page_size is special characters","API_Regression_Suite","2026-03-11","passed","2026-03-11","autochek_api_negative.OriginationService.ResponsePayloadReductionV2APIsNegative","Autochek_API_Automation","autochek_api_negative.OriginationService.ResponsePayloadReductionV2APIsNegative","GetPartnersListNegative"
"Update Car and Validate Response","853","PutUpdateCar - address with whitespace only","API_Regression_Suite","2026-03-11","passed","2026-03-11","autochek_api_negative.DetachTyresSpecification.DetachTyresSpecificationNegative","Autochek_API_Automation","autochek_api_negative.DetachTyresSpecification.DetachTyresSpecificationNegative","PutUpdateCar"
"","3","PostEnableUserV2Negative - Send very long string for userId","API_Regression_Suite","2026-03-11","skipped","2026-03-11","autochek_api_negative.UserService.UserServiceV2Negative","Autochek_API_Automation","autochek_api_negative.UserService.UserServiceV2Negative","PostEnableUserV2Negative"
"Validates GET /v1/inventory/car with dynamic parameters - Positive Test","552","GetCarList - Validate deep nested fields id,model(make(id,name)) are returned","API_Regression_Suite","2026-03-11","broken","2026-03-11","autochek_api_positive.InventoryService.DynamicResponsePositive","Autochek_API_Automation","autochek_api_positive.InventoryService.DynamicResponsePositive","GetCarList"
"Get Offer Details by OfferID","730","GetOffersByIdNegative - offer_id with Unicode characters","API_Regression_Suite","2026-03-11","passed","2026-03-11","autochek_api_negative.OriginationService.ResponsePayloadReductionV2APIsNegative","Autochek_API_Automation","autochek_api_negative.OriginationService.ResponsePayloadReductionV2APIsNegative","GetOffersByIdNegative"
"","4","PostUserSignUpV2Negative - Email is null","API_Regression_Suite","2026-03-11","skipped","2026-03-11","autochek_api_negative.UserService.UserServiceV2Negative","Autochek_API_Automation","autochek_api_negative.UserService.UserServiceV2Negative","PostUserSignUpV2Negative"
"Validates GET /v1/inspection with dynamic parameters - Negative Test","509","GetInspectionNegative - Pass nested relation not supported","API_Regression_Suite","2026-03-11","passed","2026-03-11","autochek_api_negative.InventoryService.DynamicResponseNegative","Autochek_API_Automation","autochek_api_negative.InventoryService.DynamicResponseNegative","GetInspectionNegative"
"Create Inspection for the carID generated in Car Creation","828","PostCreateInspection - car_id null + country invalid","API_Regression_Suite","2026-03-11","passed","2026-03-11","autochek_api_negative.DetachTyresSpecification.DetachTyresSpecificationNegative","Autochek_API_Automation","autochek_api_negative.DetachTyresSpecification.DetachTyresSpecificationNegative","PostCreateInspection"
"Submit Loan Customer Preferences","1391","SubmitLoanPreferencesNegative - interestRate special characters","API_Regression_Suite","2026-03-11","passed","2026-03-11","autochek_api_negative.OfferSimulation.OfferSimulationNegative","Autochek_API_Automation","autochek_api_negative.OfferSimulation.OfferSimulationNegative","SubmitLoanPreferencesNegative"
"Create Welcome Email template with dynamic unique name and providerId and validate response fields","18","createWelcomeEmailTemplate - Verify template creation with audienceType Customer and category Transactional","API_Regression_Suite","2026-03-11","skipped","2026-03-11","autochek_api_positive.Template.TemplateV1Positive","Autochek_API_Automation","autochek_api_positive.Template.TemplateV1Positive","createWelcomeEmailTemplate"
"Submit Loan Customer Preferences","521","SubmitLoanPreferencesNegative - upfrontTyres object instead of boolean","API_Regression_Suite","2026-03-11","failed","2026-03-11","autochek_api_negative.OfferSimulation.OfferSimulationNegative","Autochek_API_Automation","autochek_api_negative.OfferSimulation.OfferSimulationNegative","SubmitLoanPreferencesNegative"
"Validates GET /v1/inventory/obds with dynamic parameters - Negative Test","524","GetObdsNegative - SQL injection with multiple fields","API_Regression_Suite","2026-03-11","passed","2026-03-11","autochek_api_negative.InventoryService.DynamicResponseNegative","Autochek_API_Automation","autochek_api_negative.InventoryService.DynamicResponseNegative","GetObdsNegative"
"Validates negative test cases for Send Template API with various invalid and omitted parameters","0","SendTemplateNegativeTest - user_name boolean value","API_Regression_Suite","2026-03-11","skipped","2026-03-11","autochek_api_negative.Template.TemplateV1Negative.TemplateV1Negative","Autochek_API_Automation","autochek_api_negative.Template.TemplateV1Negative.TemplateV1Negative","SendTemplateNegativeTest"
"Submit Loan Customer Preferences","1325","SubmitLoanPreferencesNegative - feePaymentMethod numeric value","API_Regression_Suite","2026-03-11","passed","2026-03-11","autochek_api_negative.OfferSimulation.OfferSimulationNegative","Autochek_API_Automation","autochek_api_negative.OfferSimulation.OfferSimulationNegative","SubmitLoanPreferencesNegative"
"Validates GET /v1/inventory/body_type with dynamic parameters - Positive Test","615","GetBodyType - Validate only id field is returned","API_Regression_Suite","2026-03-11","passed","2026-03-11","autochek_api_positive.InventoryService.DynamicResponsePositive","Autochek_API_Automation","autochek_api_positive.InventoryService.DynamicResponsePositive","GetBodyType"
"Submit Loan Customer Preferences","782","SubmitLoanPreferencesNegative - term invalid format no unit","API_Regression_Suite","2026-03-11","passed","2026-03-11","autochek_api_negative.OfferSimulation.OfferSimulationNegative","Autochek_API_Automation","autochek_api_negative.OfferSimulation.OfferSimulationNegative","SubmitLoanPreferencesNegative"
"Create Inspection for the carID generated in Car Creation","943","PostCreateInspection - Object instead of boolean","API_Regression_Suite","2026-03-11","passed","2026-03-11","autochek_api_negative.DetachTyresSpecification.DetachTyresSpecificationNegative","Autochek_API_Automation","autochek_api_negative.DetachTyresSpecification.DetachTyresSpecificationNegative","PostCreateInspection"
"Validates GET /v1/inventory/make with dynamic fields filtering - Positive Test","513","GetMake - Verify response returns only id, name, imageUrl fields","API_Regression_Suite","2026-03-11","failed","2026-03-11","autochek_api_positive.InventoryService.DynamicResponsePositive","Autochek_API_Automation","autochek_api_positive.InventoryService.DynamicResponsePositive","GetMake"
"Submit Loan Customer Preferences","933","SubmitLoanPreferencesNegative - upfrontWarranty numeric instead of string","API_Regression_Suite","2026-03-11","passed","2026-03-11","autochek_api_negative.OfferSimulation.OfferSimulationNegative","Autochek_API_Automation","autochek_api_negative.OfferSimulation.OfferSimulationNegative","SubmitLoanPreferencesNegative"
"Submit Loan Customer Preferences","801","SubmitLoanPreferencesNegative - feePaymentMethod null","API_Regression_Suite","2026-03-11","passed","2026-03-11","autochek_api_negative.OfferSimulation.OfferSimulationNegative","Autochek_API_Automation","autochek_api_negative.OfferSimulation.OfferSimulationNegative","SubmitLoanPreferencesNegative"
"Validates GET /v1/inventory/model with dynamic parameters - Negative Test","630","GetModelListNegative - Pass unrelated entity field","API_Regression_Suite","2026-03-11","passed","2026-03-11","autochek_api_negative.InventoryService.DynamicResponseNegative","Autochek_API_Automation","autochek_api_negative.InventoryService.DynamicResponseNegative","GetModelListNegative"
"Negative test for Create System Config V2","0","PostSystemConfigV2 - MAX_CONCURRENT_SESSIONS empty value","API_Regression_Suite","2026-03-11","skipped","2026-03-11","autochek_api_negative.UserService.UserServiceV2Negative","Autochek_API_Automation","autochek_api_negative.UserService.UserServiceV2Negative","PostSystemConfigV2"
"Update Car and Validate Response","1122","PutUpdateCar - is_draft as empty","API_Regression_Suite","2026-03-11","failed","2026-03-11","autochek_api_negative.DetachTyresSpecification.DetachTyresSpecificationNegative","Autochek_API_Automation","autochek_api_negative.DetachTyresSpecification.DetachTyresSpecificationNegative","PutUpdateCar"
"Negative test for Create System Config V2","3","PostSystemConfigV2 - REQUIRE_LOWERCASE decimal value","API_Regression_Suite","2026-03-11","skipped","2026-03-11","autochek_api_negative.UserService.UserServiceV2Negative","Autochek_API_Automation","autochek_api_negative.UserService.UserServiceV2Negative","PostSystemConfigV2"
"Validates GET /v2/origination/sources with dynamic parameters - Positive Test","5","GetSourcesList - country is NG","API_Regression_Suite","2026-03-11","skipped","2026-03-11","autochek_api_positive.OriginationService.ResponsePayloadReductionV2APIs","Autochek_API_Automation","autochek_api_positive.OriginationService.ResponsePayloadReductionV2APIs","GetSourcesList"
"Update Car and Validate Response","1144","PutUpdateCar - is_upgraded as empty","API_Regression_Suite","2026-03-11","passed","2026-03-11","autochek_api_negative.DetachTyresSpecification.DetachTyresSpecificationNegative","Autochek_API_Automation","autochek_api_negative.DetachTyresSpecification.DetachTyresSpecificationNegative","PutUpdateCar"
"Submit Loan Customer Preferences","576","SubmitLoanPreferencesNegative - residualPercentage null","API_Regression_Suite","2026-03-11","passed","2026-03-11","autochek_api_negative.OfferSimulation.OfferSimulationNegative","Autochek_API_Automation","autochek_api_negative.OfferSimulation.OfferSimulationNegative","SubmitLoanPreferencesNegative"
"Validate negative scenarios for template creation based on sheet data","4","CreateEmailTemplate - account_id is False","API_Regression_Suite","2026-03-11","skipped","2026-03-11","autochek_api_negative.Template.TemplateV1Negative.TemplateV1Negative","Autochek_API_Automation","autochek_api_negative.Template.TemplateV1Negative.TemplateV1Negative","CreateEmailTemplate"
"Validates GET /v2/origination/partners with dynamic parameters - Positive Test","664","GetPartnersListNegative - country is boolean","API_Regression_Suite","2026-03-11","passed","2026-03-11","autochek_api_negative.OriginationService.ResponsePayloadReductionV2APIsNegative","Autochek_API_Automation","autochek_api_negative.OriginationService.ResponsePayloadReductionV2APIsNegative","GetPartnersListNegative"
"","4","PostLookUpV2Negative - Identifier is null","API_Regression_Suite","2026-03-11","skipped","2026-03-11","autochek_api_negative.UserService.UserServiceV2Negative","Autochek_API_Automation","autochek_api_negative.UserService.UserServiceV2Negative","PostLookUpV2Negative"
"Validates GET /v1/inventory/model with dynamic parameters - Positive Test","513","GetModelList - Validate multiple fields id,name are returned","API_Regression_Suite","2026-03-11","broken","2026-03-11","autochek_api_positive.InventoryService.DynamicResponsePositive","Autochek_API_Automation","autochek_api_positive.InventoryService.DynamicResponsePositive","GetModelList"
"","2","PostDisableUserV2Negative - Omit userId field entirely","API_Regression_Suite","2026-03-11","skipped","2026-03-11","autochek_api_negative.UserService.UserServiceV2Negative","Autochek_API_Automation","autochek_api_negative.UserService.UserServiceV2Negative","PostDisableUserV2Negative"
"Validates GET /v2/origination/sources with dynamic parameters - Negative Test","680","GetBanksListNegative - page_size is float","API_Regression_Suite","2026-03-11","passed","2026-03-11","autochek_api_negative.OriginationService.ResponsePayloadReductionV2APIsNegative","Autochek_API_Automation","autochek_api_negative.OriginationService.ResponsePayloadReductionV2APIsNegative","GetBanksListNegative"
"Update Car and Validate Response","720","PutUpdateCar - created_by numeric only","API_Regression_Suite","2026-03-11","passed","2026-03-11","autochek_api_negative.DetachTyresSpecification.DetachTyresSpecificationNegative","Autochek_API_Automation","autochek_api_negative.DetachTyresSpecification.DetachTyresSpecificationNegative","PutUpdateCar"
"Negative test for Create System Config V2","4","PostSystemConfigV2 - REQUIRE_LOWERCASE special characters","API_Regression_Suite","2026-03-11","skipped","2026-03-11","autochek_api_negative.UserService.UserServiceV2Negative","Autochek_API_Automation","autochek_api_negative.UserService.UserServiceV2Negative","PostSystemConfigV2"
"","3","PostDisableUserV2Negative - Send userId in invalid alphanumeric format","API_Regression_Suite","2026-03-11","skipped","2026-03-11","autochek_api_negative.UserService.UserServiceV2Negative","Autochek_API_Automation","autochek_api_negative.UserService.UserServiceV2Negative","PostDisableUserV2Negative"
"","1602","submitLoanPreference - Upfront Credit Life Insurance TRUE","API_Regression_Suite","2026-03-11","passed","2026-03-11","autochek_api_positive.OfferSimulation.OfferSimulationPositive","Autochek_API_Automation","autochek_api_positive.OfferSimulation.OfferSimulationPositive","submitLoanPreference"
"Update System Config dynamically for PASSWORD_POLICY or USER_SESSION","3","PatchSystemConfigV2 - MIN_LENGTH decimal","API_Regression_Suite","2026-03-11","skipped","2026-03-11","autochek_api_negative.UserService.UserServiceV2Negative","Autochek_API_Automation","autochek_api_negative.UserService.UserServiceV2Negative","PatchSystemConfigV2"
"","5","PostUserSignUpV2Negative - UserType is an empty string","API_Regression_Suite","2026-03-11","skipped","2026-03-11","autochek_api_negative.UserService.UserServiceV2Negative","Autochek_API_Automation","autochek_api_negative.UserService.UserServiceV2Negative","PostUserSignUpV2Negative"
"Delete USER_SESSION and PASSWORD_POLICY using stored IDs","4","deleteSystemConfigs - Delete with invalid ID (non-existing numeric ID)","API_Regression_Suite","2026-03-11","skipped","2026-03-11","autochek_api_negative.UserService.UserServiceV2Negative","Autochek_API_Automation","autochek_api_negative.UserService.UserServiceV2Negative","deleteSystemConfigs"
"Validates GET /v1/inventory/car with dynamic parameters - Negative Test","1214","GetCarListNegative - Validate API fails when requesting invalid field name","API_Regression_Suite","2026-03-11","passed","2026-03-11","autochek_api_negative.InventoryService.DynamicResponseNegative","Autochek_API_Automation","autochek_api_negative.InventoryService.DynamicResponseNegative","GetCarListNegative"
"Create Inspection for the carID generated in Car Creation","1301","PostCreateInspection - Too short inspection_request_summary_id","API_Regression_Suite","2026-03-11","passed","2026-03-11","autochek_api_negative.DetachTyresSpecification.DetachTyresSpecificationNegative","Autochek_API_Automation","autochek_api_negative.DetachTyresSpecification.DetachTyresSpecificationNegative","PostCreateInspection"
"Update Car and Validate Response","708","PutUpdateCar - owner_type special characters","API_Regression_Suite","2026-03-11","passed","2026-03-11","autochek_api_negative.DetachTyresSpecification.DetachTyresSpecificationNegative","Autochek_API_Automation","autochek_api_negative.DetachTyresSpecification.DetachTyresSpecificationNegative","PutUpdateCar"
"Verify that an expired token is rejected","671","LoginWithStaticTokenNegative","API_Regression_Suite","2026-03-11","passed","2026-03-11","autochek_api_negative.OfferSimulation.OfferSimulationNegative","Autochek_API_Automation","autochek_api_negative.OfferSimulation.OfferSimulationNegative","LoginWithStaticTokenNegative"
"Validates GET /v1/inventory/car with dynamic parameters - Negative Test","1108","GetCarListNegative - Pass excluded field that doesn't exist","API_Regression_Suite","2026-03-11","passed","2026-03-11","autochek_api_negative.InventoryService.DynamicResponseNegative","Autochek_API_Automation","autochek_api_negative.InventoryService.DynamicResponseNegative","GetCarListNegative"
"Create Inspection for the carID generated in Car Creation","1137","PostCreateInspection - Script injection attempt in completed","API_Regression_Suite","2026-03-11","passed","2026-03-11","autochek_api_negative.DetachTyresSpecification.DetachTyresSpecificationNegative","Autochek_API_Automation","autochek_api_negative.DetachTyresSpecification.DetachTyresSpecificationNegative","PostCreateInspection"
"","8037","UpdatePasswordShouldLogoutAllSessions","API_Regression_Suite","2026-03-11","failed","2026-03-11","autochek_api_positive.UserService.UserServiceV2","Autochek_API_Automation","autochek_api_positive.UserService.UserServiceV2","UpdatePasswordShouldLogoutAllSessions"
"Validates GET /v2/origination/loans/{loan_id}/accepted-offer - Negative Test","611","GetAcceptedOfferByLoanIdNegative - offer_id in base64 encoded format","API_Regression_Suite","2026-03-11","passed","2026-03-11","autochek_api_negative.OriginationService.ResponsePayloadReductionV2APIsNegative","Autochek_API_Automation","autochek_api_negative.OriginationService.ResponsePayloadReductionV2APIsNegative","GetAcceptedOfferByLoanIdNegative"
"Submit Loan Customer Preferences","564","SubmitLoanPreferencesNegative - upfrontVehicleRegistration string instead boolean","API_Regression_Suite","2026-03-11","passed","2026-03-11","autochek_api_negative.OfferSimulation.OfferSimulationNegative","Autochek_API_Automation","autochek_api_negative.OfferSimulation.OfferSimulationNegative","SubmitLoanPreferencesNegative"
"Get the list of Tyre brands","752","GetTyreBrandsNegative - Send an overly long string to test input length limit","API_Regression_Suite","2026-03-11","passed","2026-03-11","autochek_api_negative.OfferSimulation.OfferSimulationNegative","Autochek_API_Automation","autochek_api_negative.OfferSimulation.OfferSimulationNegative","GetTyreBrandsNegative"
"Validates GET /v1/inventory/obds with dynamic parameters - Positive Test","678","GetObds - Validate code and description fields are returned","API_Regression_Suite","2026-03-11","failed","2026-03-11","autochek_api_positive.InventoryService.DynamicResponsePositive","Autochek_API_Automation","autochek_api_positive.InventoryService.DynamicResponsePositive","GetObds"
"","3","PostLookUpV2Negative - Send invalid (tampered) access token","API_Regression_Suite","2026-03-11","skipped","2026-03-11","autochek_api_negative.UserService.UserServiceV2Negative","Autochek_API_Automation","autochek_api_negative.UserService.UserServiceV2Negative","PostLookUpV2Negative"
"Submit Loan Customer Preferences","1437","SubmitLoanPreferencesNegative - feePaymentMethod random unsupported value","API_Regression_Suite","2026-03-11","passed","2026-03-11","autochek_api_negative.OfferSimulation.OfferSimulationNegative","Autochek_API_Automation","autochek_api_negative.OfferSimulation.OfferSimulationNegative","SubmitLoanPreferencesNegative"
"Validate negative scenarios for template creation based on sheet data","4","CreateEmailTemplate - audienceType contains numeric value","API_Regression_Suite","2026-03-11","skipped","2026-03-11","autochek_api_negative.Template.TemplateV1Negative.TemplateV1Negative","Autochek_API_Automation","autochek_api_negative.Template.TemplateV1Negative.TemplateV1Negative","CreateEmailTemplate"
"","12","PostLoginV2Negative - Password too short (less than policy minimum)","API_Regression_Suite","2026-03-11","skipped","2026-03-11","autochek_api_negative.UserService.UserServiceV2Negative","Autochek_API_Automation","autochek_api_negative.UserService.UserServiceV2Negative","PostLoginV2Negative"
"Validates GET /v1/inventory/body_type with dynamic parameters - Negative Test","523","GetBodyTypeNegative - Pass completely invalid field","API_Regression_Suite","2026-03-11","passed","2026-03-11","autochek_api_negative.InventoryService.DynamicResponseNegative","Autochek_API_Automation","autochek_api_negative.InventoryService.DynamicResponseNegative","GetBodyTypeNegative"
"Validates GET /v1/inventory/obds with dynamic parameters - Negative Test","538","GetObdsNegative - Repeated same field multiple times","API_Regression_Suite","2026-03-11","passed","2026-03-11","autochek_api_negative.InventoryService.DynamicResponseNegative","Autochek_API_Automation","autochek_api_negative.InventoryService.DynamicResponseNegative","GetObdsNegative"
"Validates GET /v2/origination/loans with dynamic parameters - Positive Test","4","GetLoansList - valid request where page_size is at a boundary value (10)","API_Regression_Suite","2026-03-11","skipped","2026-03-11","autochek_api_positive.OriginationService.ResponsePayloadReductionV2APIs","Autochek_API_Automation","autochek_api_positive.OriginationService.ResponsePayloadReductionV2APIs","GetLoansList"
"Submit Loan Customer Preferences","566","SubmitLoanPreferencesNegative - tyreBrand array instead of string","API_Regression_Suite","2026-03-11","passed","2026-03-11","autochek_api_negative.OfferSimulation.OfferSimulationNegative","Autochek_API_Automation","autochek_api_negative.OfferSimulation.OfferSimulationNegative","SubmitLoanPreferencesNegative"
"Update Car and Validate Response","646","PutUpdateCar - city too long (200 chars)","API_Regression_Suite","2026-03-11","passed","2026-03-11","autochek_api_negative.DetachTyresSpecification.DetachTyresSpecificationNegative","Autochek_API_Automation","autochek_api_negative.DetachTyresSpecification.DetachTyresSpecificationNegative","PutUpdateCar"
"","3088","PostLogoutAllAdmin - User sends valid userId","API_Regression_Suite","2026-03-11","failed","2026-03-11","autochek_api_positive.UserService.UserServiceV2","Autochek_API_Automation","autochek_api_positive.UserService.UserServiceV2","PostLogoutAllAdmin"
"","9","PostEnableUserV2Negative - Send userId that doesn’t exist in system","API_Regression_Suite","2026-03-11","skipped","2026-03-11","autochek_api_negative.UserService.UserServiceV2Negative","Autochek_API_Automation","autochek_api_negative.UserService.UserServiceV2Negative","PostEnableUserV2Negative"
"Validates GET /v1/inventory/model with dynamic parameters - Positive Test","689","GetModelList - Pass only whitespace in fields","API_Regression_Suite","2026-03-11","passed","2026-03-11","autochek_api_positive.InventoryService.DynamicResponsePositive","Autochek_API_Automation","autochek_api_positive.InventoryService.DynamicResponsePositive","GetModelList"
"Get Offer Details by OfferID","605","GetOffersByIdNegative - offer_id in base64 encoded format","API_Regression_Suite","2026-03-11","passed","2026-03-11","autochek_api_negative.OriginationService.ResponsePayloadReductionV2APIsNegative","Autochek_API_Automation","autochek_api_negative.OriginationService.ResponsePayloadReductionV2APIsNegative","GetOffersByIdNegative"
"Validate negative scenarios for template creation based on sheet data","4","CreateEmailTemplate - account_id is True","API_Regression_Suite","2026-03-11","skipped","2026-03-11","autochek_api_negative.Template.TemplateV1Negative.TemplateV1Negative","Autochek_API_Automation","autochek_api_negative.Template.TemplateV1Negative.TemplateV1Negative","CreateEmailTemplate"
"Create Inspection for the carID generated in Car Creation","817","PostCreateInspection - Empty form_id","API_Regression_Suite","2026-03-11","passed","2026-03-11","autochek_api_negative.DetachTyresSpecification.DetachTyresSpecificationNegative","Autochek_API_Automation","autochek_api_negative.DetachTyresSpecification.DetachTyresSpecificationNegative","PostCreateInspection"
"Validates GET /v1/inventory/inspection_request with dynamic parameters - Negative Test","508","GetInspectionRequestNegative - Try SQL UNION based injection","API_Regression_Suite","2026-03-11","passed","2026-03-11","autochek_api_negative.InventoryService.DynamicResponseNegative","Autochek_API_Automation","autochek_api_negative.InventoryService.DynamicResponseNegative","GetInspectionRequestNegative"
"Negative test for Create System Config V2","16","PostSystemConfigV2 - MAX_LENGTH less than MIN_LENGTH","API_Regression_Suite","2026-03-11","skipped","2026-03-11","autochek_api_negative.UserService.UserServiceV2Negative","Autochek_API_Automation","autochek_api_negative.UserService.UserServiceV2Negative","PostSystemConfigV2"
"","2","PostUserSignUpV2Negative - LastName is an empty string","API_Regression_Suite","2026-03-11","skipped","2026-03-11","autochek_api_negative.UserService.UserServiceV2Negative","Autochek_API_Automation","autochek_api_negative.UserService.UserServiceV2Negative","PostUserSignUpV2Negative"
"Get the list of Tyre brands","594","GetTyreBrandsNegative - Use invalid case combination to test validation","API_Regression_Suite","2026-03-11","passed","2026-03-11","autochek_api_negative.OfferSimulation.OfferSimulationNegative","Autochek_API_Automation","autochek_api_negative.OfferSimulation.OfferSimulationNegative","GetTyreBrandsNegative"
"Negative test for Create System Config V2","3","PostSystemConfigV2 - REQUIRE_LOWERCASE zero value","API_Regression_Suite","2026-03-11","skipped","2026-03-11","autochek_api_negative.UserService.UserServiceV2Negative","Autochek_API_Automation","autochek_api_negative.UserService.UserServiceV2Negative","PostSystemConfigV2"
"","1722","submitLoanPreference - Omit monthlyPayment","API_Regression_Suite","2026-03-11","passed","2026-03-11","autochek_api_positive.OfferSimulation.OfferSimulationPositive","Autochek_API_Automation","autochek_api_positive.OfferSimulation.OfferSimulationPositive","submitLoanPreference"
"Validates negative test cases for Send Template API with various invalid and omitted parameters","7","SendTemplateNegativeTest - user_name null","API_Regression_Suite","2026-03-11","skipped","2026-03-11","autochek_api_negative.Template.TemplateV1Negative.TemplateV1Negative","Autochek_API_Automation","autochek_api_negative.Template.TemplateV1Negative.TemplateV1Negative","SendTemplateNegativeTest"
"Negative test for Create System Config V2","2","PostSystemConfigV2 - REQUIRE_LOWERCASE object structure passed","API_Regression_Suite","2026-03-11","skipped","2026-03-11","autochek_api_negative.UserService.UserServiceV2Negative","Autochek_API_Automation","autochek_api_negative.UserService.UserServiceV2Negative","PostSystemConfigV2"
"Delete USER_SESSION and PASSWORD_POLICY using stored IDs","3","deleteSystemConfigs - Delete with decimal ID","API_Regression_Suite","2026-03-11","skipped","2026-03-11","autochek_api_negative.UserService.UserServiceV2Negative","Autochek_API_Automation","autochek_api_negative.UserService.UserServiceV2Negative","deleteSystemConfigs"
"Submit Loan Customer Preferences","4761","SubmitLoanPreferencesNegative - includeLicenceRenewalFees numeric value","API_Regression_Suite","2026-03-11","passed","2026-03-11","autochek_api_negative.OfferSimulation.OfferSimulationNegative","Autochek_API_Automation","autochek_api_negative.OfferSimulation.OfferSimulationNegative","SubmitLoanPreferencesNegative"
"","3","PostRefreshV2Negative - No cookie header sent","API_Regression_Suite","2026-03-11","skipped","2026-03-11","autochek_api_negative.UserService.UserServiceV2Negative","Autochek_API_Automation","autochek_api_negative.UserService.UserServiceV2Negative","PostRefreshV2Negative"
"Update Car and Validate Response","811","PutUpdateCar - city with whitespace only","API_Regression_Suite","2026-03-11","passed","2026-03-11","autochek_api_negative.DetachTyresSpecification.DetachTyresSpecificationNegative","Autochek_API_Automation","autochek_api_negative.DetachTyresSpecification.DetachTyresSpecificationNegative","PutUpdateCar"
"Validate negative scenarios for template creation based on sheet data","4","CreateEmailTemplate - Name contains special characters","API_Regression_Suite","2026-03-11","skipped","2026-03-11","autochek_api_negative.Template.TemplateV1Negative.TemplateV1Negative","Autochek_API_Automation","autochek_api_negative.Template.TemplateV1Negative.TemplateV1Negative","CreateEmailTemplate"
"Validates GET /v1/inspection with dynamic parameters - Positive Test","704","GetInspection - Validate only id field is returned","API_Regression_Suite","2026-03-11","broken","2026-03-11","autochek_api_positive.InventoryService.DynamicResponsePositive","Autochek_API_Automation","autochek_api_positive.InventoryService.DynamicResponsePositive","GetInspection"
"Accept Simulation Offer","691","AcceptOfferNegative - loan_id with very long string","API_Regression_Suite","2026-03-11","passed","2026-03-11","autochek_api_negative.OfferSimulation.OfferSimulationNegative","Autochek_API_Automation","autochek_api_negative.OfferSimulation.OfferSimulationNegative","AcceptOfferNegative"
"","0","SetUp","API_Regression_Suite","2026-03-11","broken","2026-03-11","autochek_api_negative.UserService.UserServiceV2Negative","Autochek_API_Automation","autochek_api_negative.UserService.UserServiceV2Negative","SetUp"
"","0","PostEnableUserV2Negative - Send no access token in cookie/header","API_Regression_Suite","2026-03-11","skipped","2026-03-11","autochek_api_negative.UserService.UserServiceV2Negative","Autochek_API_Automation","autochek_api_negative.UserService.UserServiceV2Negative","PostEnableUserV2Negative"
"Filter templates based on audienceType and validate response","6","filterTemplate - category contains special characters","API_Regression_Suite","2026-03-11","skipped","2026-03-11","autochek_api_negative.Template.TemplateV1Negative.TemplateV1Negative","Autochek_API_Automation","autochek_api_negative.Template.TemplateV1Negative.TemplateV1Negative","filterTemplate"
"Validates GET /v2/origination/loans/{loan_id}/logbook/car-details - Negative Test","556","GetLogbookCarDetailsByLoanIdNegative - loan_id with very short string","API_Regression_Suite","2026-03-11","passed","2026-03-11","autochek_api_negative.OriginationService.ResponsePayloadReductionV2APIsNegative","Autochek_API_Automation","autochek_api_negative.OriginationService.ResponsePayloadReductionV2APIsNegative","GetLogbookCarDetailsByLoanIdNegative"
"Validates GET /v2/origination/offers with dynamic parameters - Positive Test","4","GetOffersList - country is KE","API_Regression_Suite","2026-03-11","skipped","2026-03-11","autochek_api_positive.OriginationService.ResponsePayloadReductionV2APIs","Autochek_API_Automation","autochek_api_positive.OriginationService.ResponsePayloadReductionV2APIs","GetOffersList"
"","3","PostLookUpV2Negative - Identifier is an empty string","API_Regression_Suite","2026-03-11","skipped","2026-03-11","autochek_api_negative.UserService.UserServiceV2Negative","Autochek_API_Automation","autochek_api_negative.UserService.UserServiceV2Negative","PostLookUpV2Negative"
"Create Inspection for the carID generated in Car Creation","897","PostCreateInspection - Invalid longitude format","API_Regression_Suite","2026-03-11","passed","2026-03-11","autochek_api_negative.DetachTyresSpecification.DetachTyresSpecificationNegative","Autochek_API_Automation","autochek_api_negative.DetachTyresSpecification.DetachTyresSpecificationNegative","PostCreateInspection"
"Update Car and Validate Response","1062","PutUpdateCar - engine_number too long (100+ chars)","API_Regression_Suite","2026-03-11","passed","2026-03-11","autochek_api_negative.DetachTyresSpecification.DetachTyresSpecificationNegative","Autochek_API_Automation","autochek_api_negative.DetachTyresSpecification.DetachTyresSpecificationNegative","PutUpdateCar"
"Validates GET /v1/inspection with dynamic parameters - Negative Test","900","GetInspectionNegative - Pass duplicate fields","API_Regression_Suite","2026-03-11","passed","2026-03-11","autochek_api_negative.InventoryService.DynamicResponseNegative","Autochek_API_Automation","autochek_api_negative.InventoryService.DynamicResponseNegative","GetInspectionNegative"
"","4","PostUserSignUpV2Negative - Country has an invalid code","API_Regression_Suite","2026-03-11","skipped","2026-03-11","autochek_api_negative.UserService.UserServiceV2Negative","Autochek_API_Automation","autochek_api_negative.UserService.UserServiceV2Negative","PostUserSignUpV2Negative"
"","5","PostLogoutV2Negative - Missing refresh token incookie","API_Regression_Suite","2026-03-11","skipped","2026-03-11","autochek_api_negative.UserService.UserServiceV2Negative","Autochek_API_Automation","autochek_api_negative.UserService.UserServiceV2Negative","PostLogoutV2Negative"
"Negative test for Create System Config V2","3","PostSystemConfigV2 - REQUIRE_NUMBER numeric other than boolean","API_Regression_Suite","2026-03-11","skipped","2026-03-11","autochek_api_negative.UserService.UserServiceV2Negative","Autochek_API_Automation","autochek_api_negative.UserService.UserServiceV2Negative","PostSystemConfigV2"
"Submit Loan Customer Preferences","587","SubmitLoanPreferencesNegative - vehicleDiscount 0%","API_Regression_Suite","2026-03-11","passed","2026-03-11","autochek_api_negative.OfferSimulation.OfferSimulationNegative","Autochek_API_Automation","autochek_api_negative.OfferSimulation.OfferSimulationNegative","SubmitLoanPreferencesNegative"
"Update System Config dynamically for PASSWORD_POLICY or USER_SESSION","17","PatchSystemConfigV2 - DISALLOW_WHITESPACES object structure passed","API_Regression_Suite","2026-03-11","skipped","2026-03-11","autochek_api_negative.UserService.UserServiceV2Negative","Autochek_API_Automation","autochek_api_negative.UserService.UserServiceV2Negative","PatchSystemConfigV2"
"Submit Loan Customer Preferences","678","SubmitLoanPreferencesNegative - Tyre Quantity negative value","API_Regression_Suite","2026-03-11","passed","2026-03-11","autochek_api_negative.OfferSimulation.OfferSimulationNegative","Autochek_API_Automation","autochek_api_negative.OfferSimulation.OfferSimulationNegative","SubmitLoanPreferencesNegative"
"Validates GET /v1/inspection with dynamic parameters - Negative Test","799","GetInspectionNegative - Validate API fails when requesting multiple invalid fields","API_Regression_Suite","2026-03-11","passed","2026-03-11","autochek_api_negative.InventoryService.DynamicResponseNegative","Autochek_API_Automation","autochek_api_negative.InventoryService.DynamicResponseNegative","GetInspectionNegative"
"Create Inspection for the carID generated in Car Creation","2915","PostCreateInspection - Null location value","API_Regression_Suite","2026-03-11","passed","2026-03-11","autochek_api_negative.DetachTyresSpecification.DetachTyresSpecificationNegative","Autochek_API_Automation","autochek_api_negative.DetachTyresSpecification.DetachTyresSpecificationNegative","PostCreateInspection"
"","2","PostUserSignUpV2Negative - LastName field is omitted from the request body","API_Regression_Suite","2026-03-11","skipped","2026-03-11","autochek_api_negative.UserService.UserServiceV2Negative","Autochek_API_Automation","autochek_api_negative.UserService.UserServiceV2Negative","PostUserSignUpV2Negative"
"Submit Loan Customer Preferences","568","SubmitLoanPreferencesNegative - upfrontTyres XSS injection","API_Regression_Suite","2026-03-11","passed","2026-03-11","autochek_api_negative.OfferSimulation.OfferSimulationNegative","Autochek_API_Automation","autochek_api_negative.OfferSimulation.OfferSimulationNegative","SubmitLoanPreferencesNegative"
"Validates negative test cases for Preview Template API using first created templateId map","4","PreviewTemplateNegativeTest - channel as array","API_Regression_Suite","2026-03-11","skipped","2026-03-11","autochek_api_negative.Template.TemplateV1Negative.TemplateV1Negative","Autochek_API_Automation","autochek_api_negative.Template.TemplateV1Negative.TemplateV1Negative","PreviewTemplateNegativeTest"
"","4","PostUserSignUpV2Negative - Password is an empty string","API_Regression_Suite","2026-03-11","skipped","2026-03-11","autochek_api_negative.UserService.UserServiceV2Negative","Autochek_API_Automation","autochek_api_negative.UserService.UserServiceV2Negative","PostUserSignUpV2Negative"
"Validates GET /v2/origination/sources with dynamic parameters - Negative Test","607","GetSourcesListNegative - page_size is array","API_Regression_Suite","2026-03-11","passed","2026-03-11","autochek_api_negative.OriginationService.ResponsePayloadReductionV2APIsNegative","Autochek_API_Automation","autochek_api_negative.OriginationService.ResponsePayloadReductionV2APIsNegative","GetSourcesListNegative"
"Validates GET /v1/inventory/make with dynamic fields filtering - Positive Test","536","GetMake - Verify response returns only id, name fields (exclude imageUrl)","API_Regression_Suite","2026-03-11","failed","2026-03-11","autochek_api_positive.InventoryService.DynamicResponsePositive","Autochek_API_Automation","autochek_api_positive.InventoryService.DynamicResponsePositive","GetMake"
"Update System Config dynamically for PASSWORD_POLICY or USER_SESSION","0","PatchSystemConfigV2 - REQUIRE_LOWERCASE array structure passed","API_Regression_Suite","2026-03-11","skipped","2026-03-11","autochek_api_negative.UserService.UserServiceV2Negative","Autochek_API_Automation","autochek_api_negative.UserService.UserServiceV2Negative","PatchSystemConfigV2"
"Update description and render flag for all stored Email, WhatsApp and SMS templates","0","updateAllTemplates","API_Regression_Suite","2026-03-11","skipped","2026-03-11","autochek_api_positive.Template.TemplateV1Positive","Autochek_API_Automation","autochek_api_positive.Template.TemplateV1Positive","updateAllTemplates"
"","3","PostLogoutV2Negative - Send refresh token containing SQL injection string in cookie","API_Regression_Suite","2026-03-11","skipped","2026-03-11","autochek_api_negative.UserService.UserServiceV2Negative","Autochek_API_Automation","autochek_api_negative.UserService.UserServiceV2Negative","PostLogoutV2Negative"
"Create Inspection for the carID generated in Car Creation","930","PostCreateInspection - Empty id","API_Regression_Suite","2026-03-11","passed","2026-03-11","autochek_api_negative.DetachTyresSpecification.DetachTyresSpecificationNegative","Autochek_API_Automation","autochek_api_negative.DetachTyresSpecification.DetachTyresSpecificationNegative","PostCreateInspection"
"Submit Loan Customer Preferences","917","SubmitLoanPreferencesNegative - residualPercentage decimal value","API_Regression_Suite","2026-03-11","passed","2026-03-11","autochek_api_negative.OfferSimulation.OfferSimulationNegative","Autochek_API_Automation","autochek_api_negative.OfferSimulation.OfferSimulationNegative","SubmitLoanPreferencesNegative"
"Validate negative scenarios for template creation based on sheet data","4","CreateEmailTemplate - account_id is empty string while others are valid","API_Regression_Suite","2026-03-11","skipped","2026-03-11","autochek_api_negative.Template.TemplateV1Negative.TemplateV1Negative","Autochek_API_Automation","autochek_api_negative.Template.TemplateV1Negative.TemplateV1Negative","CreateEmailTemplate"
"Validates negative test cases for Preview Template API using first created templateId map","5","PreviewTemplateNegativeTest - account_id omitted while mandatory","API_Regression_Suite","2026-03-11","skipped","2026-03-11","autochek_api_negative.Template.TemplateV1Negative.TemplateV1Negative","Autochek_API_Automation","autochek_api_negative.Template.TemplateV1Negative.TemplateV1Negative","PreviewTemplateNegativeTest"
"Submit Loan Customer Preferences","720","SubmitLoanPreferencesNegative - interestRate null","API_Regression_Suite","2026-03-11","passed","2026-03-11","autochek_api_negative.OfferSimulation.OfferSimulationNegative","Autochek_API_Automation","autochek_api_negative.OfferSimulation.OfferSimulationNegative","SubmitLoanPreferencesNegative"
"Create Inspection for the carID generated in Car Creation","606","PostCreateInspection - Null inspection_type value","API_Regression_Suite","2026-03-11","passed","2026-03-11","autochek_api_negative.DetachTyresSpecification.DetachTyresSpecificationNegative","Autochek_API_Automation","autochek_api_negative.DetachTyresSpecification.DetachTyresSpecificationNegative","PostCreateInspection"
"","3","PatchUpdatePasswordV2Negative - Send no access token in cookie/header","API_Regression_Suite","2026-03-11","skipped","2026-03-11","autochek_api_negative.UserService.UserServiceV2Negative","Autochek_API_Automation","autochek_api_negative.UserService.UserServiceV2Negative","PatchUpdatePasswordV2Negative"
"Validates negative test cases for Send Template API with various invalid and omitted parameters","9","SendTemplateNegativeTest - name omitted","API_Regression_Suite","2026-03-11","skipped","2026-03-11","autochek_api_negative.Template.TemplateV1Negative.TemplateV1Negative","Autochek_API_Automation","autochek_api_negative.Template.TemplateV1Negative.TemplateV1Negative","SendTemplateNegativeTest"
"Validates GET /v1/inventory/body_type with dynamic parameters - Negative Test","516","GetBodyTypeNegative - Pass excluded field that doesn’t exist","API_Regression_Suite","2026-03-11","passed","2026-03-11","autochek_api_negative.InventoryService.DynamicResponseNegative","Autochek_API_Automation","autochek_api_negative.InventoryService.DynamicResponseNegative","GetBodyTypeNegative"
"Create Inspection for the carID generated in Car Creation","762","PostCreateInspection - Only longitude without latitude","API_Regression_Suite","2026-03-11","passed","2026-03-11","autochek_api_negative.DetachTyresSpecification.DetachTyresSpecificationNegative","Autochek_API_Automation","autochek_api_negative.DetachTyresSpecification.DetachTyresSpecificationNegative","PostCreateInspection"
"Update Car and Validate Response","610","PutUpdateCar - owner_type script injection","API_Regression_Suite","2026-03-11","passed","2026-03-11","autochek_api_negative.DetachTyresSpecification.DetachTyresSpecificationNegative","Autochek_API_Automation","autochek_api_negative.DetachTyresSpecification.DetachTyresSpecificationNegative","PutUpdateCar"
"Filter templates based on audienceType and validate response","5","filterTemplate - category exceeds maximum allowed length","API_Regression_Suite","2026-03-11","skipped","2026-03-11","autochek_api_negative.Template.TemplateV1Negative.TemplateV1Negative","Autochek_API_Automation","autochek_api_negative.Template.TemplateV1Negative.TemplateV1Negative","filterTemplate"
"","3","PostUserSignUpV2Negative - Country field is omitted from the request body","API_Regression_Suite","2026-03-11","skipped","2026-03-11","autochek_api_negative.UserService.UserServiceV2Negative","Autochek_API_Automation","autochek_api_negative.UserService.UserServiceV2Negative","PostUserSignUpV2Negative"
"Create Car and Validate Response","2849","CreateCar - Verify car creation with fuel type diesel","API_Regression_Suite","2026-03-11","broken","2026-03-11","autochek_api_positive.DetachTyreSpecification.DetachTyreSpecificationPositive","Autochek_API_Automation","autochek_api_positive.DetachTyreSpecification.DetachTyreSpecificationPositive","CreateCar"
"Validates GET /v1/inventory/car with dynamic parameters - Negative Test","615","GetCarListNegative - Validate API fails when passing relation syntax without parent entity","API_Regression_Suite","2026-03-11","passed","2026-03-11","autochek_api_negative.InventoryService.DynamicResponseNegative","Autochek_API_Automation","autochek_api_negative.InventoryService.DynamicResponseNegative","GetCarListNegative"
"Submit Loan Customer Preferences","558","SubmitLoanPreferencesNegative - upfrontInsurance special characters","API_Regression_Suite","2026-03-11","passed","2026-03-11","autochek_api_negative.OfferSimulation.OfferSimulationNegative","Autochek_API_Automation","autochek_api_negative.OfferSimulation.OfferSimulationNegative","SubmitLoanPreferencesNegative"
"Create Inspection for the carID generated in Car Creation","549","PostCreateInspection - SQL injection attempt in inspection_type","API_Regression_Suite","2026-03-11","passed","2026-03-11","autochek_api_negative.DetachTyresSpecification.DetachTyresSpecificationNegative","Autochek_API_Automation","autochek_api_negative.DetachTyresSpecification.DetachTyresSpecificationNegative","PostCreateInspection"
"Fetching loan by ID","824","GetLoanByIdNegative - Script injection (XSS attempt)","API_Regression_Suite","2026-03-11","passed","2026-03-11","autochek_api_negative.OriginationService.ResponsePayloadReductionV2APIsNegative","Autochek_API_Automation","autochek_api_negative.OriginationService.ResponsePayloadReductionV2APIsNegative","GetLoanByIdNegative"
"","2","PostDisableUserV2Negative - Send userId with leading/trailing spaces","API_Regression_Suite","2026-03-11","skipped","2026-03-11","autochek_api_negative.UserService.UserServiceV2Negative","Autochek_API_Automation","autochek_api_negative.UserService.UserServiceV2Negative","PostDisableUserV2Negative"
"Validates negative test cases for Preview Template API using first created templateId map","2","PreviewTemplateNegativeTest - user_name contains only spaces","API_Regression_Suite","2026-03-11","skipped","2026-03-11","autochek_api_negative.Template.TemplateV1Negative.TemplateV1Negative","Autochek_API_Automation","autochek_api_negative.Template.TemplateV1Negative.TemplateV1Negative","PreviewTemplateNegativeTest"
"Submit Loan Customer Preferences","812","SubmitLoanPreferencesNegative - upfrontVehicleTracking string true/false","API_Regression_Suite","2026-03-11","passed","2026-03-11","autochek_api_negative.OfferSimulation.OfferSimulationNegative","Autochek_API_Automation","autochek_api_negative.OfferSimulation.OfferSimulationNegative","SubmitLoanPreferencesNegative"
"Negative test for Create System Config V2","1","PostSystemConfigV2 - MIN_LENGTH non-numeric","API_Regression_Suite","2026-03-11","skipped","2026-03-11","autochek_api_negative.UserService.UserServiceV2Negative","Autochek_API_Automation","autochek_api_negative.UserService.UserServiceV2Negative","PostSystemConfigV2"
"Fetching loan by ID","891","GetLoanByIdNegative - loan_id in base64 encoded format","API_Regression_Suite","2026-03-11","passed","2026-03-11","autochek_api_negative.OriginationService.ResponsePayloadReductionV2APIsNegative","Autochek_API_Automation","autochek_api_negative.OriginationService.ResponsePayloadReductionV2APIsNegative","GetLoanByIdNegative"
"Submit Loan Customer Preferences","1213","SubmitLoanPreferencesNegative - monthlyPayment spaces only","API_Regression_Suite","2026-03-11","passed","2026-03-11","autochek_api_negative.OfferSimulation.OfferSimulationNegative","Autochek_API_Automation","autochek_api_negative.OfferSimulation.OfferSimulationNegative","SubmitLoanPreferencesNegative"
"Validate negative scenarios for template creation based on sheet data","2","UpdateEmailTemplate - user_name contains JSON object instead of string","API_Regression_Suite","2026-03-11","skipped","2026-03-11","autochek_api_negative.Template.TemplateV1Negative.TemplateV1Negative","Autochek_API_Automation","autochek_api_negative.Template.TemplateV1Negative.TemplateV1Negative","UpdateEmailTemplate"
"Validate negative scenarios for template creation based on sheet data","4","CreateEmailTemplate - audienceType is null while all other fields are valid","API_Regression_Suite","2026-03-11","skipped","2026-03-11","autochek_api_negative.Template.TemplateV1Negative.TemplateV1Negative","Autochek_API_Automation","autochek_api_negative.Template.TemplateV1Negative.TemplateV1Negative","CreateEmailTemplate"
"","4","PostDisableUserV2Negative - Send userId that doesn’t exist in system","API_Regression_Suite","2026-03-11","skipped","2026-03-11","autochek_api_negative.UserService.UserServiceV2Negative","Autochek_API_Automation","autochek_api_negative.UserService.UserServiceV2Negative","PostDisableUserV2Negative"
"Submit Loan Customer Preferences","852","SubmitLoanPreferencesNegative - Upfront Tyres numeric instead of boolean","API_Regression_Suite","2026-03-11","failed","2026-03-11","autochek_api_negative.OfferSimulation.OfferSimulationNegative","Autochek_API_Automation","autochek_api_negative.OfferSimulation.OfferSimulationNegative","SubmitLoanPreferencesNegative"
"Validates GET /v2/origination/loans/{loan_id}/accepted-offer - Negative Test","678","GetAcceptedOfferByLoanIdNegative - Send offer_id as null","API_Regression_Suite","2026-03-11","passed","2026-03-11","autochek_api_negative.OriginationService.ResponsePayloadReductionV2APIsNegative","Autochek_API_Automation","autochek_api_negative.OriginationService.ResponsePayloadReductionV2APIsNegative","GetAcceptedOfferByLoanIdNegative"
"Negative test for Create System Config V2","0","PostSystemConfigV2 - REQUIRE_UPPERCASE zero value","API_Regression_Suite","2026-03-11","skipped","2026-03-11","autochek_api_negative.UserService.UserServiceV2Negative","Autochek_API_Automation","autochek_api_negative.UserService.UserServiceV2Negative","PostSystemConfigV2"
"Validates GET /v1/inventory/body_type with dynamic parameters - Positive Test","602","GetBodyType - Validate id and imageUrl fields are returned","API_Regression_Suite","2026-03-11","passed","2026-03-11","autochek_api_positive.InventoryService.DynamicResponsePositive","Autochek_API_Automation","autochek_api_positive.InventoryService.DynamicResponsePositive","GetBodyType"
"Validates GET /v2/origination/loans with dynamic parameters - Negative Test","553","GetLoansListNegative - country is boolean","API_Regression_Suite","2026-03-11","passed","2026-03-11","autochek_api_negative.OriginationService.ResponsePayloadReductionV2APIsNegative","Autochek_API_Automation","autochek_api_negative.OriginationService.ResponsePayloadReductionV2APIsNegative","GetLoansListNegative"
"Validates GET /v2/origination/sources with dynamic parameters - Negative Test","916","GetBanksListNegative - country is null","API_Regression_Suite","2026-03-11","passed","2026-03-11","autochek_api_negative.OriginationService.ResponsePayloadReductionV2APIsNegative","Autochek_API_Automation","autochek_api_negative.OriginationService.ResponsePayloadReductionV2APIsNegative","GetBanksListNegative"
"Update Car and Validate Response","733","PutUpdateCar - created_by as null","API_Regression_Suite","2026-03-11","passed","2026-03-11","autochek_api_negative.DetachTyresSpecification.DetachTyresSpecificationNegative","Autochek_API_Automation","autochek_api_negative.DetachTyresSpecification.DetachTyresSpecificationNegative","PutUpdateCar"
"Validates GET /v1/inventory/model with dynamic parameters - Positive Test","556","GetModelList - Validate nested make object is returned with all default fields","API_Regression_Suite","2026-03-11","passed","2026-03-11","autochek_api_positive.InventoryService.DynamicResponsePositive","Autochek_API_Automation","autochek_api_positive.InventoryService.DynamicResponsePositive","GetModelList"
"Submit Loan Customer Preferences","622","SubmitLoanPreferencesNegative - term negative months","API_Regression_Suite","2026-03-11","passed","2026-03-11","autochek_api_negative.OfferSimulation.OfferSimulationNegative","Autochek_API_Automation","autochek_api_negative.OfferSimulation.OfferSimulationNegative","SubmitLoanPreferencesNegative"
"","1834","PostUserSignUpV2 - Verify signup with userType = workshop","API_Regression_Suite","2026-03-11","passed","2026-03-11","autochek_api_positive.UserService.UserServiceV2","Autochek_API_Automation","autochek_api_positive.UserService.UserServiceV2","PostUserSignUpV2"
"Get TyreSpecs Details by Car ID","542","GetTyreSpecs - car_id with script injection","API_Regression_Suite","2026-03-11","passed","2026-03-11","autochek_api_negative.DetachTyresSpecification.DetachTyresSpecificationNegative","Autochek_API_Automation","autochek_api_negative.DetachTyresSpecification.DetachTyresSpecificationNegative","GetTyreSpecs"
"Update Car and Validate Response","817","PutUpdateCar - city with numbers only","API_Regression_Suite","2026-03-11","passed","2026-03-11","autochek_api_negative.DetachTyresSpecification.DetachTyresSpecificationNegative","Autochek_API_Automation","autochek_api_negative.DetachTyresSpecification.DetachTyresSpecificationNegative","PutUpdateCar"
"Create Inspection for the carID generated in Car Creation","883","PostCreateInspection - Numeric only value","API_Regression_Suite","2026-03-11","passed","2026-03-11","autochek_api_negative.DetachTyresSpecification.DetachTyresSpecificationNegative","Autochek_API_Automation","autochek_api_negative.DetachTyresSpecification.DetachTyresSpecificationNegative","PostCreateInspection"
"Validate Template Schema API using sheet driven template names","10","GetTemplateSchemaTest - Template name contains only spaces","API_Regression_Suite","2026-03-11","skipped","2026-03-11","autochek_api_negative.Template.TemplateV1Negative.TemplateV1Negative","Autochek_API_Automation","autochek_api_negative.Template.TemplateV1Negative.TemplateV1Negative","GetTemplateSchemaTest"
"Validates GET /v1/inventory/make with dynamic fields filtering","747","GetMakeNegative - Use semicolon instead of comma for separation","API_Regression_Suite","2026-03-11","passed","2026-03-11","autochek_api_negative.InventoryService.DynamicResponseNegative","Autochek_API_Automation","autochek_api_negative.InventoryService.DynamicResponseNegative","GetMakeNegative"
"Validates GET /v1/inventory/make with dynamic fields filtering","704","GetMakeNegative - Pass excluded field that doesn’t exist","API_Regression_Suite","2026-03-11","passed","2026-03-11","autochek_api_negative.InventoryService.DynamicResponseNegative","Autochek_API_Automation","autochek_api_negative.InventoryService.DynamicResponseNegative","GetMakeNegative"
"Update Car and Validate Response","699","PutUpdateCar - city with special chars","API_Regression_Suite","2026-03-11","passed","2026-03-11","autochek_api_negative.DetachTyresSpecification.DetachTyresSpecificationNegative","Autochek_API_Automation","autochek_api_negative.DetachTyresSpecification.DetachTyresSpecificationNegative","PutUpdateCar"
"","4","PostLogoutAllAdminNegative - userId as very long string (300 chars)","API_Regression_Suite","2026-03-11","skipped","2026-03-11","autochek_api_negative.UserService.UserServiceV2Negative","Autochek_API_Automation","autochek_api_negative.UserService.UserServiceV2Negative","PostLogoutAllAdminNegative"
"Validates GET /v1/inventory/model with dynamic parameters - Positive Test","704","GetModelList - Validate relations parameter includes make object","API_Regression_Suite","2026-03-11","passed","2026-03-11","autochek_api_positive.InventoryService.DynamicResponsePositive","Autochek_API_Automation","autochek_api_positive.InventoryService.DynamicResponsePositive","GetModelList"
"Submit Loan Customer Preferences","565","SubmitLoanPreferencesNegative - tyreBrand unsupported brand name","API_Regression_Suite","2026-03-11","passed","2026-03-11","autochek_api_negative.OfferSimulation.OfferSimulationNegative","Autochek_API_Automation","autochek_api_negative.OfferSimulation.OfferSimulationNegative","SubmitLoanPreferencesNegative"
"Negative test for Create System Config V2","6","PostSystemConfigV2 - Update maximum concurrent sessions to 2","API_Regression_Suite","2026-03-11","skipped","2026-03-11","autochek_api_negative.UserService.UserServiceV2Negative","Autochek_API_Automation","autochek_api_negative.UserService.UserServiceV2Negative","PostSystemConfigV2"
"Validates GET /v1/inspection with dynamic parameters - Negative Test","759","GetInspectionNegative - Pass empty string in relations","API_Regression_Suite","2026-03-11","passed","2026-03-11","autochek_api_negative.InventoryService.DynamicResponseNegative","Autochek_API_Automation","autochek_api_negative.InventoryService.DynamicResponseNegative","GetInspectionNegative"
"Update Car and Validate Response","1080","PutUpdateCar - address too short (1 char)","API_Regression_Suite","2026-03-11","passed","2026-03-11","autochek_api_negative.DetachTyresSpecification.DetachTyresSpecificationNegative","Autochek_API_Automation","autochek_api_negative.DetachTyresSpecification.DetachTyresSpecificationNegative","PutUpdateCar"
"Create Inspection for the carID generated in Car Creation","909","PostCreateInspection - inspection_type invalid + completed as string","API_Regression_Suite","2026-03-11","passed","2026-03-11","autochek_api_negative.DetachTyresSpecification.DetachTyresSpecificationNegative","Autochek_API_Automation","autochek_api_negative.DetachTyresSpecification.DetachTyresSpecificationNegative","PostCreateInspection"
"Submit Loan Customer Preferences","800","SubmitLoanPreferencesNegative - upfrontMaintenancePlan JSON object instead of boolean","API_Regression_Suite","2026-03-11","passed","2026-03-11","autochek_api_negative.OfferSimulation.OfferSimulationNegative","Autochek_API_Automation","autochek_api_negative.OfferSimulation.OfferSimulationNegative","SubmitLoanPreferencesNegative"
"Negative test for Create System Config V2","0","PostSystemConfigV2 - MAX_LENGTH negative","API_Regression_Suite","2026-03-11","skipped","2026-03-11","autochek_api_negative.UserService.UserServiceV2Negative","Autochek_API_Automation","autochek_api_negative.UserService.UserServiceV2Negative","PostSystemConfigV2"
"Submit Loan Customer Preferences","626","SubmitLoanPreferencesNegative - monthlyPayment negative number","API_Regression_Suite","2026-03-11","passed","2026-03-11","autochek_api_negative.OfferSimulation.OfferSimulationNegative","Autochek_API_Automation","autochek_api_negative.OfferSimulation.OfferSimulationNegative","SubmitLoanPreferencesNegative"
"Validates negative test cases for Send Template API with various invalid and omitted parameters","2","SendTemplateNegativeTest - name contains only spaces","API_Regression_Suite","2026-03-11","skipped","2026-03-11","autochek_api_negative.Template.TemplateV1Negative.TemplateV1Negative","Autochek_API_Automation","autochek_api_negative.Template.TemplateV1Negative.TemplateV1Negative","SendTemplateNegativeTest"
"Validate negative scenarios for template creation based on sheet data","2","CreateEmailTemplate - audienceType contains newline or control character","API_Regression_Suite","2026-03-11","skipped","2026-03-11","autochek_api_negative.Template.TemplateV1Negative.TemplateV1Negative","Autochek_API_Automation","autochek_api_negative.Template.TemplateV1Negative.TemplateV1Negative","CreateEmailTemplate"
"Create Inspection for the carID generated in Car Creation","836","PostCreateInspection - Boolean instead of number","API_Regression_Suite","2026-03-11","passed","2026-03-11","autochek_api_negative.DetachTyresSpecification.DetachTyresSpecificationNegative","Autochek_API_Automation","autochek_api_negative.DetachTyresSpecification.DetachTyresSpecificationNegative","PostCreateInspection"
"Send template using stored email template names and validate dispatch response","0","sendEmailTemplates","API_Regression_Suite","2026-03-11","skipped","2026-03-11","autochek_api_positive.Template.TemplateV1Positive","Autochek_API_Automation","autochek_api_positive.Template.TemplateV1Positive","sendEmailTemplates"
"","0","GetMeV2Negative - Empty cookie value for access token","API_Regression_Suite","2026-03-11","skipped","2026-03-11","autochek_api_negative.UserService.UserServiceV2Negative","Autochek_API_Automation","autochek_api_negative.UserService.UserServiceV2Negative","GetMeV2Negative"
"Validates GET /v2/origination/offers with dynamic parameters - Positive Test","711","GetOffersListNegative - page_size is array","API_Regression_Suite","2026-03-11","passed","2026-03-11","autochek_api_negative.OriginationService.ResponsePayloadReductionV2APIsNegative","Autochek_API_Automation","autochek_api_negative.OriginationService.ResponsePayloadReductionV2APIsNegative","GetOffersListNegative"
"Validate negative scenarios for template creation based on sheet data","2","UpdateEmailTemplate - category is null while all other fields are valid","API_Regression_Suite","2026-03-11","skipped","2026-03-11","autochek_api_negative.Template.TemplateV1Negative.TemplateV1Negative","Autochek_API_Automation","autochek_api_negative.Template.TemplateV1Negative.TemplateV1Negative","UpdateEmailTemplate"
"","3","PostRefreshV2Negative - Send refresh token containing special characters","API_Regression_Suite","2026-03-11","skipped","2026-03-11","autochek_api_negative.UserService.UserServiceV2Negative","Autochek_API_Automation","autochek_api_negative.UserService.UserServiceV2Negative","PostRefreshV2Negative"
"Create Inspection for the carID generated in Car Creation","1046","PostCreateInspection - Invalid latitude format","API_Regression_Suite","2026-03-11","passed","2026-03-11","autochek_api_negative.DetachTyresSpecification.DetachTyresSpecificationNegative","Autochek_API_Automation","autochek_api_negative.DetachTyresSpecification.DetachTyresSpecificationNegative","PostCreateInspection"
"Delete USER_SESSION and PASSWORD_POLICY using stored IDs","1382","DeleteSystemConfigs","API_Regression_Suite","2026-03-11","failed","2026-03-11","autochek_api_positive.UserService.UserServiceV2","Autochek_API_Automation","autochek_api_positive.UserService.UserServiceV2","DeleteSystemConfigs"
"Submit Loan Customer Preferences","707","SubmitLoanPreferencesNegative - interestRateType special characters","API_Regression_Suite","2026-03-11","passed","2026-03-11","autochek_api_negative.OfferSimulation.OfferSimulationNegative","Autochek_API_Automation","autochek_api_negative.OfferSimulation.OfferSimulationNegative","SubmitLoanPreferencesNegative"
"Update System Config dynamically for PASSWORD_POLICY or USER_SESSION","3","PatchSystemConfigV2 - MIN_LENGTH greater than MAX_LENGTH","API_Regression_Suite","2026-03-11","skipped","2026-03-11","autochek_api_negative.UserService.UserServiceV2Negative","Autochek_API_Automation","autochek_api_negative.UserService.UserServiceV2Negative","PatchSystemConfigV2"
"Update Car and Validate Response","720","PutUpdateCar - is_upgraded as numeric value","API_Regression_Suite","2026-03-11","passed","2026-03-11","autochek_api_negative.DetachTyresSpecification.DetachTyresSpecificationNegative","Autochek_API_Automation","autochek_api_negative.DetachTyresSpecification.DetachTyresSpecificationNegative","PutUpdateCar"
"Validates GET /v1/inspection with dynamic parameters - Negative Test","692","GetInspectionNegative - Validate API fails when mixing valid and invalid relation paths","API_Regression_Suite","2026-03-11","passed","2026-03-11","autochek_api_negative.InventoryService.DynamicResponseNegative","Autochek_API_Automation","autochek_api_negative.InventoryService.DynamicResponseNegative","GetInspectionNegative"
"Submit Loan Customer Preferences","870","SubmitLoanPreferencesNegative - dealDiscount space","API_Regression_Suite","2026-03-11","passed","2026-03-11","autochek_api_negative.OfferSimulation.OfferSimulationNegative","Autochek_API_Automation","autochek_api_negative.OfferSimulation.OfferSimulationNegative","SubmitLoanPreferencesNegative"
"Fetching loan by ID","615","GetLoanByIdNegative - Send loan_id as random alphanumeric invalid format","API_Regression_Suite","2026-03-11","passed","2026-03-11","autochek_api_negative.OriginationService.ResponsePayloadReductionV2APIsNegative","Autochek_API_Automation","autochek_api_negative.OriginationService.ResponsePayloadReductionV2APIsNegative","GetLoanByIdNegative"
"Fetching loan by ID","710","GetLoanByIdNegative - loan_id with very long string","API_Regression_Suite","2026-03-11","passed","2026-03-11","autochek_api_negative.OriginationService.ResponsePayloadReductionV2APIsNegative","Autochek_API_Automation","autochek_api_negative.OriginationService.ResponsePayloadReductionV2APIsNegative","GetLoanByIdNegative"
"Validate negative scenarios for template creation based on sheet data","4","CreateEmailTemplate - audienceType is empty string while others are valid","API_Regression_Suite","2026-03-11","skipped","2026-03-11","autochek_api_negative.Template.TemplateV1Negative.TemplateV1Negative","Autochek_API_Automation","autochek_api_negative.Template.TemplateV1Negative.TemplateV1Negative","CreateEmailTemplate"
"Update System Config dynamically for PASSWORD_POLICY or USER_SESSION","1","PatchSystemConfigV2 - REQUIRE_SPECIAL_CHAR zero value","API_Regression_Suite","2026-03-11","skipped","2026-03-11","autochek_api_negative.UserService.UserServiceV2Negative","Autochek_API_Automation","autochek_api_negative.UserService.UserServiceV2Negative","PatchSystemConfigV2"
"Update System Config dynamically for PASSWORD_POLICY or USER_SESSION","3","PatchSystemConfigV2 - MIN_LENGTH negative","API_Regression_Suite","2026-03-11","skipped","2026-03-11","autochek_api_negative.UserService.UserServiceV2Negative","Autochek_API_Automation","autochek_api_negative.UserService.UserServiceV2Negative","PatchSystemConfigV2"
"Update System Config dynamically for PASSWORD_POLICY or USER_SESSION","3","PatchSystemConfigV2 - Update maximum concurrent sessions to 2","API_Regression_Suite","2026-03-11","skipped","2026-03-11","autochek_api_negative.UserService.UserServiceV2Negative","Autochek_API_Automation","autochek_api_negative.UserService.UserServiceV2Negative","PatchSystemConfigV2"
"","5","PostDisableUserV2Negative - Send empty userId value","API_Regression_Suite","2026-03-11","skipped","2026-03-11","autochek_api_negative.UserService.UserServiceV2Negative","Autochek_API_Automation","autochek_api_negative.UserService.UserServiceV2Negative","PostDisableUserV2Negative"
"","5764","UploadImage","API_Regression_Suite","2026-03-11","passed","2026-03-11","autochek_api_negative.DetachTyresSpecification.DetachTyresSpecificationNegative","Autochek_API_Automation","autochek_api_negative.DetachTyresSpecification.DetachTyresSpecificationNegative","UploadImage"
"Validates GET /v1/inventory/car with dynamic parameters - Positive Test","529","GetCarList - Validate exclusion of name field in model while including id","API_Regression_Suite","2026-03-11","broken","2026-03-11","autochek_api_positive.InventoryService.DynamicResponsePositive","Autochek_API_Automation","autochek_api_positive.InventoryService.DynamicResponsePositive","GetCarList"
"Create Welcome Email template with dynamic unique name and providerId and validate response fields","3","createWelcomeEmailTemplate - Verify template creation with audienceType Internal and category Transactional","API_Regression_Suite","2026-03-11","skipped","2026-03-11","autochek_api_positive.Template.TemplateV1Positive","Autochek_API_Automation","autochek_api_positive.Template.TemplateV1Positive","createWelcomeEmailTemplate"
"Submit Loan Customer Preferences","706","SubmitLoanPreferencesNegative - interestRateType lowercase only","API_Regression_Suite","2026-03-11","passed","2026-03-11","autochek_api_negative.OfferSimulation.OfferSimulationNegative","Autochek_API_Automation","autochek_api_negative.OfferSimulation.OfferSimulationNegative","SubmitLoanPreferencesNegative"
"Validates GET /v1/inventory/obds with dynamic parameters - Negative Test","2297","GetObdsNegative - Pass very long string as field value","API_Regression_Suite","2026-03-11","passed","2026-03-11","autochek_api_negative.InventoryService.DynamicResponseNegative","Autochek_API_Automation","autochek_api_negative.InventoryService.DynamicResponseNegative","GetObdsNegative"
"","3","PostLogoutAllAdminNegative - userId with trailing space","API_Regression_Suite","2026-03-11","skipped","2026-03-11","autochek_api_negative.UserService.UserServiceV2Negative","Autochek_API_Automation","autochek_api_negative.UserService.UserServiceV2Negative","PostLogoutAllAdminNegative"
"Submit Loan Customer Preferences","625","SubmitLoanPreferencesNegative - upfrontCreditLifeInsurance blank","API_Regression_Suite","2026-03-11","passed","2026-03-11","autochek_api_negative.OfferSimulation.OfferSimulationNegative","Autochek_API_Automation","autochek_api_negative.OfferSimulation.OfferSimulationNegative","SubmitLoanPreferencesNegative"
"Validates GET /v1/origination/offers/{offer_Id}/loan-document with dynamic parameters - Negative Test","1515","GetLoanDocumentsByOfferIdNegative - offer_id with only special characters","API_Regression_Suite","2026-03-11","passed","2026-03-11","autochek_api_negative.OriginationService.ResponsePayloadReductionV2APIsNegative","Autochek_API_Automation","autochek_api_negative.OriginationService.ResponsePayloadReductionV2APIsNegative","GetLoanDocumentsByOfferIdNegative"
"Negative test for Create System Config V2","0","PostSystemConfigV2 - MAX_LENGTH null","API_Regression_Suite","2026-03-11","skipped","2026-03-11","autochek_api_negative.UserService.UserServiceV2Negative","Autochek_API_Automation","autochek_api_negative.UserService.UserServiceV2Negative","PostSystemConfigV2"
"Validate negative scenarios for template creation based on sheet data","3","UpdateEmailTemplate - providerId contains special characters","API_Regression_Suite","2026-03-11","skipped","2026-03-11","autochek_api_negative.Template.TemplateV1Negative.TemplateV1Negative","Autochek_API_Automation","autochek_api_negative.Template.TemplateV1Negative.TemplateV1Negative","UpdateEmailTemplate"
"Get TyreSpecs Details by Car ID","549","GetTyreSpecs - car_id special characters only","API_Regression_Suite","2026-03-11","passed","2026-03-11","autochek_api_negative.DetachTyresSpecification.DetachTyresSpecificationNegative","Autochek_API_Automation","autochek_api_negative.DetachTyresSpecification.DetachTyresSpecificationNegative","GetTyreSpecs"
"Create Inspection for the carID generated in Car Creation","576","PostCreateInspection - Empty car_id","API_Regression_Suite","2026-03-11","passed","2026-03-11","autochek_api_negative.DetachTyresSpecification.DetachTyresSpecificationNegative","Autochek_API_Automation","autochek_api_negative.DetachTyresSpecification.DetachTyresSpecificationNegative","PostCreateInspection"
"Update System Config dynamically for PASSWORD_POLICY or USER_SESSION","0","PatchSystemConfigV2 - MAX_CONCURRENT_SESSIONS decimal value","API_Regression_Suite","2026-03-11","skipped","2026-03-11","autochek_api_negative.UserService.UserServiceV2Negative","Autochek_API_Automation","autochek_api_negative.UserService.UserServiceV2Negative","PatchSystemConfigV2"
"Negative test for Create System Config V2","0","PostSystemConfigV2 - MAX_CONCURRENT_SESSIONS decimal value","API_Regression_Suite","2026-03-11","skipped","2026-03-11","autochek_api_negative.UserService.UserServiceV2Negative","Autochek_API_Automation","autochek_api_negative.UserService.UserServiceV2Negative","PostSystemConfigV2"
"Validates GET /v2/origination/partners with dynamic parameters - Positive Test","533","GetPartnersListNegative - page_size is zero","API_Regression_Suite","2026-03-11","passed","2026-03-11","autochek_api_negative.OriginationService.ResponsePayloadReductionV2APIsNegative","Autochek_API_Automation","autochek_api_negative.OriginationService.ResponsePayloadReductionV2APIsNegative","GetPartnersListNegative"
"Negative test for Create System Config V2","5","PostSystemConfigV2 - MIN_LENGTH empty","API_Regression_Suite","2026-03-11","skipped","2026-03-11","autochek_api_negative.UserService.UserServiceV2Negative","Autochek_API_Automation","autochek_api_negative.UserService.UserServiceV2Negative","PostSystemConfigV2"
"Update System Config dynamically for PASSWORD_POLICY or USER_SESSION","2","PatchSystemConfigV2 - MAX_LENGTH special chars","API_Regression_Suite","2026-03-11","skipped","2026-03-11","autochek_api_negative.UserService.UserServiceV2Negative","Autochek_API_Automation","autochek_api_negative.UserService.UserServiceV2Negative","PatchSystemConfigV2"
"","2656","submitLoanPreference - Omit dealDiscount","API_Regression_Suite","2026-03-11","passed","2026-03-11","autochek_api_positive.OfferSimulation.OfferSimulationPositive","Autochek_API_Automation","autochek_api_positive.OfferSimulation.OfferSimulationPositive","submitLoanPreference"
"Validates negative test cases for Send Template API with various invalid and omitted parameters","0","SendTemplateNegativeTest - user_name as object","API_Regression_Suite","2026-03-11","skipped","2026-03-11","autochek_api_negative.Template.TemplateV1Negative.TemplateV1Negative","Autochek_API_Automation","autochek_api_negative.Template.TemplateV1Negative.TemplateV1Negative","SendTemplateNegativeTest"
"Get Offer Details by LoanID","708","GetOffersByLoanIdNegative - loan_id with very long string","API_Regression_Suite","2026-03-11","passed","2026-03-11","autochek_api_negative.OriginationService.ResponsePayloadReductionV2APIsNegative","Autochek_API_Automation","autochek_api_negative.OriginationService.ResponsePayloadReductionV2APIsNegative","GetOffersByLoanIdNegative"
"Validates negative test cases for Send Template API with various invalid and omitted parameters","0","SendTemplateNegativeTest - channel numeric value","API_Regression_Suite","2026-03-11","skipped","2026-03-11","autochek_api_negative.Template.TemplateV1Negative.TemplateV1Negative","Autochek_API_Automation","autochek_api_negative.Template.TemplateV1Negative.TemplateV1Negative","SendTemplateNegativeTest"
"Validates GET /v1/inventory/model with dynamic parameters - Negative Test","711","GetModelListNegative - Pass numeric relation","API_Regression_Suite","2026-03-11","passed","2026-03-11","autochek_api_negative.InventoryService.DynamicResponseNegative","Autochek_API_Automation","autochek_api_negative.InventoryService.DynamicResponseNegative","GetModelListNegative"
"Send SMS template using stored template names and validate dispatch response","16","sendSmsTemplates","API_Regression_Suite","2026-03-11","skipped","2026-03-11","autochek_api_positive.Template.TemplateV1Positive","Autochek_API_Automation","autochek_api_positive.Template.TemplateV1Positive","sendSmsTemplates"
"Submit Loan Customer Preferences","2569","SubmitLoanPreferencesNegative - vehicleDiscount space","API_Regression_Suite","2026-03-11","passed","2026-03-11","autochek_api_negative.OfferSimulation.OfferSimulationNegative","Autochek_API_Automation","autochek_api_negative.OfferSimulation.OfferSimulationNegative","SubmitLoanPreferencesNegative"
"Update System Config dynamically for PASSWORD_POLICY or USER_SESSION","15","PatchSystemConfigV2 - DISALLOW_WHITESPACES zero value","API_Regression_Suite","2026-03-11","skipped","2026-03-11","autochek_api_negative.UserService.UserServiceV2Negative","Autochek_API_Automation","autochek_api_negative.UserService.UserServiceV2Negative","PatchSystemConfigV2"
"Submit Loan Customer Preferences","706","SubmitLoanPreferencesNegative - equityContribution decimal value","API_Regression_Suite","2026-03-11","passed","2026-03-11","autochek_api_negative.OfferSimulation.OfferSimulationNegative","Autochek_API_Automation","autochek_api_negative.OfferSimulation.OfferSimulationNegative","SubmitLoanPreferencesNegative"
"Validates GET /v2/origination/offers with dynamic parameters - Positive Test","3","GetOffersList - country is NG","API_Regression_Suite","2026-03-11","skipped","2026-03-11","autochek_api_positive.OriginationService.ResponsePayloadReductionV2APIs","Autochek_API_Automation","autochek_api_positive.OriginationService.ResponsePayloadReductionV2APIs","GetOffersList"
"","1513","submitLoanPreference - Include roadworthiness fees Yes","API_Regression_Suite","2026-03-11","passed","2026-03-11","autochek_api_positive.OfferSimulation.OfferSimulationPositive","Autochek_API_Automation","autochek_api_positive.OfferSimulation.OfferSimulationPositive","submitLoanPreference"
"Validates GET /v2/origination/loans/{loan_id}/accepted-offer - Negative Test","621","GetAcceptedOfferByLoanIdNegative - offer_id with Unicode characters","API_Regression_Suite","2026-03-11","passed","2026-03-11","autochek_api_negative.OriginationService.ResponsePayloadReductionV2APIsNegative","Autochek_API_Automation","autochek_api_negative.OriginationService.ResponsePayloadReductionV2APIsNegative","GetAcceptedOfferByLoanIdNegative"
"","0","PostDisableUserV2Negative - Send no access token in cookie/header","API_Regression_Suite","2026-03-11","skipped","2026-03-11","autochek_api_negative.UserService.UserServiceV2Negative","Autochek_API_Automation","autochek_api_negative.UserService.UserServiceV2Negative","PostDisableUserV2Negative"
"","1403","submitLoanPreference - Omit upfrontVehicleTracking","API_Regression_Suite","2026-03-11","passed","2026-03-11","autochek_api_positive.OfferSimulation.OfferSimulationPositive","Autochek_API_Automation","autochek_api_positive.OfferSimulation.OfferSimulationPositive","submitLoanPreference"
"Validate Template Schema API using sheet driven template names","0","GetTemplateSchemaTest - Template name has trailing space","API_Regression_Suite","2026-03-11","skipped","2026-03-11","autochek_api_negative.Template.TemplateV1Negative.TemplateV1Negative","Autochek_API_Automation","autochek_api_negative.Template.TemplateV1Negative.TemplateV1Negative","GetTemplateSchemaTest"
"Update Car and Validate Response","991","PutUpdateCar - address too long (200+ chars)","API_Regression_Suite","2026-03-11","passed","2026-03-11","autochek_api_negative.DetachTyresSpecification.DetachTyresSpecificationNegative","Autochek_API_Automation","autochek_api_negative.DetachTyresSpecification.DetachTyresSpecificationNegative","PutUpdateCar"
"Validates negative test cases for Preview Template API using first created templateId map","2","PreviewTemplateNegativeTest - account_id array instead of number","API_Regression_Suite","2026-03-11","skipped","2026-03-11","autochek_api_negative.Template.TemplateV1Negative.TemplateV1Negative","Autochek_API_Automation","autochek_api_negative.Template.TemplateV1Negative.TemplateV1Negative","PreviewTemplateNegativeTest"
"Validates negative test cases for Preview Template API using first created templateId map","4","PreviewTemplateNegativeTest - channel null","API_Regression_Suite","2026-03-11","skipped","2026-03-11","autochek_api_negative.Template.TemplateV1Negative.TemplateV1Negative","Autochek_API_Automation","autochek_api_negative.Template.TemplateV1Negative.TemplateV1Negative","PreviewTemplateNegativeTest"
"Submit Loan Customer Preferences","674","SubmitLoanPreferencesNegative - upfrontInsurance JSON object instead of boolean","API_Regression_Suite","2026-03-11","passed","2026-03-11","autochek_api_negative.OfferSimulation.OfferSimulationNegative","Autochek_API_Automation","autochek_api_negative.OfferSimulation.OfferSimulationNegative","SubmitLoanPreferencesNegative"
"Submit Loan Customer Preferences","1096","SubmitLoanPreferencesNegative - vehicleDiscount blank","API_Regression_Suite","2026-03-11","passed","2026-03-11","autochek_api_negative.OfferSimulation.OfferSimulationNegative","Autochek_API_Automation","autochek_api_negative.OfferSimulation.OfferSimulationNegative","SubmitLoanPreferencesNegative"
"Validates negative test cases for Send Template API with various invalid and omitted parameters","2","SendTemplateNegativeTest - channel as array","API_Regression_Suite","2026-03-11","skipped","2026-03-11","autochek_api_negative.Template.TemplateV1Negative.TemplateV1Negative","Autochek_API_Automation","autochek_api_negative.Template.TemplateV1Negative.TemplateV1Negative","SendTemplateNegativeTest"
"Update System Config dynamically for PASSWORD_POLICY or USER_SESSION","4","PatchSystemConfigV2 - Enforce maximum requirement","API_Regression_Suite","2026-03-11","skipped","2026-03-11","autochek_api_negative.UserService.UserServiceV2Negative","Autochek_API_Automation","autochek_api_negative.UserService.UserServiceV2Negative","PatchSystemConfigV2"
"","9","PostLookUpV2Negative - Identifier is too short to be valid phone number","API_Regression_Suite","2026-03-11","skipped","2026-03-11","autochek_api_negative.UserService.UserServiceV2Negative","Autochek_API_Automation","autochek_api_negative.UserService.UserServiceV2Negative","PostLookUpV2Negative"
"Update System Config dynamically for PASSWORD_POLICY or USER_SESSION","2","PatchSystemConfigV2 - MAX_LENGTH SQL injection","API_Regression_Suite","2026-03-11","skipped","2026-03-11","autochek_api_negative.UserService.UserServiceV2Negative","Autochek_API_Automation","autochek_api_negative.UserService.UserServiceV2Negative","PatchSystemConfigV2"
"Negative test for Create System Config V2","2","PostSystemConfigV2 - REQUIRE_UPPERCASE null value","API_Regression_Suite","2026-03-11","skipped","2026-03-11","autochek_api_negative.UserService.UserServiceV2Negative","Autochek_API_Automation","autochek_api_negative.UserService.UserServiceV2Negative","PostSystemConfigV2"
"Negative test for Create System Config V2","0","PostSystemConfigV2 - DISALLOW_WHITESPACES special characters","API_Regression_Suite","2026-03-11","skipped","2026-03-11","autochek_api_negative.UserService.UserServiceV2Negative","Autochek_API_Automation","autochek_api_negative.UserService.UserServiceV2Negative","PostSystemConfigV2"
"Validate negative scenarios for template creation based on sheet data","4","CreateEmailTemplate - renderByUs contains object instead of boolean","API_Regression_Suite","2026-03-11","skipped","2026-03-11","autochek_api_negative.Template.TemplateV1Negative.TemplateV1Negative","Autochek_API_Automation","autochek_api_negative.Template.TemplateV1Negative.TemplateV1Negative","CreateEmailTemplate"
"Accept Simulation Offer","915","AcceptOfferNegative - loan_id with only special characters","API_Regression_Suite","2026-03-11","passed","2026-03-11","autochek_api_negative.OfferSimulation.OfferSimulationNegative","Autochek_API_Automation","autochek_api_negative.OfferSimulation.OfferSimulationNegative","AcceptOfferNegative"
"Validate negative scenarios for template creation based on sheet data","2","UpdateEmailTemplate - providerId does not exist in provider system","API_Regression_Suite","2026-03-11","skipped","2026-03-11","autochek_api_negative.Template.TemplateV1Negative.TemplateV1Negative","Autochek_API_Automation","autochek_api_negative.Template.TemplateV1Negative.TemplateV1Negative","UpdateEmailTemplate"
"Validate negative scenarios for template creation based on sheet data","3","CreateEmailTemplate - account_id is null while all other fields are valid","API_Regression_Suite","2026-03-11","skipped","2026-03-11","autochek_api_negative.Template.TemplateV1Negative.TemplateV1Negative","Autochek_API_Automation","autochek_api_negative.Template.TemplateV1Negative.TemplateV1Negative","CreateEmailTemplate"
"Validates GET /v1/inventory/trims with dynamic parameters - Negative Test","632","GetTrimsNegative - Validate response when passing JSON object as field value","API_Regression_Suite","2026-03-11","passed","2026-03-11","autochek_api_negative.InventoryService.DynamicResponseNegative","Autochek_API_Automation","autochek_api_negative.InventoryService.DynamicResponseNegative","GetTrimsNegative"
"Update System Config dynamically for PASSWORD_POLICY or USER_SESSION","4","PatchSystemConfigV2 - MIN_LENGTH null","API_Regression_Suite","2026-03-11","skipped","2026-03-11","autochek_api_negative.UserService.UserServiceV2Negative","Autochek_API_Automation","autochek_api_negative.UserService.UserServiceV2Negative","PatchSystemConfigV2"
"Update System Config dynamically for PASSWORD_POLICY or USER_SESSION","3","PatchSystemConfigV2 - REQUIRE_NUMBER numeric other than boolean","API_Regression_Suite","2026-03-11","skipped","2026-03-11","autochek_api_negative.UserService.UserServiceV2Negative","Autochek_API_Automation","autochek_api_negative.UserService.UserServiceV2Negative","PatchSystemConfigV2"
"Validates GET /v2/origination/offers with dynamic parameters - Positive Test","594","GetOffersListNegative - country is numeric string","API_Regression_Suite","2026-03-11","passed","2026-03-11","autochek_api_negative.OriginationService.ResponsePayloadReductionV2APIsNegative","Autochek_API_Automation","autochek_api_negative.OriginationService.ResponsePayloadReductionV2APIsNegative","GetOffersListNegative"
"Validates GET /v1/inventory/body_type with dynamic parameters - Negative Test","502","GetBodyTypeNegative - Use semicolon instead of comma for separation","API_Regression_Suite","2026-03-11","passed","2026-03-11","autochek_api_negative.InventoryService.DynamicResponseNegative","Autochek_API_Automation","autochek_api_negative.InventoryService.DynamicResponseNegative","GetBodyTypeNegative"
"Validates /v2/origination/loans/{loan_id}/logbook/booking-info with dynamic parameters - Positive Test","0","GetBookingInfoForLogbookLoan","API_Regression_Suite","2026-03-11","skipped","2026-03-11","autochek_api_positive.OriginationService.ResponsePayloadReductionV2APIs","Autochek_API_Automation","autochek_api_positive.OriginationService.ResponsePayloadReductionV2APIs","GetBookingInfoForLogbookLoan"
"Validates GET /v1/inventory/inspection_request with dynamic parameters - Negative Test","714","GetInspectionRequestNegative - Pass boolean instead of string","API_Regression_Suite","2026-03-11","passed","2026-03-11","autochek_api_negative.InventoryService.DynamicResponseNegative","Autochek_API_Automation","autochek_api_negative.InventoryService.DynamicResponseNegative","GetInspectionRequestNegative"
"Create Inspection for the carID generated in Car Creation","587","PostCreateInspection - Script injection attempt in country","API_Regression_Suite","2026-03-11","passed","2026-03-11","autochek_api_negative.DetachTyresSpecification.DetachTyresSpecificationNegative","Autochek_API_Automation","autochek_api_negative.DetachTyresSpecification.DetachTyresSpecificationNegative","PostCreateInspection"
"Validates GET /v1/inventory/inspection_request with dynamic parameters - Negative Test","601","GetInspectionRequestNegative - Pass field names in wrong casing (case-sensitive scenario)","API_Regression_Suite","2026-03-11","passed","2026-03-11","autochek_api_negative.InventoryService.DynamicResponseNegative","Autochek_API_Automation","autochek_api_negative.InventoryService.DynamicResponseNegative","GetInspectionRequestNegative"
"Create Inspection for the carID generated in Car Creation","621","PostCreateInspection - Special characters only","API_Regression_Suite","2026-03-11","passed","2026-03-11","autochek_api_negative.DetachTyresSpecification.DetachTyresSpecificationNegative","Autochek_API_Automation","autochek_api_negative.DetachTyresSpecification.DetachTyresSpecificationNegative","PostCreateInspection"
"Submit Loan Customer Preferences","563","SubmitLoanPreferencesNegative - upfrontTyres very long string","API_Regression_Suite","2026-03-11","passed","2026-03-11","autochek_api_negative.OfferSimulation.OfferSimulationNegative","Autochek_API_Automation","autochek_api_negative.OfferSimulation.OfferSimulationNegative","SubmitLoanPreferencesNegative"
"Validates GET /v1/inventory/car with dynamic parameters - Negative Test","1541","GetCarListNegative - Validate API fails when using special characters in fields","API_Regression_Suite","2026-03-11","passed","2026-03-11","autochek_api_negative.InventoryService.DynamicResponseNegative","Autochek_API_Automation","autochek_api_negative.InventoryService.DynamicResponseNegative","GetCarListNegative"
"Update System Config dynamically for PASSWORD_POLICY or USER_SESSION","0","PatchSystemConfigV2 - REQUIRE_SPECIAL_CHAR numeric instead of boolean","API_Regression_Suite","2026-03-11","skipped","2026-03-11","autochek_api_negative.UserService.UserServiceV2Negative","Autochek_API_Automation","autochek_api_negative.UserService.UserServiceV2Negative","PatchSystemConfigV2"
"Validate negative scenarios for template creation based on sheet data","0","CreateEmailTemplate - Name contains SQL injection payload","API_Regression_Suite","2026-03-11","skipped","2026-03-11","autochek_api_negative.Template.TemplateV1Negative.TemplateV1Negative","Autochek_API_Automation","autochek_api_negative.Template.TemplateV1Negative.TemplateV1Negative","CreateEmailTemplate"
"Update Car and Validate Response","616","PutUpdateCar - owner_type SQL injection attempt","API_Regression_Suite","2026-03-11","passed","2026-03-11","autochek_api_negative.DetachTyresSpecification.DetachTyresSpecificationNegative","Autochek_API_Automation","autochek_api_negative.DetachTyresSpecification.DetachTyresSpecificationNegative","PutUpdateCar"
"Negative test for Create System Config V2","0","PostSystemConfigV2 - MAX_LENGTH decimal","API_Regression_Suite","2026-03-11","skipped","2026-03-11","autochek_api_negative.UserService.UserServiceV2Negative","Autochek_API_Automation","autochek_api_negative.UserService.UserServiceV2Negative","PostSystemConfigV2"
"Create Inspection for the carID generated in Car Creation","923","PostCreateInspection - Negative number for id","API_Regression_Suite","2026-03-11","passed","2026-03-11","autochek_api_negative.DetachTyresSpecification.DetachTyresSpecificationNegative","Autochek_API_Automation","autochek_api_negative.DetachTyresSpecification.DetachTyresSpecificationNegative","PostCreateInspection"
"Submit Loan Customer Preferences","812","SubmitLoanPreferencesNegative - upfrontTyres numeric instead of boolean","API_Regression_Suite","2026-03-11","passed","2026-03-11","autochek_api_negative.OfferSimulation.OfferSimulationNegative","Autochek_API_Automation","autochek_api_negative.OfferSimulation.OfferSimulationNegative","SubmitLoanPreferencesNegative"
"Validates negative test cases for Preview Template API using first created templateId map","2","PreviewTemplateNegativeTest - account_id.numberValue null","API_Regression_Suite","2026-03-11","skipped","2026-03-11","autochek_api_negative.Template.TemplateV1Negative.TemplateV1Negative","Autochek_API_Automation","autochek_api_negative.Template.TemplateV1Negative.TemplateV1Negative","PreviewTemplateNegativeTest"
"Update Car and Validate Response","1935","PutUpdateCar - engine_number with script injection","API_Regression_Suite","2026-03-11","passed","2026-03-11","autochek_api_negative.DetachTyresSpecification.DetachTyresSpecificationNegative","Autochek_API_Automation","autochek_api_negative.DetachTyresSpecification.DetachTyresSpecificationNegative","PutUpdateCar"
"Validates GET /v1/origination/offers/{offer_Id}/loan-document with dynamic parameters - Negative Test","539","GetLoanDocumentsByOfferIdNegative - Script injection (XSS attempt)","API_Regression_Suite","2026-03-11","passed","2026-03-11","autochek_api_negative.OriginationService.ResponsePayloadReductionV2APIsNegative","Autochek_API_Automation","autochek_api_negative.OriginationService.ResponsePayloadReductionV2APIsNegative","GetLoanDocumentsByOfferIdNegative"
"Validate negative scenarios for template creation based on sheet data","2","CreateEmailTemplate - category contains special characters","API_Regression_Suite","2026-03-11","skipped","2026-03-11","autochek_api_negative.Template.TemplateV1Negative.TemplateV1Negative","Autochek_API_Automation","autochek_api_negative.Template.TemplateV1Negative.TemplateV1Negative","CreateEmailTemplate"
"","4","PostLogoutAllAdminNegative - userId as empty string","API_Regression_Suite","2026-03-11","skipped","2026-03-11","autochek_api_negative.UserService.UserServiceV2Negative","Autochek_API_Automation","autochek_api_negative.UserService.UserServiceV2Negative","PostLogoutAllAdminNegative"
"Submit Loan Customer Preferences","795","SubmitLoanPreferencesNegative - requestedWarrantyPlan SQL injection","API_Regression_Suite","2026-03-11","passed","2026-03-11","autochek_api_negative.OfferSimulation.OfferSimulationNegative","Autochek_API_Automation","autochek_api_negative.OfferSimulation.OfferSimulationNegative","SubmitLoanPreferencesNegative"
"Validates GET /v2/origination/loans with dynamic parameters - Negative Test","532","GetLoansListNegative - country is numeric string","API_Regression_Suite","2026-03-11","passed","2026-03-11","autochek_api_negative.OriginationService.ResponsePayloadReductionV2APIsNegative","Autochek_API_Automation","autochek_api_negative.OriginationService.ResponsePayloadReductionV2APIsNegative","GetLoansListNegative"
"Validates GET /v1/inventory/body_type with dynamic parameters - Negative Test","539","GetBodyTypeNegative - Pass empty fields param","API_Regression_Suite","2026-03-11","passed","2026-03-11","autochek_api_negative.InventoryService.DynamicResponseNegative","Autochek_API_Automation","autochek_api_negative.InventoryService.DynamicResponseNegative","GetBodyTypeNegative"
"Create Car and Validate Response","6741","CreateCar - Verify car creation with valid VIN of 17 characters","API_Regression_Suite","2026-03-11","passed","2026-03-11","autochek_api_negative.DetachTyresSpecification.DetachTyresSpecificationNegative","Autochek_API_Automation","autochek_api_negative.DetachTyresSpecification.DetachTyresSpecificationNegative","CreateCar"
"Validates GET /v1/inventory/car with dynamic parameters - Positive Test","667","GetCarList - Validate nested model fields with only make.id","API_Regression_Suite","2026-03-11","broken","2026-03-11","autochek_api_positive.InventoryService.DynamicResponsePositive","Autochek_API_Automation","autochek_api_positive.InventoryService.DynamicResponsePositive","GetCarList"
"Validate negative scenarios for template creation based on sheet data","5","UpdateEmailTemplate - Name is null while all other fields are valid","API_Regression_Suite","2026-03-11","skipped","2026-03-11","autochek_api_negative.Template.TemplateV1Negative.TemplateV1Negative","Autochek_API_Automation","autochek_api_negative.Template.TemplateV1Negative.TemplateV1Negative","UpdateEmailTemplate"
"Get Offer Details by LoanID","812","GetOffersByLoanIdNegative - Send loan_id as numeric only","API_Regression_Suite","2026-03-11","passed","2026-03-11","autochek_api_negative.OriginationService.ResponsePayloadReductionV2APIsNegative","Autochek_API_Automation","autochek_api_negative.OriginationService.ResponsePayloadReductionV2APIsNegative","GetOffersByLoanIdNegative"
"Validate negative scenarios for template creation based on sheet data","15","UpdateEmailTemplate - account_id contains only spaces while others are valid","API_Regression_Suite","2026-03-11","skipped","2026-03-11","autochek_api_negative.Template.TemplateV1Negative.TemplateV1Negative","Autochek_API_Automation","autochek_api_negative.Template.TemplateV1Negative.TemplateV1Negative","UpdateEmailTemplate"
"Update System Config dynamically for PASSWORD_POLICY or USER_SESSION","2","PatchSystemConfigV2 - MAX_LENGTH zero","API_Regression_Suite","2026-03-11","skipped","2026-03-11","autochek_api_negative.UserService.UserServiceV2Negative","Autochek_API_Automation","autochek_api_negative.UserService.UserServiceV2Negative","PatchSystemConfigV2"
"Submit Loan Customer Preferences","5133","SubmitLoanPreferencesNegative - tyreBrand numeric instead of string","API_Regression_Suite","2026-03-11","passed","2026-03-11","autochek_api_negative.OfferSimulation.OfferSimulationNegative","Autochek_API_Automation","autochek_api_negative.OfferSimulation.OfferSimulationNegative","SubmitLoanPreferencesNegative"
"Validates GET /v1/inventory/model with dynamic parameters - Positive Test","535","GetModelList - Validate only imageUrl field is returned","API_Regression_Suite","2026-03-11","broken","2026-03-11","autochek_api_positive.InventoryService.DynamicResponsePositive","Autochek_API_Automation","autochek_api_positive.InventoryService.DynamicResponsePositive","GetModelList"
"Submit Loan Customer Preferences","806","SubmitLoanPreferencesNegative - upfrontCreditLifeInsurance very long string","API_Regression_Suite","2026-03-11","passed","2026-03-11","autochek_api_negative.OfferSimulation.OfferSimulationNegative","Autochek_API_Automation","autochek_api_negative.OfferSimulation.OfferSimulationNegative","SubmitLoanPreferencesNegative"
"Get the list of Tyre brands","719","GetTyreBrandsNegative - Pass unsupported special characters","API_Regression_Suite","2026-03-11","passed","2026-03-11","autochek_api_negative.OfferSimulation.OfferSimulationNegative","Autochek_API_Automation","autochek_api_negative.OfferSimulation.OfferSimulationNegative","GetTyreBrandsNegative"
"Submit Loan Customer Preferences","995","SubmitLoanPreferencesNegative - monthlyPayment alphanumeric","API_Regression_Suite","2026-03-11","passed","2026-03-11","autochek_api_negative.OfferSimulation.OfferSimulationNegative","Autochek_API_Automation","autochek_api_negative.OfferSimulation.OfferSimulationNegative","SubmitLoanPreferencesNegative"
"Validates GET /v1/inventory/body_type with dynamic parameters - Negative Test","712","GetBodyTypeNegative - Pass excluded field with special chars","API_Regression_Suite","2026-03-11","passed","2026-03-11","autochek_api_negative.InventoryService.DynamicResponseNegative","Autochek_API_Automation","autochek_api_negative.InventoryService.DynamicResponseNegative","GetBodyTypeNegative"
"Validates GET /v1/inventory/obds with dynamic parameters - Negative Test","1243","GetObdsNegative - Use spaces in field parameter","API_Regression_Suite","2026-03-11","passed","2026-03-11","autochek_api_negative.InventoryService.DynamicResponseNegative","Autochek_API_Automation","autochek_api_negative.InventoryService.DynamicResponseNegative","GetObdsNegative"
"","4104","submitLoanPreference - Omit interestRate","API_Regression_Suite","2026-03-11","passed","2026-03-11","autochek_api_positive.OfferSimulation.OfferSimulationPositive","Autochek_API_Automation","autochek_api_positive.OfferSimulation.OfferSimulationPositive","submitLoanPreference"
"Validate negative scenarios for template creation based on sheet data","7","CreateEmailTemplate","API_Regression_Suite","2026-03-11","skipped","2026-03-11","autochek_api_negative.Template.TemplateV1Negative.TemplateV1Negative","Autochek_API_Automation","autochek_api_negative.Template.TemplateV1Negative.TemplateV1Negative","CreateEmailTemplate"
"Update Car and Validate Response","1059","PutUpdateCar - address with special characters only","API_Regression_Suite","2026-03-11","passed","2026-03-11","autochek_api_negative.DetachTyresSpecification.DetachTyresSpecificationNegative","Autochek_API_Automation","autochek_api_negative.DetachTyresSpecification.DetachTyresSpecificationNegative","PutUpdateCar"
"Get TyreSpecs Details by Car ID","561","GetTyreSpecs - car_id too long (100+ chars)","API_Regression_Suite","2026-03-11","passed","2026-03-11","autochek_api_negative.DetachTyresSpecification.DetachTyresSpecificationNegative","Autochek_API_Automation","autochek_api_negative.DetachTyresSpecification.DetachTyresSpecificationNegative","GetTyreSpecs"
"","9","PostLogoutAllAdminNegative - HTML tag injection","API_Regression_Suite","2026-03-11","skipped","2026-03-11","autochek_api_negative.UserService.UserServiceV2Negative","Autochek_API_Automation","autochek_api_negative.UserService.UserServiceV2Negative","PostLogoutAllAdminNegative"
"Validates GET /v1/inventory/obds with dynamic parameters - Negative Test","521","GetObdsNegative - Pass special characters","API_Regression_Suite","2026-03-11","passed","2026-03-11","autochek_api_negative.InventoryService.DynamicResponseNegative","Autochek_API_Automation","autochek_api_negative.InventoryService.DynamicResponseNegative","GetObdsNegative"
"Get the list of Tyre brands","557","GetTyreBrandsNegative - Include URL special chars","API_Regression_Suite","2026-03-11","passed","2026-03-11","autochek_api_negative.OfferSimulation.OfferSimulationNegative","Autochek_API_Automation","autochek_api_negative.OfferSimulation.OfferSimulationNegative","GetTyreBrandsNegative"
"Update Car and Validate Response","828","PutUpdateCar - city as SQL injection","API_Regression_Suite","2026-03-11","passed","2026-03-11","autochek_api_negative.DetachTyresSpecification.DetachTyresSpecificationNegative","Autochek_API_Automation","autochek_api_negative.DetachTyresSpecification.DetachTyresSpecificationNegative","PutUpdateCar"
"Submit Loan Customer Preferences","561","SubmitLoanPreferencesNegative - residualPercentage negative value","API_Regression_Suite","2026-03-11","passed","2026-03-11","autochek_api_negative.OfferSimulation.OfferSimulationNegative","Autochek_API_Automation","autochek_api_negative.OfferSimulation.OfferSimulationNegative","SubmitLoanPreferencesNegative"
"Update System Config dynamically for PASSWORD_POLICY or USER_SESSION","2","PatchSystemConfigV2 - REQUIRE_SPECIAL_CHAR decimal value","API_Regression_Suite","2026-03-11","skipped","2026-03-11","autochek_api_negative.UserService.UserServiceV2Negative","Autochek_API_Automation","autochek_api_negative.UserService.UserServiceV2Negative","PatchSystemConfigV2"
"Update Car and Validate Response","758","PutUpdateCar - is_upgraded as SQL injection attempt","API_Regression_Suite","2026-03-11","passed","2026-03-11","autochek_api_negative.DetachTyresSpecification.DetachTyresSpecificationNegative","Autochek_API_Automation","autochek_api_negative.DetachTyresSpecification.DetachTyresSpecificationNegative","PutUpdateCar"
"Get the list of Tyre brands","720","GetTyreBrandsNegative - Attempt SQL injection in country_code","API_Regression_Suite","2026-03-11","passed","2026-03-11","autochek_api_negative.OfferSimulation.OfferSimulationNegative","Autochek_API_Automation","autochek_api_negative.OfferSimulation.OfferSimulationNegative","GetTyreBrandsNegative"
"Submit Loan Customer Preferences","1046","SubmitLoanPreferencesNegative - Upfront Warranty invalid value","API_Regression_Suite","2026-03-11","failed","2026-03-11","autochek_api_negative.OfferSimulation.OfferSimulationNegative","Autochek_API_Automation","autochek_api_negative.OfferSimulation.OfferSimulationNegative","SubmitLoanPreferencesNegative"
"","3","PostLookUpV2Negative - Identifier has invalid email domain","API_Regression_Suite","2026-03-11","skipped","2026-03-11","autochek_api_negative.UserService.UserServiceV2Negative","Autochek_API_Automation","autochek_api_negative.UserService.UserServiceV2Negative","PostLookUpV2Negative"
"Submit Loan Customer Preferences","816","SubmitLoanPreferencesNegative - interestRateType null","API_Regression_Suite","2026-03-11","passed","2026-03-11","autochek_api_negative.OfferSimulation.OfferSimulationNegative","Autochek_API_Automation","autochek_api_negative.OfferSimulation.OfferSimulationNegative","SubmitLoanPreferencesNegative"
"","3","PostLogoutV2Negative - Send no value in refreshToken cookie","API_Regression_Suite","2026-03-11","skipped","2026-03-11","autochek_api_negative.UserService.UserServiceV2Negative","Autochek_API_Automation","autochek_api_negative.UserService.UserServiceV2Negative","PostLogoutV2Negative"
"Validate negative scenarios for template creation based on sheet data","0","UpdateEmailTemplate - category contains newline or control character","API_Regression_Suite","2026-03-11","skipped","2026-03-11","autochek_api_negative.Template.TemplateV1Negative.TemplateV1Negative","Autochek_API_Automation","autochek_api_negative.Template.TemplateV1Negative.TemplateV1Negative","UpdateEmailTemplate"
"Get system configs after POST and store new ids + values","0","GetSystemConfigsAfterPost","API_Regression_Suite","2026-03-11","skipped","2026-03-11","autochek_api_negative.UserService.UserServiceV2Negative","Autochek_API_Automation","autochek_api_negative.UserService.UserServiceV2Negative","GetSystemConfigsAfterPost"
"Get Offer Details by LoanID","709","GetOffersByLoanIdNegative - Send loan_id as random alphanumeric invalid format","API_Regression_Suite","2026-03-11","passed","2026-03-11","autochek_api_negative.OriginationService.ResponsePayloadReductionV2APIsNegative","Autochek_API_Automation","autochek_api_negative.OriginationService.ResponsePayloadReductionV2APIsNegative","GetOffersByLoanIdNegative"
"","1519","submitLoanPreference - Omit upfrontMaintenancePlan","API_Regression_Suite","2026-03-11","passed","2026-03-11","autochek_api_positive.OfferSimulation.OfferSimulationPositive","Autochek_API_Automation","autochek_api_positive.OfferSimulation.OfferSimulationPositive","submitLoanPreference"
"Validate negative scenarios for template creation based on sheet data","7","CreateEmailTemplate - user_name exceeds maximum allowed length","API_Regression_Suite","2026-03-11","skipped","2026-03-11","autochek_api_negative.Template.TemplateV1Negative.TemplateV1Negative","Autochek_API_Automation","autochek_api_negative.Template.TemplateV1Negative.TemplateV1Negative","CreateEmailTemplate"
"Validate negative scenarios for template creation based on sheet data","1","UpdateEmailTemplate - audienceType is empty string while others are valid","API_Regression_Suite","2026-03-11","skipped","2026-03-11","autochek_api_negative.Template.TemplateV1Negative.TemplateV1Negative","Autochek_API_Automation","autochek_api_negative.Template.TemplateV1Negative.TemplateV1Negative","UpdateEmailTemplate"
"Get Offer Details by LoanID","891","GetOffersByLoanIdNegative - Send loan_id as whitespace only","API_Regression_Suite","2026-03-11","passed","2026-03-11","autochek_api_negative.OriginationService.ResponsePayloadReductionV2APIsNegative","Autochek_API_Automation","autochek_api_negative.OriginationService.ResponsePayloadReductionV2APIsNegative","GetOffersByLoanIdNegative"
"Validates GET /v1/inspection with dynamic parameters - Negative Test","1049","GetInspectionNegative - Pass excluded field with special char","API_Regression_Suite","2026-03-11","passed","2026-03-11","autochek_api_negative.InventoryService.DynamicResponseNegative","Autochek_API_Automation","autochek_api_negative.InventoryService.DynamicResponseNegative","GetInspectionNegative"
"Negative test for Create System Config V2","0","PostSystemConfigV2 - MAX_CONCURRENT_SESSIONS extremely large number","API_Regression_Suite","2026-03-11","skipped","2026-03-11","autochek_api_negative.UserService.UserServiceV2Negative","Autochek_API_Automation","autochek_api_negative.UserService.UserServiceV2Negative","PostSystemConfigV2"
"","3279","PostEnableUserV2 - Send valid userId which is already enabled","API_Regression_Suite","2026-03-11","failed","2026-03-11","autochek_api_positive.UserService.UserServiceV2","Autochek_API_Automation","autochek_api_positive.UserService.UserServiceV2","PostEnableUserV2"
"Fetching loan by ID","726","GetLoanByIdNegative - HTML tag injection","API_Regression_Suite","2026-03-11","passed","2026-03-11","autochek_api_negative.OriginationService.ResponsePayloadReductionV2APIsNegative","Autochek_API_Automation","autochek_api_negative.OriginationService.ResponsePayloadReductionV2APIsNegative","GetLoanByIdNegative"
"Validates GET /v2/origination/loans with dynamic parameters - Negative Test","659","GetLoansListNegative - country is null","API_Regression_Suite","2026-03-11","passed","2026-03-11","autochek_api_negative.OriginationService.ResponsePayloadReductionV2APIsNegative","Autochek_API_Automation","autochek_api_negative.OriginationService.ResponsePayloadReductionV2APIsNegative","GetLoansListNegative"
"Get Offer Details by LoanID","803","GetOffersByLoanIdNegative - Script injection (XSS attempt)","API_Regression_Suite","2026-03-11","passed","2026-03-11","autochek_api_negative.OriginationService.ResponsePayloadReductionV2APIsNegative","Autochek_API_Automation","autochek_api_negative.OriginationService.ResponsePayloadReductionV2APIsNegative","GetOffersByLoanIdNegative"
"Update System Config dynamically for PASSWORD_POLICY or USER_SESSION","3","PatchSystemConfigV2 - REQUIRE_UPPERCASE object structure passed","API_Regression_Suite","2026-03-11","skipped","2026-03-11","autochek_api_negative.UserService.UserServiceV2Negative","Autochek_API_Automation","autochek_api_negative.UserService.UserServiceV2Negative","PatchSystemConfigV2"
"Create Inspection for the carID generated in Car Creation","1213","PostCreateInspection - Latitude out of valid range","API_Regression_Suite","2026-03-11","passed","2026-03-11","autochek_api_negative.DetachTyresSpecification.DetachTyresSpecificationNegative","Autochek_API_Automation","autochek_api_negative.DetachTyresSpecification.DetachTyresSpecificationNegative","PostCreateInspection"
"Submit Loan Customer Preferences","707","SubmitLoanPreferencesNegative - upfrontVehicleRegistration unsupported keyword","API_Regression_Suite","2026-03-11","passed","2026-03-11","autochek_api_negative.OfferSimulation.OfferSimulationNegative","Autochek_API_Automation","autochek_api_negative.OfferSimulation.OfferSimulationNegative","SubmitLoanPreferencesNegative"
"Validates GET /v1/inventory/model with dynamic parameters - Negative Test","705","GetModelListNegative - Pass duplicate relation","API_Regression_Suite","2026-03-11","passed","2026-03-11","autochek_api_negative.InventoryService.DynamicResponseNegative","Autochek_API_Automation","autochek_api_negative.InventoryService.DynamicResponseNegative","GetModelListNegative"
"Validate negative scenarios for template creation based on sheet data","0","UpdateEmailTemplate - renderByUs is null while all other fields are valid","API_Regression_Suite","2026-03-11","skipped","2026-03-11","autochek_api_negative.Template.TemplateV1Negative.TemplateV1Negative","Autochek_API_Automation","autochek_api_negative.Template.TemplateV1Negative.TemplateV1Negative","UpdateEmailTemplate"
"Submit Loan Customer Preferences","711","SubmitLoanPreferencesNegative - equityContribution special characters","API_Regression_Suite","2026-03-11","passed","2026-03-11","autochek_api_negative.OfferSimulation.OfferSimulationNegative","Autochek_API_Automation","autochek_api_negative.OfferSimulation.OfferSimulationNegative","SubmitLoanPreferencesNegative"
"Update System Config dynamically for PASSWORD_POLICY or USER_SESSION","3","PatchSystemConfigV2 - REQUIRE_NUMBER special characters","API_Regression_Suite","2026-03-11","skipped","2026-03-11","autochek_api_negative.UserService.UserServiceV2Negative","Autochek_API_Automation","autochek_api_negative.UserService.UserServiceV2Negative","PatchSystemConfigV2"
"Validates GET /v1/inventory/car with dynamic parameters - Positive Test","627","GetCarList - Validate nested field model is returned","API_Regression_Suite","2026-03-11","broken","2026-03-11","autochek_api_positive.InventoryService.DynamicResponsePositive","Autochek_API_Automation","autochek_api_positive.InventoryService.DynamicResponsePositive","GetCarList"
"Validates GET /v1/inventory/car with dynamic parameters - Negative Test","625","GetCarListNegative - Validate API fails when passing special characters as relation value","API_Regression_Suite","2026-03-11","passed","2026-03-11","autochek_api_negative.InventoryService.DynamicResponseNegative","Autochek_API_Automation","autochek_api_negative.InventoryService.DynamicResponseNegative","GetCarListNegative"
"Update System Config dynamically for PASSWORD_POLICY or USER_SESSION","0","PatchSystemConfigV2 - REQUIRE_SPECIAL_CHAR string true instead of boolean","API_Regression_Suite","2026-03-11","skipped","2026-03-11","autochek_api_negative.UserService.UserServiceV2Negative","Autochek_API_Automation","autochek_api_negative.UserService.UserServiceV2Negative","PatchSystemConfigV2"
"","9844","submitLoanPreference - Omit tyreBrand","API_Regression_Suite","2026-03-11","passed","2026-03-11","autochek_api_positive.OfferSimulation.OfferSimulationPositive","Autochek_API_Automation","autochek_api_positive.OfferSimulation.OfferSimulationPositive","submitLoanPreference"
"Validate negative scenarios for template creation based on sheet data","3","CreateEmailTemplate - user_name contains special characters","API_Regression_Suite","2026-03-11","skipped","2026-03-11","autochek_api_negative.Template.TemplateV1Negative.TemplateV1Negative","Autochek_API_Automation","autochek_api_negative.Template.TemplateV1Negative.TemplateV1Negative","CreateEmailTemplate"
"Create Inspection for the carID generated in Car Creation","1688","PostCreateInspection - Too long format","API_Regression_Suite","2026-03-11","passed","2026-03-11","autochek_api_negative.DetachTyresSpecification.DetachTyresSpecificationNegative","Autochek_API_Automation","autochek_api_negative.DetachTyresSpecification.DetachTyresSpecificationNegative","PostCreateInspection"
"Update System Config dynamically for PASSWORD_POLICY or USER_SESSION","0","PatchSystemConfigV2 - DISALLOW_WHITESPACES empty value","API_Regression_Suite","2026-03-11","skipped","2026-03-11","autochek_api_negative.UserService.UserServiceV2Negative","Autochek_API_Automation","autochek_api_negative.UserService.UserServiceV2Negative","PatchSystemConfigV2"
"Validates GET /v1/inspection with dynamic parameters - Negative Test","608","GetInspectionNegative - Pass special characters in relations","API_Regression_Suite","2026-03-11","passed","2026-03-11","autochek_api_negative.InventoryService.DynamicResponseNegative","Autochek_API_Automation","autochek_api_negative.InventoryService.DynamicResponseNegative","GetInspectionNegative"
"Validate negative scenarios for template creation based on sheet data","2","UpdateEmailTemplate - audienceType contains special characters","API_Regression_Suite","2026-03-11","skipped","2026-03-11","autochek_api_negative.Template.TemplateV1Negative.TemplateV1Negative","Autochek_API_Automation","autochek_api_negative.Template.TemplateV1Negative.TemplateV1Negative","UpdateEmailTemplate"
"Submit Loan Customer Preferences","569","SubmitLoanPreferencesNegative - monthlyPayment null","API_Regression_Suite","2026-03-11","passed","2026-03-11","autochek_api_negative.OfferSimulation.OfferSimulationNegative","Autochek_API_Automation","autochek_api_negative.OfferSimulation.OfferSimulationNegative","SubmitLoanPreferencesNegative"
"","1476","submitLoanPreference - Omit upfrontCreditLifeInsurance","API_Regression_Suite","2026-03-11","passed","2026-03-11","autochek_api_positive.OfferSimulation.OfferSimulationPositive","Autochek_API_Automation","autochek_api_positive.OfferSimulation.OfferSimulationPositive","submitLoanPreference"
"Validates GET /v2/origination/loans/{loan_id}/logbook/car-details - Negative Test","689","GetLogbookCarDetailsByLoanIdNegative - HTML tag injection","API_Regression_Suite","2026-03-11","passed","2026-03-11","autochek_api_negative.OriginationService.ResponsePayloadReductionV2APIsNegative","Autochek_API_Automation","autochek_api_negative.OriginationService.ResponsePayloadReductionV2APIsNegative","GetLogbookCarDetailsByLoanIdNegative"
"Negative test for Create System Config V2","0","PostSystemConfigV2 - MAX_CONCURRENT_SESSIONS negative number","API_Regression_Suite","2026-03-11","skipped","2026-03-11","autochek_api_negative.UserService.UserServiceV2Negative","Autochek_API_Automation","autochek_api_negative.UserService.UserServiceV2Negative","PostSystemConfigV2"
"Validates GET /v1/inventory/model with dynamic parameters - Positive Test","1398","GetModelList - Validate exclusion of make.name while including make.id","API_Regression_Suite","2026-03-11","passed","2026-03-11","autochek_api_positive.InventoryService.DynamicResponsePositive","Autochek_API_Automation","autochek_api_positive.InventoryService.DynamicResponsePositive","GetModelList"
"Get Offer Details by LoanID","713","GetOffersByLoanIdNegative - loan_id with only special characters","API_Regression_Suite","2026-03-11","passed","2026-03-11","autochek_api_negative.OriginationService.ResponsePayloadReductionV2APIsNegative","Autochek_API_Automation","autochek_api_negative.OriginationService.ResponsePayloadReductionV2APIsNegative","GetOffersByLoanIdNegative"
"Validates GET /v1/inventory/obds with dynamic parameters - Positive Test","531","GetObds - Validate only code field is returned","API_Regression_Suite","2026-03-11","failed","2026-03-11","autochek_api_positive.InventoryService.DynamicResponsePositive","Autochek_API_Automation","autochek_api_positive.InventoryService.DynamicResponsePositive","GetObds"
"Delete USER_SESSION and PASSWORD_POLICY using stored IDs","0","deleteSystemConfigs - Delete with blank space ID","API_Regression_Suite","2026-03-11","skipped","2026-03-11","autochek_api_negative.UserService.UserServiceV2Negative","Autochek_API_Automation","autochek_api_negative.UserService.UserServiceV2Negative","deleteSystemConfigs"
"Validates GET /v1/inventory/model with dynamic parameters - Positive Test","605","GetModelList - Pass whitespace in relation","API_Regression_Suite","2026-03-11","passed","2026-03-11","autochek_api_positive.InventoryService.DynamicResponsePositive","Autochek_API_Automation","autochek_api_positive.InventoryService.DynamicResponsePositive","GetModelList"
"Validates GET /v1/inventory/obds with dynamic parameters - Negative Test","718","GetObdsNegative - Mix valid and invalid fields","API_Regression_Suite","2026-03-11","passed","2026-03-11","autochek_api_negative.InventoryService.DynamicResponseNegative","Autochek_API_Automation","autochek_api_negative.InventoryService.DynamicResponseNegative","GetObdsNegative"
"Submit Loan Customer Preferences","573","SubmitLoanPreferencesNegative - upfrontVehicleRegistration very long string","API_Regression_Suite","2026-03-11","passed","2026-03-11","autochek_api_negative.OfferSimulation.OfferSimulationNegative","Autochek_API_Automation","autochek_api_negative.OfferSimulation.OfferSimulationNegative","SubmitLoanPreferencesNegative"
"Negative test for Create System Config V2","0","PostSystemConfigV2 - REQUIRE_SPECIAL_CHAR SQL injection attempt","API_Regression_Suite","2026-03-11","skipped","2026-03-11","autochek_api_negative.UserService.UserServiceV2Negative","Autochek_API_Automation","autochek_api_negative.UserService.UserServiceV2Negative","PostSystemConfigV2"
"Create Car and Validate Response","2696","CreateCar - Verify car creation with image_url in .webp format","API_Regression_Suite","2026-03-11","broken","2026-03-11","autochek_api_positive.DetachTyreSpecification.DetachTyreSpecificationPositive","Autochek_API_Automation","autochek_api_positive.DetachTyreSpecification.DetachTyreSpecificationPositive","CreateCar"
"Create Car and Validate Response","3080","CreateCar - Verify car creation with engine type 4-cylinder(I4)","API_Regression_Suite","2026-03-11","broken","2026-03-11","autochek_api_positive.DetachTyreSpecification.DetachTyreSpecificationPositive","Autochek_API_Automation","autochek_api_positive.DetachTyreSpecification.DetachTyreSpecificationPositive","CreateCar"
"Get TyreSpecs Details by Car ID","565","GetTyreSpecs - car_id too short (1 char)","API_Regression_Suite","2026-03-11","passed","2026-03-11","autochek_api_negative.DetachTyresSpecification.DetachTyresSpecificationNegative","Autochek_API_Automation","autochek_api_negative.DetachTyresSpecification.DetachTyresSpecificationNegative","GetTyreSpecs"
"Fetching loan by ID","587","GetLoanByIdNegative - loan_id with only special characters","API_Regression_Suite","2026-03-11","passed","2026-03-11","autochek_api_negative.OriginationService.ResponsePayloadReductionV2APIsNegative","Autochek_API_Automation","autochek_api_negative.OriginationService.ResponsePayloadReductionV2APIsNegative","GetLoanByIdNegative"
"Filter templates based on parameter from sheet and validate response","16","filterTemplate - Filter by language specific English","API_Regression_Suite","2026-03-11","skipped","2026-03-11","autochek_api_positive.Template.TemplateV1Positive","Autochek_API_Automation","autochek_api_positive.Template.TemplateV1Positive","filterTemplate"
"Submit Loan Customer Preferences","842","SubmitLoanPreferencesNegative - interestRate non-numeric string","API_Regression_Suite","2026-03-11","passed","2026-03-11","autochek_api_negative.OfferSimulation.OfferSimulationNegative","Autochek_API_Automation","autochek_api_negative.OfferSimulation.OfferSimulationNegative","SubmitLoanPreferencesNegative"
"","1825","submitLoanPreference - Omit desiredLoanCurrency","API_Regression_Suite","2026-03-11","passed","2026-03-11","autochek_api_positive.OfferSimulation.OfferSimulationPositive","Autochek_API_Automation","autochek_api_positive.OfferSimulation.OfferSimulationPositive","submitLoanPreference"
"Create Inspection for the carID generated in Car Creation","1102","PostCreateInspection - Alphabets only","API_Regression_Suite","2026-03-11","passed","2026-03-11","autochek_api_negative.DetachTyresSpecification.DetachTyresSpecificationNegative","Autochek_API_Automation","autochek_api_negative.DetachTyresSpecification.DetachTyresSpecificationNegative","PostCreateInspection"
"Update Car and Validate Response","745","PutUpdateCar - state with numbers only","API_Regression_Suite","2026-03-11","passed","2026-03-11","autochek_api_negative.DetachTyresSpecification.DetachTyresSpecificationNegative","Autochek_API_Automation","autochek_api_negative.DetachTyresSpecification.DetachTyresSpecificationNegative","PutUpdateCar"
"Validates GET /v1/inventory/car with dynamic parameters - Negative Test","1352","GetCarListNegative - Pass numeric value in fields","API_Regression_Suite","2026-03-11","passed","2026-03-11","autochek_api_negative.InventoryService.DynamicResponseNegative","Autochek_API_Automation","autochek_api_negative.InventoryService.DynamicResponseNegative","GetCarListNegative"
"Submit Loan Customer Preferences","802","SubmitLoanPreferencesNegative - interestRate zero","API_Regression_Suite","2026-03-11","passed","2026-03-11","autochek_api_negative.OfferSimulation.OfferSimulationNegative","Autochek_API_Automation","autochek_api_negative.OfferSimulation.OfferSimulationNegative","SubmitLoanPreferencesNegative"
"","7470","submitLoanPreference - Omit residualPercentage","API_Regression_Suite","2026-03-11","passed","2026-03-11","autochek_api_positive.OfferSimulation.OfferSimulationPositive","Autochek_API_Automation","autochek_api_positive.OfferSimulation.OfferSimulationPositive","submitLoanPreference"
"Validates GET /v2/origination/partners with dynamic parameters - Positive Test","727","GetPartnersListNegative - country is lowercase","API_Regression_Suite","2026-03-11","passed","2026-03-11","autochek_api_negative.OriginationService.ResponsePayloadReductionV2APIsNegative","Autochek_API_Automation","autochek_api_negative.OriginationService.ResponsePayloadReductionV2APIsNegative","GetPartnersListNegative"
"","3","PostUserSignUpV2Negative - LastName is null","API_Regression_Suite","2026-03-11","skipped","2026-03-11","autochek_api_negative.UserService.UserServiceV2Negative","Autochek_API_Automation","autochek_api_negative.UserService.UserServiceV2Negative","PostUserSignUpV2Negative"
"Validate negative scenarios for template creation based on sheet data","2","CreateEmailTemplate - renderByUs contains string value instead of boolean","API_Regression_Suite","2026-03-11","skipped","2026-03-11","autochek_api_negative.Template.TemplateV1Negative.TemplateV1Negative","Autochek_API_Automation","autochek_api_negative.Template.TemplateV1Negative.TemplateV1Negative","CreateEmailTemplate"
"Get Offer Details by OfferID","617","GetOffersByIdNegative - offer_id with very long string (300 chars)","API_Regression_Suite","2026-03-11","passed","2026-03-11","autochek_api_negative.OriginationService.ResponsePayloadReductionV2APIsNegative","Autochek_API_Automation","autochek_api_negative.OriginationService.ResponsePayloadReductionV2APIsNegative","GetOffersByIdNegative"
"Negative test for Create System Config V2","0","PostSystemConfigV2 - REQUIRE_UPPERCASE object structure passed","API_Regression_Suite","2026-03-11","skipped","2026-03-11","autochek_api_negative.UserService.UserServiceV2Negative","Autochek_API_Automation","autochek_api_negative.UserService.UserServiceV2Negative","PostSystemConfigV2"
"Submit Loan Customer Preferences","1521","SubmitLoanPreferencesNegative - vehicleDiscount float","API_Regression_Suite","2026-03-11","passed","2026-03-11","autochek_api_negative.OfferSimulation.OfferSimulationNegative","Autochek_API_Automation","autochek_api_negative.OfferSimulation.OfferSimulationNegative","SubmitLoanPreferencesNegative"
"Validate negative scenarios for template creation based on sheet data","4","CreateEmailTemplate - category exceeds maximum allowed length","API_Regression_Suite","2026-03-11","skipped","2026-03-11","autochek_api_negative.Template.TemplateV1Negative.TemplateV1Negative","Autochek_API_Automation","autochek_api_negative.Template.TemplateV1Negative.TemplateV1Negative","CreateEmailTemplate"
"Delete USER_SESSION and PASSWORD_POLICY using stored IDs","7","deleteSystemConfigs - Delete with empty ID","API_Regression_Suite","2026-03-11","skipped","2026-03-11","autochek_api_negative.UserService.UserServiceV2Negative","Autochek_API_Automation","autochek_api_negative.UserService.UserServiceV2Negative","deleteSystemConfigs"
"Negative test for Create System Config V2","0","PostSystemConfigV2 - REQUIRE_UPPERCASE special characters","API_Regression_Suite","2026-03-11","skipped","2026-03-11","autochek_api_negative.UserService.UserServiceV2Negative","Autochek_API_Automation","autochek_api_negative.UserService.UserServiceV2Negative","PostSystemConfigV2"
"Validates GET /v1/inventory/car with dynamic parameters - Negative Test","6081","GetCarListNegative - Validate API fails when excluding a non-existent field","API_Regression_Suite","2026-03-11","passed","2026-03-11","autochek_api_negative.InventoryService.DynamicResponseNegative","Autochek_API_Automation","autochek_api_negative.InventoryService.DynamicResponseNegative","GetCarListNegative"
"Create Inspection for the carID generated in Car Creation","717","PostCreateInspection - Script injection attempt","API_Regression_Suite","2026-03-11","passed","2026-03-11","autochek_api_negative.DetachTyresSpecification.DetachTyresSpecificationNegative","Autochek_API_Automation","autochek_api_negative.DetachTyresSpecification.DetachTyresSpecificationNegative","PostCreateInspection"
"Submit Loan Customer Preferences","582","SubmitLoanPreferencesNegative - term spaces only","API_Regression_Suite","2026-03-11","passed","2026-03-11","autochek_api_negative.OfferSimulation.OfferSimulationNegative","Autochek_API_Automation","autochek_api_negative.OfferSimulation.OfferSimulationNegative","SubmitLoanPreferencesNegative"
"","2","PostLookUpV2Negative - Identifier contains special characters in phone number","API_Regression_Suite","2026-03-11","skipped","2026-03-11","autochek_api_negative.UserService.UserServiceV2Negative","Autochek_API_Automation","autochek_api_negative.UserService.UserServiceV2Negative","PostLookUpV2Negative"
"Fetching loan by ID","595","GetLoanByIdNegative - SQL injection with DROP statement","API_Regression_Suite","2026-03-11","passed","2026-03-11","autochek_api_negative.OriginationService.ResponsePayloadReductionV2APIsNegative","Autochek_API_Automation","autochek_api_negative.OriginationService.ResponsePayloadReductionV2APIsNegative","GetLoanByIdNegative"
"Validate negative scenarios for template creation based on sheet data","3","UpdateEmailTemplate - providerId contains only spaces while others are valid","API_Regression_Suite","2026-03-11","skipped","2026-03-11","autochek_api_negative.Template.TemplateV1Negative.TemplateV1Negative","Autochek_API_Automation","autochek_api_negative.Template.TemplateV1Negative.TemplateV1Negative","UpdateEmailTemplate"
"Validates GET /v1/origination/offers/{offer_Id}/loan-document with dynamic parameters - Negative Test","892","GetLoanDocumentsByOfferIdNegative - Send offer_id as whitespace only","API_Regression_Suite","2026-03-11","passed","2026-03-11","autochek_api_negative.OriginationService.ResponsePayloadReductionV2APIsNegative","Autochek_API_Automation","autochek_api_negative.OriginationService.ResponsePayloadReductionV2APIsNegative","GetLoanDocumentsByOfferIdNegative"
"Submit Loan Customer Preferences","586","SubmitLoanPreferencesNegative - upfrontTyres array instead of boolean","API_Regression_Suite","2026-03-11","failed","2026-03-11","autochek_api_negative.OfferSimulation.OfferSimulationNegative","Autochek_API_Automation","autochek_api_negative.OfferSimulation.OfferSimulationNegative","SubmitLoanPreferencesNegative"
"Submit Loan Customer Preferences","568","SubmitLoanPreferencesNegative - requestedWarrantyPlan XSS injection","API_Regression_Suite","2026-03-11","passed","2026-03-11","autochek_api_negative.OfferSimulation.OfferSimulationNegative","Autochek_API_Automation","autochek_api_negative.OfferSimulation.OfferSimulationNegative","SubmitLoanPreferencesNegative"
"Filter templates based on parameter from sheet and validate response","0","filterTemplate - Filter by audienceType","API_Regression_Suite","2026-03-11","skipped","2026-03-11","autochek_api_positive.Template.TemplateV1Positive","Autochek_API_Automation","autochek_api_positive.Template.TemplateV1Positive","filterTemplate"
"Validates GET /v1/inventory/trims with dynamic parameters - Negative Test","592","GetTrimsNegative - Validate response when passing array-like value","API_Regression_Suite","2026-03-11","passed","2026-03-11","autochek_api_negative.InventoryService.DynamicResponseNegative","Autochek_API_Automation","autochek_api_negative.InventoryService.DynamicResponseNegative","GetTrimsNegative"
"Validates GET /v1/inspection with dynamic parameters - Positive Test","708","GetInspection - Validate only car(model(id)) field is returned","API_Regression_Suite","2026-03-11","broken","2026-03-11","autochek_api_positive.InventoryService.DynamicResponsePositive","Autochek_API_Automation","autochek_api_positive.InventoryService.DynamicResponsePositive","GetInspection"
"Validates GET /v2/origination/loans/{loan_id}/accepted-offer - Negative Test","810","GetAcceptedOfferByLoanIdNegative - HTML tag injection","API_Regression_Suite","2026-03-11","passed","2026-03-11","autochek_api_negative.OriginationService.ResponsePayloadReductionV2APIsNegative","Autochek_API_Automation","autochek_api_negative.OriginationService.ResponsePayloadReductionV2APIsNegative","GetAcceptedOfferByLoanIdNegative"
"Validates GET /v1/inventory/car with dynamic parameters - Negative Test","724","GetCarListNegative - Pass nested relation not supported","API_Regression_Suite","2026-03-11","passed","2026-03-11","autochek_api_negative.InventoryService.DynamicResponseNegative","Autochek_API_Automation","autochek_api_negative.InventoryService.DynamicResponseNegative","GetCarListNegative"
"Create Inspection for the carID generated in Car Creation","731","PostCreateInspection - Multiple invalids together (form_id empty + car_id invalid + tyreCode empty)","API_Regression_Suite","2026-03-11","passed","2026-03-11","autochek_api_negative.DetachTyresSpecification.DetachTyresSpecificationNegative","Autochek_API_Automation","autochek_api_negative.DetachTyresSpecification.DetachTyresSpecificationNegative","PostCreateInspection"
"Submit Loan Customer Preferences","755","SubmitLoanPreferencesNegative - residualPercentage non-numeric string","API_Regression_Suite","2026-03-11","passed","2026-03-11","autochek_api_negative.OfferSimulation.OfferSimulationNegative","Autochek_API_Automation","autochek_api_negative.OfferSimulation.OfferSimulationNegative","SubmitLoanPreferencesNegative"
"Create Inspection for the carID generated in Car Creation","819","PostCreateInspection - Longitude out of valid range","API_Regression_Suite","2026-03-11","passed","2026-03-11","autochek_api_negative.DetachTyresSpecification.DetachTyresSpecificationNegative","Autochek_API_Automation","autochek_api_negative.DetachTyresSpecification.DetachTyresSpecificationNegative","PostCreateInspection"
"","1195","GetMeV2 - Send valid access token in cookie → should return user profile details","API_Regression_Suite","2026-03-11","passed","2026-03-11","autochek_api_positive.UserService.UserServiceV2","Autochek_API_Automation","autochek_api_positive.UserService.UserServiceV2","GetMeV2"
"Create Inspection for the carID generated in Car Creation","1431","PostCreateInspection - Too short car_id","API_Regression_Suite","2026-03-11","passed","2026-03-11","autochek_api_negative.DetachTyresSpecification.DetachTyresSpecificationNegative","Autochek_API_Automation","autochek_api_negative.DetachTyresSpecification.DetachTyresSpecificationNegative","PostCreateInspection"
"Validates GET /v1/inventory/body_type with dynamic parameters - Negative Test","515","GetBodyTypeNegative - Use extremely long random string as field","API_Regression_Suite","2026-03-11","passed","2026-03-11","autochek_api_negative.InventoryService.DynamicResponseNegative","Autochek_API_Automation","autochek_api_negative.InventoryService.DynamicResponseNegative","GetBodyTypeNegative"
"Validate negative scenarios for template creation based on sheet data","2","CreateEmailTemplate - Name is empty string while others are valid","API_Regression_Suite","2026-03-11","skipped","2026-03-11","autochek_api_negative.Template.TemplateV1Negative.TemplateV1Negative","Autochek_API_Automation","autochek_api_negative.Template.TemplateV1Negative.TemplateV1Negative","CreateEmailTemplate"
"Validates GET /v2/origination/offers with dynamic parameters - Positive Test","773","GetOffersListNegative - page_size is object","API_Regression_Suite","2026-03-11","passed","2026-03-11","autochek_api_negative.OriginationService.ResponsePayloadReductionV2APIsNegative","Autochek_API_Automation","autochek_api_negative.OriginationService.ResponsePayloadReductionV2APIsNegative","GetOffersListNegative"
"Submit Loan Customer Preferences","557","SubmitLoanPreferencesNegative - monthlyPayment zero","API_Regression_Suite","2026-03-11","passed","2026-03-11","autochek_api_negative.OfferSimulation.OfferSimulationNegative","Autochek_API_Automation","autochek_api_negative.OfferSimulation.OfferSimulationNegative","SubmitLoanPreferencesNegative"
"Validates GET /v1/inventory/car with dynamic parameters - Negative Test","1345","GetCarListNegative - Exclude all valid fields using - but invalid key","API_Regression_Suite","2026-03-11","passed","2026-03-11","autochek_api_negative.InventoryService.DynamicResponseNegative","Autochek_API_Automation","autochek_api_negative.InventoryService.DynamicResponseNegative","GetCarListNegative"
"Validates GET /v2/origination/loans/{loan_id}/logbook/booking-info - Negative Test","565","GetBookingInfoForLogbookLoanNegative - SQL injection with DROP statement","API_Regression_Suite","2026-03-11","passed","2026-03-11","autochek_api_negative.OriginationService.ResponsePayloadReductionV2APIsNegative","Autochek_API_Automation","autochek_api_negative.OriginationService.ResponsePayloadReductionV2APIsNegative","GetBookingInfoForLogbookLoanNegative"
"Validates GET /v2/origination/sources with dynamic parameters - Negative Test","696","GetBanksListNegative - page_size is array","API_Regression_Suite","2026-03-11","passed","2026-03-11","autochek_api_negative.OriginationService.ResponsePayloadReductionV2APIsNegative","Autochek_API_Automation","autochek_api_negative.OriginationService.ResponsePayloadReductionV2APIsNegative","GetBanksListNegative"
"Validates negative test cases for Preview Template API using first created templateId map","6","PreviewTemplateNegativeTest - user_name extremely long string (>500 chars)","API_Regression_Suite","2026-03-11","skipped","2026-03-11","autochek_api_negative.Template.TemplateV1Negative.TemplateV1Negative","Autochek_API_Automation","autochek_api_negative.Template.TemplateV1Negative.TemplateV1Negative","PreviewTemplateNegativeTest"
"Create Inspection for the carID generated in Car Creation","814","PostCreateInspection - car_id injection + tyreCode injection","API_Regression_Suite","2026-03-11","passed","2026-03-11","autochek_api_negative.DetachTyresSpecification.DetachTyresSpecificationNegative","Autochek_API_Automation","autochek_api_negative.DetachTyresSpecification.DetachTyresSpecificationNegative","PostCreateInspection"
"Validates GET /v2/origination/loans/{loan_id}/accepted-offer - Negative Test","813","GetAcceptedOfferByLoanIdNegative - Send offer_id as random alphanumeric invalid format","API_Regression_Suite","2026-03-11","passed","2026-03-11","autochek_api_negative.OriginationService.ResponsePayloadReductionV2APIsNegative","Autochek_API_Automation","autochek_api_negative.OriginationService.ResponsePayloadReductionV2APIsNegative","GetAcceptedOfferByLoanIdNegative"
"Create Inspection for the carID generated in Car Creation","914","PostCreateInspection - SQL injection","API_Regression_Suite","2026-03-11","passed","2026-03-11","autochek_api_negative.DetachTyresSpecification.DetachTyresSpecificationNegative","Autochek_API_Automation","autochek_api_negative.DetachTyresSpecification.DetachTyresSpecificationNegative","PostCreateInspection"
"Submit Loan Customer Preferences","1169","SubmitLoanPreferencesNegative - upfrontInsurance numeric instead of boolean","API_Regression_Suite","2026-03-11","passed","2026-03-11","autochek_api_negative.OfferSimulation.OfferSimulationNegative","Autochek_API_Automation","autochek_api_negative.OfferSimulation.OfferSimulationNegative","SubmitLoanPreferencesNegative"
"Submit Loan Customer Preferences","533","SubmitLoanPreferencesNegative - Interest Rate above allowed range","API_Regression_Suite","2026-03-11","failed","2026-03-11","autochek_api_negative.OfferSimulation.OfferSimulationNegative","Autochek_API_Automation","autochek_api_negative.OfferSimulation.OfferSimulationNegative","SubmitLoanPreferencesNegative"
"Create Inspection for the carID generated in Car Creation","542","PostCreateInspection - Unsupported inspection type","API_Regression_Suite","2026-03-11","passed","2026-03-11","autochek_api_negative.DetachTyresSpecification.DetachTyresSpecificationNegative","Autochek_API_Automation","autochek_api_negative.DetachTyresSpecification.DetachTyresSpecificationNegative","PostCreateInspection"
"Create Inspection for the carID generated in Car Creation","710","PostCreateInspection - SQL injection attempt in wheel_type","API_Regression_Suite","2026-03-11","passed","2026-03-11","autochek_api_negative.DetachTyresSpecification.DetachTyresSpecificationNegative","Autochek_API_Automation","autochek_api_negative.DetachTyresSpecification.DetachTyresSpecificationNegative","PostCreateInspection"
"Negative test for Create System Config V2","0","PostSystemConfigV2 - REQUIRE_SPECIAL_CHAR empty value","API_Regression_Suite","2026-03-11","skipped","2026-03-11","autochek_api_negative.UserService.UserServiceV2Negative","Autochek_API_Automation","autochek_api_negative.UserService.UserServiceV2Negative","PostSystemConfigV2"
"Validates GET /v1/inspection with dynamic parameters - Negative Test","793","GetInspectionNegative - Validate API fails when passing completely unknown relation","API_Regression_Suite","2026-03-11","passed","2026-03-11","autochek_api_negative.InventoryService.DynamicResponseNegative","Autochek_API_Automation","autochek_api_negative.InventoryService.DynamicResponseNegative","GetInspectionNegative"
"Negative test for Create System Config V2","3","PostSystemConfigV2 - MIN_LENGTH decimal","API_Regression_Suite","2026-03-11","skipped","2026-03-11","autochek_api_negative.UserService.UserServiceV2Negative","Autochek_API_Automation","autochek_api_negative.UserService.UserServiceV2Negative","PostSystemConfigV2"
"Validates GET /v1/inventory/model with dynamic parameters - Negative Test","796","GetModelListNegative - Pass invalid relation name","API_Regression_Suite","2026-03-11","passed","2026-03-11","autochek_api_negative.InventoryService.DynamicResponseNegative","Autochek_API_Automation","autochek_api_negative.InventoryService.DynamicResponseNegative","GetModelListNegative"
"Validate negative scenarios for template creation based on sheet data","0","CreateEmailTemplate - category contains newline or control character","API_Regression_Suite","2026-03-11","skipped","2026-03-11","autochek_api_negative.Template.TemplateV1Negative.TemplateV1Negative","Autochek_API_Automation","autochek_api_negative.Template.TemplateV1Negative.TemplateV1Negative","CreateEmailTemplate"
"Validates GET /v2/origination/loans/{loan_id}/accepted-offer - Negative Test","536","GetAcceptedOfferByLoanIdNegative - Send offer_id as empty string","API_Regression_Suite","2026-03-11","passed","2026-03-11","autochek_api_negative.OriginationService.ResponsePayloadReductionV2APIsNegative","Autochek_API_Automation","autochek_api_negative.OriginationService.ResponsePayloadReductionV2APIsNegative","GetAcceptedOfferByLoanIdNegative"
"Delete USER_SESSION and PASSWORD_POLICY using stored IDs","3","deleteSystemConfigs - Delete using URL encoded characters","API_Regression_Suite","2026-03-11","skipped","2026-03-11","autochek_api_negative.UserService.UserServiceV2Negative","Autochek_API_Automation","autochek_api_negative.UserService.UserServiceV2Negative","deleteSystemConfigs"
"Validates negative test cases for Preview Template API using first created templateId map","3","PreviewTemplateNegativeTest - channel empty string","API_Regression_Suite","2026-03-11","skipped","2026-03-11","autochek_api_negative.Template.TemplateV1Negative.TemplateV1Negative","Autochek_API_Automation","autochek_api_negative.Template.TemplateV1Negative.TemplateV1Negative","PreviewTemplateNegativeTest"
"Create Inspection for the carID generated in Car Creation","849","PostCreateInspection - Script injection attempt in id","API_Regression_Suite","2026-03-11","passed","2026-03-11","autochek_api_negative.DetachTyresSpecification.DetachTyresSpecificationNegative","Autochek_API_Automation","autochek_api_negative.DetachTyresSpecification.DetachTyresSpecificationNegative","PostCreateInspection"
"","2","PostLookUpV2Negative - Send XSS payload as token","API_Regression_Suite","2026-03-11","skipped","2026-03-11","autochek_api_negative.UserService.UserServiceV2Negative","Autochek_API_Automation","autochek_api_negative.UserService.UserServiceV2Negative","PostLookUpV2Negative"
"Validates GET /v1/inventory/obds with dynamic parameters - Negative Test","592","GetObdsNegative - SQL comment injection","API_Regression_Suite","2026-03-11","passed","2026-03-11","autochek_api_negative.InventoryService.DynamicResponseNegative","Autochek_API_Automation","autochek_api_negative.InventoryService.DynamicResponseNegative","GetObdsNegative"
"Validates GET /v1/inventory/car with dynamic parameters - Positive Test","515","GetCarList - Validate nested field model.make is returned","API_Regression_Suite","2026-03-11","broken","2026-03-11","autochek_api_positive.InventoryService.DynamicResponsePositive","Autochek_API_Automation","autochek_api_positive.InventoryService.DynamicResponsePositive","GetCarList"
"Get the list of Tyre brands","693","GetTyreBrandsNegative - Input with spaces before and after the code","API_Regression_Suite","2026-03-11","passed","2026-03-11","autochek_api_negative.OfferSimulation.OfferSimulationNegative","Autochek_API_Automation","autochek_api_negative.OfferSimulation.OfferSimulationNegative","GetTyreBrandsNegative"
"Create Welcome Email template with dynamic unique name and providerId and validate response fields","4","createWelcomeEmailTemplate - Verify template creation with audienceType Customer and category Promotional","API_Regression_Suite","2026-03-11","skipped","2026-03-11","autochek_api_positive.Template.TemplateV1Positive","Autochek_API_Automation","autochek_api_positive.Template.TemplateV1Positive","createWelcomeEmailTemplate"
"Get Offer Details by OfferID","722","GetOffersByIdNegative - offer_id with very short string","API_Regression_Suite","2026-03-11","passed","2026-03-11","autochek_api_negative.OriginationService.ResponsePayloadReductionV2APIsNegative","Autochek_API_Automation","autochek_api_negative.OriginationService.ResponsePayloadReductionV2APIsNegative","GetOffersByIdNegative"
"Get Offer Details by LoanID","712","GetOffersByLoanIdNegative - SQL injection with DROP statement","API_Regression_Suite","2026-03-11","passed","2026-03-11","autochek_api_negative.OriginationService.ResponsePayloadReductionV2APIsNegative","Autochek_API_Automation","autochek_api_negative.OriginationService.ResponsePayloadReductionV2APIsNegative","GetOffersByLoanIdNegative"
"Delete USER_SESSION and PASSWORD_POLICY using stored IDs","0","deleteSystemConfigs - Delete with special characters as ID","API_Regression_Suite","2026-03-11","skipped","2026-03-11","autochek_api_negative.UserService.UserServiceV2Negative","Autochek_API_Automation","autochek_api_negative.UserService.UserServiceV2Negative","deleteSystemConfigs"
"Validates GET /v2/origination/sources with dynamic parameters - Negative Test","832","GetBanksListNegative - country is lowercase","API_Regression_Suite","2026-03-11","passed","2026-03-11","autochek_api_negative.OriginationService.ResponsePayloadReductionV2APIsNegative","Autochek_API_Automation","autochek_api_negative.OriginationService.ResponsePayloadReductionV2APIsNegative","GetBanksListNegative"
"Validates GET /v2/origination/sources with dynamic parameters - Negative Test","800","GetSourcesListNegative - country is numeric string","API_Regression_Suite","2026-03-11","passed","2026-03-11","autochek_api_negative.OriginationService.ResponsePayloadReductionV2APIsNegative","Autochek_API_Automation","autochek_api_negative.OriginationService.ResponsePayloadReductionV2APIsNegative","GetSourcesListNegative"
"Get TyreSpecs Details by Car ID","0","GetTyreSpecs","API_Regression_Suite","2026-03-11","passed","2026-03-11","autochek_api_positive.DetachTyreSpecification.DetachTyreSpecificationPositive","Autochek_API_Automation","autochek_api_positive.DetachTyreSpecification.DetachTyreSpecificationPositive","GetTyreSpecs"
"Submit Loan Customer Preferences","649","SubmitLoanPreferencesNegative - upfrontInsurance wrong keyword string false","API_Regression_Suite","2026-03-11","passed","2026-03-11","autochek_api_negative.OfferSimulation.OfferSimulationNegative","Autochek_API_Automation","autochek_api_negative.OfferSimulation.OfferSimulationNegative","SubmitLoanPreferencesNegative"
"Submit Loan Customer Preferences","559","SubmitLoanPreferencesNegative - upfrontTyres SQL injection","API_Regression_Suite","2026-03-11","passed","2026-03-11","autochek_api_negative.OfferSimulation.OfferSimulationNegative","Autochek_API_Automation","autochek_api_negative.OfferSimulation.OfferSimulationNegative","SubmitLoanPreferencesNegative"
"Validates GET /v1/inventory/make with dynamic fields filtering","685","GetMakeNegative - Pass special characters in field","API_Regression_Suite","2026-03-11","passed","2026-03-11","autochek_api_negative.InventoryService.DynamicResponseNegative","Autochek_API_Automation","autochek_api_negative.InventoryService.DynamicResponseNegative","GetMakeNegative"
"Create Inspection for the carID generated in Car Creation","564","PostCreateInspection - Invalid type string","API_Regression_Suite","2026-03-11","passed","2026-03-11","autochek_api_negative.DetachTyresSpecification.DetachTyresSpecificationNegative","Autochek_API_Automation","autochek_api_negative.DetachTyresSpecification.DetachTyresSpecificationNegative","PostCreateInspection"
"Submit Loan Customer Preferences","909","SubmitLoanPreferencesNegative - upfrontVehicleTracking wrong keyword yes","API_Regression_Suite","2026-03-11","passed","2026-03-11","autochek_api_negative.OfferSimulation.OfferSimulationNegative","Autochek_API_Automation","autochek_api_negative.OfferSimulation.OfferSimulationNegative","SubmitLoanPreferencesNegative"
"Submit Loan Customer Preferences","4580","SubmitLoanPreferencesNegative - dealDiscount null","API_Regression_Suite","2026-03-11","passed","2026-03-11","autochek_api_negative.OfferSimulation.OfferSimulationNegative","Autochek_API_Automation","autochek_api_negative.OfferSimulation.OfferSimulationNegative","SubmitLoanPreferencesNegative"
"Submit Loan Customer Preferences","2214","SubmitLoanPreferencesNegative - Monthly Payment above max allowed","API_Regression_Suite","2026-03-11","failed","2026-03-11","autochek_api_negative.OfferSimulation.OfferSimulationNegative","Autochek_API_Automation","autochek_api_negative.OfferSimulation.OfferSimulationNegative","SubmitLoanPreferencesNegative"
"Submit Loan Customer Preferences","622","SubmitLoanPreferencesNegative - upfrontMaintenancePlan special characters","API_Regression_Suite","2026-03-11","passed","2026-03-11","autochek_api_negative.OfferSimulation.OfferSimulationNegative","Autochek_API_Automation","autochek_api_negative.OfferSimulation.OfferSimulationNegative","SubmitLoanPreferencesNegative"
"Create Inspection for the carID generated in Car Creation","944","PostCreateInspection - Null wheel_type","API_Regression_Suite","2026-03-11","passed","2026-03-11","autochek_api_negative.DetachTyresSpecification.DetachTyresSpecificationNegative","Autochek_API_Automation","autochek_api_negative.DetachTyresSpecification.DetachTyresSpecificationNegative","PostCreateInspection"
"Update System Config dynamically for PASSWORD_POLICY or USER_SESSION","0","PatchSystemConfigV2 - REQUIRE_SPECIAL_CHAR SQL injection attempt","API_Regression_Suite","2026-03-11","skipped","2026-03-11","autochek_api_negative.UserService.UserServiceV2Negative","Autochek_API_Automation","autochek_api_negative.UserService.UserServiceV2Negative","PatchSystemConfigV2"
"","18","PostLoginV2Negative - Password is an empty string","API_Regression_Suite","2026-03-11","skipped","2026-03-11","autochek_api_negative.UserService.UserServiceV2Negative","Autochek_API_Automation","autochek_api_negative.UserService.UserServiceV2Negative","PostLoginV2Negative"
"Submit Loan Customer Preferences","717","SubmitLoanPreferencesNegative - upfrontMaintenancePlan very long string","API_Regression_Suite","2026-03-11","passed","2026-03-11","autochek_api_negative.OfferSimulation.OfferSimulationNegative","Autochek_API_Automation","autochek_api_negative.OfferSimulation.OfferSimulationNegative","SubmitLoanPreferencesNegative"
"Update Car and Validate Response","1277","PutUpdateCar - license_plate as null","API_Regression_Suite","2026-03-11","failed","2026-03-11","autochek_api_negative.DetachTyresSpecification.DetachTyresSpecificationNegative","Autochek_API_Automation","autochek_api_negative.DetachTyresSpecification.DetachTyresSpecificationNegative","PutUpdateCar"
"Submit Loan Customer Preferences","557","SubmitLoanPreferencesNegative - upfrontCreditLifeInsurance wrong string false","API_Regression_Suite","2026-03-11","passed","2026-03-11","autochek_api_negative.OfferSimulation.OfferSimulationNegative","Autochek_API_Automation","autochek_api_negative.OfferSimulation.OfferSimulationNegative","SubmitLoanPreferencesNegative"
"Submit Loan Customer Preferences","794","SubmitLoanPreferencesNegative - tyreQuantity extremely large number","API_Regression_Suite","2026-03-11","passed","2026-03-11","autochek_api_negative.OfferSimulation.OfferSimulationNegative","Autochek_API_Automation","autochek_api_negative.OfferSimulation.OfferSimulationNegative","SubmitLoanPreferencesNegative"
"Validates GET /v1/inventory/trims with dynamic parameters - Negative Test","514","GetTrimsNegative - Validate response when passing SQL injection using nested subquery","API_Regression_Suite","2026-03-11","passed","2026-03-11","autochek_api_negative.InventoryService.DynamicResponseNegative","Autochek_API_Automation","autochek_api_negative.InventoryService.DynamicResponseNegative","GetTrimsNegative"
"Update Car and Validate Response","830","PutUpdateCar - address as SQL injection","API_Regression_Suite","2026-03-11","passed","2026-03-11","autochek_api_negative.DetachTyresSpecification.DetachTyresSpecificationNegative","Autochek_API_Automation","autochek_api_negative.DetachTyresSpecification.DetachTyresSpecificationNegative","PutUpdateCar"
"Validates GET /v1/inspection with dynamic parameters - Negative Test","522","GetInspectionNegative - Pass numeric in relations","API_Regression_Suite","2026-03-11","passed","2026-03-11","autochek_api_negative.InventoryService.DynamicResponseNegative","Autochek_API_Automation","autochek_api_negative.InventoryService.DynamicResponseNegative","GetInspectionNegative"
"Submit Loan Customer Preferences","807","SubmitLoanPreferencesNegative - upfrontCreditLifeInsurance special characters","API_Regression_Suite","2026-03-11","passed","2026-03-11","autochek_api_negative.OfferSimulation.OfferSimulationNegative","Autochek_API_Automation","autochek_api_negative.OfferSimulation.OfferSimulationNegative","SubmitLoanPreferencesNegative"
"Submit Loan Customer Preferences","721","SubmitLoanPreferencesNegative - equityContribution alphanumeric","API_Regression_Suite","2026-03-11","passed","2026-03-11","autochek_api_negative.OfferSimulation.OfferSimulationNegative","Autochek_API_Automation","autochek_api_negative.OfferSimulation.OfferSimulationNegative","SubmitLoanPreferencesNegative"
"","1373","submitLoanPreference - Upfront Maintenance Plan TRUE","API_Regression_Suite","2026-03-11","passed","2026-03-11","autochek_api_positive.OfferSimulation.OfferSimulationPositive","Autochek_API_Automation","autochek_api_positive.OfferSimulation.OfferSimulationPositive","submitLoanPreference"
"","1642","submitLoanPreference - Include licence renewal fees Yes","API_Regression_Suite","2026-03-11","passed","2026-03-11","autochek_api_positive.OfferSimulation.OfferSimulationPositive","Autochek_API_Automation","autochek_api_positive.OfferSimulation.OfferSimulationPositive","submitLoanPreference"
"Create Inspection for the carID generated in Car Creation","506","PostCreateInspection - Empty inspection_type should be rejected","API_Regression_Suite","2026-03-11","passed","2026-03-11","autochek_api_negative.DetachTyresSpecification.DetachTyresSpecificationNegative","Autochek_API_Automation","autochek_api_negative.DetachTyresSpecification.DetachTyresSpecificationNegative","PostCreateInspection"
"Update Car and Validate Response","917","PutUpdateCar - owner_type as empty","API_Regression_Suite","2026-03-11","passed","2026-03-11","autochek_api_negative.DetachTyresSpecification.DetachTyresSpecificationNegative","Autochek_API_Automation","autochek_api_negative.DetachTyresSpecification.DetachTyresSpecificationNegative","PutUpdateCar"
"Validates GET /v1/inventory/body_type with dynamic parameters - Negative Test","500","GetBodyTypeNegative - Pass object instead of string","API_Regression_Suite","2026-03-11","passed","2026-03-11","autochek_api_negative.InventoryService.DynamicResponseNegative","Autochek_API_Automation","autochek_api_negative.InventoryService.DynamicResponseNegative","GetBodyTypeNegative"
"Update Car and Validate Response","1570","PutUpdateCar - license_plate as empty","API_Regression_Suite","2026-03-11","passed","2026-03-11","autochek_api_negative.DetachTyresSpecification.DetachTyresSpecificationNegative","Autochek_API_Automation","autochek_api_negative.DetachTyresSpecification.DetachTyresSpecificationNegative","PutUpdateCar"
"Create Inspection for the carID generated in Car Creation","1431","PostCreateInspection - Null tyre code","API_Regression_Suite","2026-03-11","passed","2026-03-11","autochek_api_negative.DetachTyresSpecification.DetachTyresSpecificationNegative","Autochek_API_Automation","autochek_api_negative.DetachTyresSpecification.DetachTyresSpecificationNegative","PostCreateInspection"
"Submit Loan Customer Preferences","917","SubmitLoanPreferencesNegative - Include Roadworthiness Fees numeric instead of Yes/No","API_Regression_Suite","2026-03-11","failed","2026-03-11","autochek_api_negative.OfferSimulation.OfferSimulationNegative","Autochek_API_Automation","autochek_api_negative.OfferSimulation.OfferSimulationNegative","SubmitLoanPreferencesNegative"
"","3343","PostDisableUserV2 - Send valid userId that exists and is currently enabled","API_Regression_Suite","2026-03-11","failed","2026-03-11","autochek_api_positive.UserService.UserServiceV2","Autochek_API_Automation","autochek_api_positive.UserService.UserServiceV2","PostDisableUserV2"
"Validates GET /v2/origination/loans with dynamic parameters - Negative Test","761","GetLoansListNegative - page_size is float","API_Regression_Suite","2026-03-11","passed","2026-03-11","autochek_api_negative.OriginationService.ResponsePayloadReductionV2APIsNegative","Autochek_API_Automation","autochek_api_negative.OriginationService.ResponsePayloadReductionV2APIsNegative","GetLoansListNegative"
"Validate negative scenarios for template creation based on sheet data","0","CreateEmailTemplate - user_name is null while all other fields are valid","API_Regression_Suite","2026-03-11","skipped","2026-03-11","autochek_api_negative.Template.TemplateV1Negative.TemplateV1Negative","Autochek_API_Automation","autochek_api_negative.Template.TemplateV1Negative.TemplateV1Negative","CreateEmailTemplate"
"Submit Loan Customer Preferences","610","SubmitLoanPreferencesNegative - Tyre Brand numeric instead of string","API_Regression_Suite","2026-03-11","failed","2026-03-11","autochek_api_negative.OfferSimulation.OfferSimulationNegative","Autochek_API_Automation","autochek_api_negative.OfferSimulation.OfferSimulationNegative","SubmitLoanPreferencesNegative"
"Validates GET /v2/origination/sources with dynamic parameters - Negative Test","1216","GetBanksListNegative - country is array","API_Regression_Suite","2026-03-11","passed","2026-03-11","autochek_api_negative.OriginationService.ResponsePayloadReductionV2APIsNegative","Autochek_API_Automation","autochek_api_negative.OriginationService.ResponsePayloadReductionV2APIsNegative","GetBanksListNegative"
"Create Car and Validate Response","2661","CreateCar - Verify car creation with VIN containing alphanumeric mix","API_Regression_Suite","2026-03-11","broken","2026-03-11","autochek_api_positive.DetachTyreSpecification.DetachTyreSpecificationPositive","Autochek_API_Automation","autochek_api_positive.DetachTyreSpecification.DetachTyreSpecificationPositive","CreateCar"
"","681","PostLookUpV2 - Identifier is valid and existing email address","API_Regression_Suite","2026-03-11","passed","2026-03-11","autochek_api_positive.UserService.UserServiceV2","Autochek_API_Automation","autochek_api_positive.UserService.UserServiceV2","PostLookUpV2"
"Validates GET /v1/inventory/inspection_request with dynamic parameters - Negative Test","589","GetInspectionRequestNegative - Pass special characters as fields","API_Regression_Suite","2026-03-11","passed","2026-03-11","autochek_api_negative.InventoryService.DynamicResponseNegative","Autochek_API_Automation","autochek_api_negative.InventoryService.DynamicResponseNegative","GetInspectionRequestNegative"
"Validates GET /v1/inspection with dynamic parameters - Negative Test","753","GetInspectionNegative - Exclude all valid fields using - but invalid key","API_Regression_Suite","2026-03-11","passed","2026-03-11","autochek_api_negative.InventoryService.DynamicResponseNegative","Autochek_API_Automation","autochek_api_negative.InventoryService.DynamicResponseNegative","GetInspectionNegative"
"","854","PostLoginV2 - Verify user can successfully login with valid username and password","API_Regression_Suite","2026-03-11","passed","2026-03-11","autochek_api_positive.UserService.UserServiceV2","Autochek_API_Automation","autochek_api_positive.UserService.UserServiceV2","PostLoginV2"
"Validates GET /v1/inventory/inspection_request with dynamic parameters - Negative Test","513","GetInspectionRequestNegative - Try SQL injection style value","API_Regression_Suite","2026-03-11","passed","2026-03-11","autochek_api_negative.InventoryService.DynamicResponseNegative","Autochek_API_Automation","autochek_api_negative.InventoryService.DynamicResponseNegative","GetInspectionRequestNegative"
"Create Inspection for the carID generated in Car Creation","1017","PostCreateInspection - inspection_request_id invalid format + tyreCode too short","API_Regression_Suite","2026-03-11","passed","2026-03-11","autochek_api_negative.DetachTyresSpecification.DetachTyresSpecificationNegative","Autochek_API_Automation","autochek_api_negative.DetachTyresSpecification.DetachTyresSpecificationNegative","PostCreateInspection"
"","1771","submitLoanPreference - Upfront Insurance TRUE","API_Regression_Suite","2026-03-11","passed","2026-03-11","autochek_api_positive.OfferSimulation.OfferSimulationPositive","Autochek_API_Automation","autochek_api_positive.OfferSimulation.OfferSimulationPositive","submitLoanPreference"
"Submit Loan Customer Preferences","582","SubmitLoanPreferencesNegative - interestRate alphanumeric mix","API_Regression_Suite","2026-03-11","passed","2026-03-11","autochek_api_negative.OfferSimulation.OfferSimulationNegative","Autochek_API_Automation","autochek_api_negative.OfferSimulation.OfferSimulationNegative","SubmitLoanPreferencesNegative"
"Validates GET /v1/inventory/car with dynamic parameters - Negative Test","1110","GetCarListNegative - Validate API fails when mixing valid and invalid field names","API_Regression_Suite","2026-03-11","passed","2026-03-11","autochek_api_negative.InventoryService.DynamicResponseNegative","Autochek_API_Automation","autochek_api_negative.InventoryService.DynamicResponseNegative","GetCarListNegative"
"Submit Loan Customer Preferences","1895","SubmitLoanPreferencesNegative - requestedWarrantyPlan array instead of text","API_Regression_Suite","2026-03-11","passed","2026-03-11","autochek_api_negative.OfferSimulation.OfferSimulationNegative","Autochek_API_Automation","autochek_api_negative.OfferSimulation.OfferSimulationNegative","SubmitLoanPreferencesNegative"
"Validates GET /v1/origination/offers/{offer_Id}/loan-document with dynamic parameters - Negative Test","553","GetLoanDocumentsByOfferIdNegative - HTML tag injection","API_Regression_Suite","2026-03-11","passed","2026-03-11","autochek_api_negative.OriginationService.ResponsePayloadReductionV2APIsNegative","Autochek_API_Automation","autochek_api_negative.OriginationService.ResponsePayloadReductionV2APIsNegative","GetLoanDocumentsByOfferIdNegative"
"Validate negative scenarios for template creation based on sheet data","2","UpdateEmailTemplate - Name contains script injection","API_Regression_Suite","2026-03-11","skipped","2026-03-11","autochek_api_negative.Template.TemplateV1Negative.TemplateV1Negative","Autochek_API_Automation","autochek_api_negative.Template.TemplateV1Negative.TemplateV1Negative","UpdateEmailTemplate"
"Get Car Details to fetch Car ID","2361","GetCarDetails","API_Regression_Suite","2026-03-11","passed","2026-03-11","autochek_api_positive.OfferSimulation.OfferSimulationPositive","Autochek_API_Automation","autochek_api_positive.OfferSimulation.OfferSimulationPositive","GetCarDetails"
"","4502","submitLoanPreference - Omit equityContribution","API_Regression_Suite","2026-03-11","passed","2026-03-11","autochek_api_positive.OfferSimulation.OfferSimulationPositive","Autochek_API_Automation","autochek_api_positive.OfferSimulation.OfferSimulationPositive","submitLoanPreference"
"Validates GET /v1/inventory/trims with dynamic parameters - Negative Test","524","GetTrimsNegative - Validate response when passing boolean as field","API_Regression_Suite","2026-03-11","passed","2026-03-11","autochek_api_negative.InventoryService.DynamicResponseNegative","Autochek_API_Automation","autochek_api_negative.InventoryService.DynamicResponseNegative","GetTrimsNegative"
"Filter templates based on audienceType and validate response","2","filterTemplate - category is null while all other fields are valid","API_Regression_Suite","2026-03-11","skipped","2026-03-11","autochek_api_negative.Template.TemplateV1Negative.TemplateV1Negative","Autochek_API_Automation","autochek_api_negative.Template.TemplateV1Negative.TemplateV1Negative","filterTemplate"
"Submit Loan Customer Preferences","663","SubmitLoanPreferencesNegative - upfrontInsurance null","API_Regression_Suite","2026-03-11","passed","2026-03-11","autochek_api_negative.OfferSimulation.OfferSimulationNegative","Autochek_API_Automation","autochek_api_negative.OfferSimulation.OfferSimulationNegative","SubmitLoanPreferencesNegative"
"","0","PostLogoutAllAdminNegative - Send no access token in cookie/header","API_Regression_Suite","2026-03-11","skipped","2026-03-11","autochek_api_negative.UserService.UserServiceV2Negative","Autochek_API_Automation","autochek_api_negative.UserService.UserServiceV2Negative","PostLogoutAllAdminNegative"
"Validates GET /v2/origination/partners with dynamic parameters - Positive Test","818","GetPartnersListNegative - country is longer than 2 chars","API_Regression_Suite","2026-03-11","passed","2026-03-11","autochek_api_negative.OriginationService.ResponsePayloadReductionV2APIsNegative","Autochek_API_Automation","autochek_api_negative.OriginationService.ResponsePayloadReductionV2APIsNegative","GetPartnersListNegative"
"Submit Loan Customer Preferences","784","SubmitLoanPreferencesNegative - Include Licence Renewal Fees invalid value","API_Regression_Suite","2026-03-11","failed","2026-03-11","autochek_api_negative.OfferSimulation.OfferSimulationNegative","Autochek_API_Automation","autochek_api_negative.OfferSimulation.OfferSimulationNegative","SubmitLoanPreferencesNegative"
"Delete USER_SESSION and PASSWORD_POLICY using stored IDs","1","deleteSystemConfigs - Delete with null ID","API_Regression_Suite","2026-03-11","skipped","2026-03-11","autochek_api_negative.UserService.UserServiceV2Negative","Autochek_API_Automation","autochek_api_negative.UserService.UserServiceV2Negative","deleteSystemConfigs"
"Create Car and Validate Response","2614","CreateCar - Verify car creation with tyre_code = TY002 and is_draft = true","API_Regression_Suite","2026-03-11","broken","2026-03-11","autochek_api_positive.DetachTyreSpecification.DetachTyreSpecificationPositive","Autochek_API_Automation","autochek_api_positive.DetachTyreSpecification.DetachTyreSpecificationPositive","CreateCar"
"Negative test for Create System Config V2","3","PostSystemConfigV2 - MIN_LENGTH greater than MAX_LENGTH","API_Regression_Suite","2026-03-11","skipped","2026-03-11","autochek_api_negative.UserService.UserServiceV2Negative","Autochek_API_Automation","autochek_api_negative.UserService.UserServiceV2Negative","PostSystemConfigV2"
"Validates GET /v1/inspection with dynamic parameters - Negative Test","1014","GetInspectionNegative - Validate API fails when passing blank fields value","API_Regression_Suite","2026-03-11","passed","2026-03-11","autochek_api_negative.InventoryService.DynamicResponseNegative","Autochek_API_Automation","autochek_api_negative.InventoryService.DynamicResponseNegative","GetInspectionNegative"
"Validates GET /v1/inventory/body_type with dynamic parameters - Negative Test","531","GetBodyTypeNegative - Pass only whitespace in fields","API_Regression_Suite","2026-03-11","passed","2026-03-11","autochek_api_negative.InventoryService.DynamicResponseNegative","Autochek_API_Automation","autochek_api_negative.InventoryService.DynamicResponseNegative","GetBodyTypeNegative"
"Update System Config dynamically for PASSWORD_POLICY or USER_SESSION","2","PatchSystemConfigV2 - MIN_LENGTH SQL injection","API_Regression_Suite","2026-03-11","skipped","2026-03-11","autochek_api_negative.UserService.UserServiceV2Negative","Autochek_API_Automation","autochek_api_negative.UserService.UserServiceV2Negative","PatchSystemConfigV2"
"Validates GET /v1/inventory/make with dynamic fields filtering - Positive Test","554","GetMake - Verify response returns only imageUrl field","API_Regression_Suite","2026-03-11","failed","2026-03-11","autochek_api_positive.InventoryService.DynamicResponsePositive","Autochek_API_Automation","autochek_api_positive.InventoryService.DynamicResponsePositive","GetMake"
"Submit Loan Customer Preferences","1310","SubmitLoanPreferencesNegative - feePaymentMethod SQL injection DROP table","API_Regression_Suite","2026-03-11","passed","2026-03-11","autochek_api_negative.OfferSimulation.OfferSimulationNegative","Autochek_API_Automation","autochek_api_negative.OfferSimulation.OfferSimulationNegative","SubmitLoanPreferencesNegative"
"","2155","PostUserSignUpV2 - Verify signup with userType = internal","API_Regression_Suite","2026-03-11","passed","2026-03-11","autochek_api_positive.UserService.UserServiceV2","Autochek_API_Automation","autochek_api_positive.UserService.UserServiceV2","PostUserSignUpV2"
"Validates GET /v1/inventory/body_type with dynamic parameters - Negative Test","525","GetBodyTypeNegative - Exclude all valid fields with minus sign but invalid key","API_Regression_Suite","2026-03-11","passed","2026-03-11","autochek_api_negative.InventoryService.DynamicResponseNegative","Autochek_API_Automation","autochek_api_negative.InventoryService.DynamicResponseNegative","GetBodyTypeNegative"
"Update System Config dynamically for PASSWORD_POLICY or USER_SESSION","0","PatchSystemConfigV2 - REQUIRE_LOWERCASE object structure passed","API_Regression_Suite","2026-03-11","skipped","2026-03-11","autochek_api_negative.UserService.UserServiceV2Negative","Autochek_API_Automation","autochek_api_negative.UserService.UserServiceV2Negative","PatchSystemConfigV2"
"Validates GET /v2/origination/loans/{loan_id}/logbook/car-details - Negative Test","592","GetLogbookCarDetailsByLoanIdNegative - Send loan_id as numeric only","API_Regression_Suite","2026-03-11","passed","2026-03-11","autochek_api_negative.OriginationService.ResponsePayloadReductionV2APIsNegative","Autochek_API_Automation","autochek_api_negative.OriginationService.ResponsePayloadReductionV2APIsNegative","GetLogbookCarDetailsByLoanIdNegative"
"Create Car and Validate Response","2294","CreateCar - Verify car creation with is_draft = false","API_Regression_Suite","2026-03-11","broken","2026-03-11","autochek_api_positive.DetachTyreSpecification.DetachTyreSpecificationPositive","Autochek_API_Automation","autochek_api_positive.DetachTyreSpecification.DetachTyreSpecificationPositive","CreateCar"
"Fetching loan by ID","826","GetLoanByIdNegative - loan_id with very short string","API_Regression_Suite","2026-03-11","passed","2026-03-11","autochek_api_negative.OriginationService.ResponsePayloadReductionV2APIsNegative","Autochek_API_Automation","autochek_api_negative.OriginationService.ResponsePayloadReductionV2APIsNegative","GetLoanByIdNegative"
"","4","PostLoginV2Negative - Valid Password but non existng username","API_Regression_Suite","2026-03-11","skipped","2026-03-11","autochek_api_negative.UserService.UserServiceV2Negative","Autochek_API_Automation","autochek_api_negative.UserService.UserServiceV2Negative","PostLoginV2Negative"
"Submit Loan Customer Preferences","2348","SubmitLoanPreferencesNegative - feePaymentMethod boolean true","API_Regression_Suite","2026-03-11","passed","2026-03-11","autochek_api_negative.OfferSimulation.OfferSimulationNegative","Autochek_API_Automation","autochek_api_negative.OfferSimulation.OfferSimulationNegative","SubmitLoanPreferencesNegative"
"Submit Loan Customer Preferences","722","SubmitLoanPreferencesNegative - interestRateType invalid keyword","API_Regression_Suite","2026-03-11","passed","2026-03-11","autochek_api_negative.OfferSimulation.OfferSimulationNegative","Autochek_API_Automation","autochek_api_negative.OfferSimulation.OfferSimulationNegative","SubmitLoanPreferencesNegative"
"Validate negative scenarios for template creation based on sheet data","2","UpdateEmailTemplate - providerId is null while all other fields are valid","API_Regression_Suite","2026-03-11","skipped","2026-03-11","autochek_api_negative.Template.TemplateV1Negative.TemplateV1Negative","Autochek_API_Automation","autochek_api_negative.Template.TemplateV1Negative.TemplateV1Negative","UpdateEmailTemplate"
"Validate negative scenarios for template creation based on sheet data","0","UpdateEmailTemplate - account_id contains alphabetic characters","API_Regression_Suite","2026-03-11","skipped","2026-03-11","autochek_api_negative.Template.TemplateV1Negative.TemplateV1Negative","Autochek_API_Automation","autochek_api_negative.Template.TemplateV1Negative.TemplateV1Negative","UpdateEmailTemplate"
"Validate negative scenarios for template creation based on sheet data","4","UpdateEmailTemplate - audienceType contains invalid value not supported by system","API_Regression_Suite","2026-03-11","skipped","2026-03-11","autochek_api_negative.Template.TemplateV1Negative.TemplateV1Negative","Autochek_API_Automation","autochek_api_negative.Template.TemplateV1Negative.TemplateV1Negative","UpdateEmailTemplate"
"Validates GET /v1/inventory/inspection_request with dynamic parameters - Negative Test","535","GetInspectionRequestNegative - Pass comma without field names","API_Regression_Suite","2026-03-11","passed","2026-03-11","autochek_api_negative.InventoryService.DynamicResponseNegative","Autochek_API_Automation","autochek_api_negative.InventoryService.DynamicResponseNegative","GetInspectionRequestNegative"
"Validate Template Schema API using sheet driven template names","0","GetTemplateSchemaTest - Template name contains special characters","API_Regression_Suite","2026-03-11","skipped","2026-03-11","autochek_api_negative.Template.TemplateV1Negative.TemplateV1Negative","Autochek_API_Automation","autochek_api_negative.Template.TemplateV1Negative.TemplateV1Negative","GetTemplateSchemaTest"
"Validate negative scenarios for template creation based on sheet data","2","UpdateEmailTemplate - category contains special characters","API_Regression_Suite","2026-03-11","skipped","2026-03-11","autochek_api_negative.Template.TemplateV1Negative.TemplateV1Negative","Autochek_API_Automation","autochek_api_negative.Template.TemplateV1Negative.TemplateV1Negative","UpdateEmailTemplate"
"Update System Config dynamically for PASSWORD_POLICY or USER_SESSION","2","PatchSystemConfigV2 - REQUIRE_LOWERCASE null value","API_Regression_Suite","2026-03-11","skipped","2026-03-11","autochek_api_negative.UserService.UserServiceV2Negative","Autochek_API_Automation","autochek_api_negative.UserService.UserServiceV2Negative","PatchSystemConfigV2"
"Submit Loan Customer Preferences","642","SubmitLoanPreferencesNegative - includeLicenceRenewalFees special characters","API_Regression_Suite","2026-03-11","passed","2026-03-11","autochek_api_negative.OfferSimulation.OfferSimulationNegative","Autochek_API_Automation","autochek_api_negative.OfferSimulation.OfferSimulationNegative","SubmitLoanPreferencesNegative"
"","3215","submitLoanPreference - Omit upfrontTyres","API_Regression_Suite","2026-03-11","passed","2026-03-11","autochek_api_positive.OfferSimulation.OfferSimulationPositive","Autochek_API_Automation","autochek_api_positive.OfferSimulation.OfferSimulationPositive","submitLoanPreference"
"Submit Loan Customer Preferences","979","SubmitLoanPreferencesNegative - Tyre Brand unsupported value","API_Regression_Suite","2026-03-11","failed","2026-03-11","autochek_api_negative.OfferSimulation.OfferSimulationNegative","Autochek_API_Automation","autochek_api_negative.OfferSimulation.OfferSimulationNegative","SubmitLoanPreferencesNegative"
"","2","PostRefreshV2Negative - Send expired refresh token","API_Regression_Suite","2026-03-11","skipped","2026-03-11","autochek_api_negative.UserService.UserServiceV2Negative","Autochek_API_Automation","autochek_api_negative.UserService.UserServiceV2Negative","PostRefreshV2Negative"
"Validates GET /v1/inventory/car with dynamic parameters - Positive Test","674","GetCarList - Validate multiple fields id,year are returned","API_Regression_Suite","2026-03-11","broken","2026-03-11","autochek_api_positive.InventoryService.DynamicResponsePositive","Autochek_API_Automation","autochek_api_positive.InventoryService.DynamicResponsePositive","GetCarList"
"Accept Simulation Offer","533","AcceptOfferNegative - Send loan_id as random alphanumeric invalid format","API_Regression_Suite","2026-03-11","passed","2026-03-11","autochek_api_negative.OfferSimulation.OfferSimulationNegative","Autochek_API_Automation","autochek_api_negative.OfferSimulation.OfferSimulationNegative","AcceptOfferNegative"
"Validates GET /v1/inventory/model with dynamic parameters - Negative Test","645","GetModelListNegative - Pass array instead of CSV","API_Regression_Suite","2026-03-11","passed","2026-03-11","autochek_api_negative.InventoryService.DynamicResponseNegative","Autochek_API_Automation","autochek_api_negative.InventoryService.DynamicResponseNegative","GetModelListNegative"
"","3","PostDisableUserV2Negative - Send null userId","API_Regression_Suite","2026-03-11","skipped","2026-03-11","autochek_api_negative.UserService.UserServiceV2Negative","Autochek_API_Automation","autochek_api_negative.UserService.UserServiceV2Negative","PostDisableUserV2Negative"
"Validates GET /v2/origination/offers with dynamic parameters - Positive Test","834","GetOffersListNegative - page_size is special characters","API_Regression_Suite","2026-03-11","passed","2026-03-11","autochek_api_negative.OriginationService.ResponsePayloadReductionV2APIsNegative","Autochek_API_Automation","autochek_api_negative.OriginationService.ResponsePayloadReductionV2APIsNegative","GetOffersListNegative"
"Validates GET /v2/origination/offers with dynamic parameters - Positive Test","6","GetOffersList - country is GH","API_Regression_Suite","2026-03-11","skipped","2026-03-11","autochek_api_positive.OriginationService.ResponsePayloadReductionV2APIs","Autochek_API_Automation","autochek_api_positive.OriginationService.ResponsePayloadReductionV2APIs","GetOffersList"
"Validates GET /v2/origination/sources with dynamic parameters - Negative Test","718","GetSourcesListNegative - country is array","API_Regression_Suite","2026-03-11","passed","2026-03-11","autochek_api_negative.OriginationService.ResponsePayloadReductionV2APIsNegative","Autochek_API_Automation","autochek_api_negative.OriginationService.ResponsePayloadReductionV2APIsNegative","GetSourcesListNegative"
"Validates GET /v2/origination/sources with dynamic parameters - Negative Test","720","GetSourcesListNegative - country is one character","API_Regression_Suite","2026-03-11","passed","2026-03-11","autochek_api_negative.OriginationService.ResponsePayloadReductionV2APIsNegative","Autochek_API_Automation","autochek_api_negative.OriginationService.ResponsePayloadReductionV2APIsNegative","GetSourcesListNegative"
"Submit Loan Customer Preferences","887","SubmitLoanPreferencesNegative - upfrontMaintenancePlan numeric instead of boolean","API_Regression_Suite","2026-03-11","passed","2026-03-11","autochek_api_negative.OfferSimulation.OfferSimulationNegative","Autochek_API_Automation","autochek_api_negative.OfferSimulation.OfferSimulationNegative","SubmitLoanPreferencesNegative"
"Validates GET /v2/origination/loans/{loan_id}/logbook/booking-info - Negative Test","592","GetBookingInfoForLogbookLoanNegative - Send loan_id as whitespace only","API_Regression_Suite","2026-03-11","passed","2026-03-11","autochek_api_negative.OriginationService.ResponsePayloadReductionV2APIsNegative","Autochek_API_Automation","autochek_api_negative.OriginationService.ResponsePayloadReductionV2APIsNegative","GetBookingInfoForLogbookLoanNegative"
"Create Car and Validate Response","2677","CreateCar - Verify car creation with franchise_id = kpMngdaMZ","API_Regression_Suite","2026-03-11","broken","2026-03-11","autochek_api_positive.DetachTyreSpecification.DetachTyreSpecificationPositive","Autochek_API_Automation","autochek_api_positive.DetachTyreSpecification.DetachTyreSpecificationPositive","CreateCar"
"Accept Simulation Offer","181053","AcceptOffer","API_Regression_Suite","2026-03-11","passed","2026-03-11","autochek_api_positive.OfferSimulation.OfferSimulationPositive","Autochek_API_Automation","autochek_api_positive.OfferSimulation.OfferSimulationPositive","AcceptOffer"
"","4","PostUserSignUpV2Negative - PhoneNumber is null","API_Regression_Suite","2026-03-11","skipped","2026-03-11","autochek_api_negative.UserService.UserServiceV2Negative","Autochek_API_Automation","autochek_api_negative.UserService.UserServiceV2Negative","PostUserSignUpV2Negative"
"Validate negative scenarios for template creation based on sheet data","0","CreateEmailTemplate - renderByUs is null while all other fields are valid","API_Regression_Suite","2026-03-11","skipped","2026-03-11","autochek_api_negative.Template.TemplateV1Negative.TemplateV1Negative","Autochek_API_Automation","autochek_api_negative.Template.TemplateV1Negative.TemplateV1Negative","CreateEmailTemplate"
"Update Car and Validate Response","879","PutUpdateCar - created_by invalid format with symbols","API_Regression_Suite","2026-03-11","passed","2026-03-11","autochek_api_negative.DetachTyresSpecification.DetachTyresSpecificationNegative","Autochek_API_Automation","autochek_api_negative.DetachTyresSpecification.DetachTyresSpecificationNegative","PutUpdateCar"
"Submit Loan Customer Preferences","1190","SubmitLoanPreferencesNegative - term alphanumeric junk","API_Regression_Suite","2026-03-11","passed","2026-03-11","autochek_api_negative.OfferSimulation.OfferSimulationNegative","Autochek_API_Automation","autochek_api_negative.OfferSimulation.OfferSimulationNegative","SubmitLoanPreferencesNegative"
"Update System Config dynamically for PASSWORD_POLICY or USER_SESSION","16","PatchSystemConfigV2 - DISALLOW_WHITESPACES decimal value","API_Regression_Suite","2026-03-11","skipped","2026-03-11","autochek_api_negative.UserService.UserServiceV2Negative","Autochek_API_Automation","autochek_api_negative.UserService.UserServiceV2Negative","PatchSystemConfigV2"
"Validates GET /v1/inventory/trims with dynamic parameters - Positive Test","514","GetTrims - Validate only id, wheelType, and popular fields are returned","API_Regression_Suite","2026-03-11","failed","2026-03-11","autochek_api_positive.InventoryService.DynamicResponsePositive","Autochek_API_Automation","autochek_api_positive.InventoryService.DynamicResponsePositive","GetTrims"
"Validates GET /v2/origination/offers with dynamic parameters - Positive Test","717","GetOffersListNegative - country is lowercase","API_Regression_Suite","2026-03-11","passed","2026-03-11","autochek_api_negative.OriginationService.ResponsePayloadReductionV2APIsNegative","Autochek_API_Automation","autochek_api_negative.OriginationService.ResponsePayloadReductionV2APIsNegative","GetOffersListNegative"
"Create Inspection for the carID generated in Car Creation","862","PostCreateInspection - Empty inspection_request_summary_id","API_Regression_Suite","2026-03-11","passed","2026-03-11","autochek_api_negative.DetachTyresSpecification.DetachTyresSpecificationNegative","Autochek_API_Automation","autochek_api_negative.DetachTyresSpecification.DetachTyresSpecificationNegative","PostCreateInspection"
"Validates GET /v1/inventory/model with dynamic parameters - Positive Test","1154","GetModelList - Validate exclusion of name field while including id","API_Regression_Suite","2026-03-11","passed","2026-03-11","autochek_api_positive.InventoryService.DynamicResponsePositive","Autochek_API_Automation","autochek_api_positive.InventoryService.DynamicResponsePositive","GetModelList"
"","6312","submitLoanPreference - Requested Warranty Plan2","API_Regression_Suite","2026-03-11","passed","2026-03-11","autochek_api_positive.OfferSimulation.OfferSimulationPositive","Autochek_API_Automation","autochek_api_positive.OfferSimulation.OfferSimulationPositive","submitLoanPreference"
"Validates GET /v1/inventory/model with dynamic parameters - Positive Test","606","GetModelList - Validate both fields and relations used together","API_Regression_Suite","2026-03-11","passed","2026-03-11","autochek_api_positive.InventoryService.DynamicResponsePositive","Autochek_API_Automation","autochek_api_positive.InventoryService.DynamicResponsePositive","GetModelList"
"Submit Loan Customer Preferences","552","SubmitLoanPreferencesNegative - upfrontVehicleRegistration SQL injection attempt","API_Regression_Suite","2026-03-11","passed","2026-03-11","autochek_api_negative.OfferSimulation.OfferSimulationNegative","Autochek_API_Automation","autochek_api_negative.OfferSimulation.OfferSimulationNegative","SubmitLoanPreferencesNegative"
"Submit Loan Customer Preferences","1023","SubmitLoanPreferencesNegative - Upfront Tyres invalid string","API_Regression_Suite","2026-03-11","failed","2026-03-11","autochek_api_negative.OfferSimulation.OfferSimulationNegative","Autochek_API_Automation","autochek_api_negative.OfferSimulation.OfferSimulationNegative","SubmitLoanPreferencesNegative"
"Get Offer Details by OfferID","869","GetOffersByIdNegative - Script injection (XSS attempt)","API_Regression_Suite","2026-03-11","passed","2026-03-11","autochek_api_negative.OriginationService.ResponsePayloadReductionV2APIsNegative","Autochek_API_Automation","autochek_api_negative.OriginationService.ResponsePayloadReductionV2APIsNegative","GetOffersByIdNegative"
"Negative test for Create System Config V2","16","PostSystemConfigV2 - MAX_LENGTH huge number","API_Regression_Suite","2026-03-11","skipped","2026-03-11","autochek_api_negative.UserService.UserServiceV2Negative","Autochek_API_Automation","autochek_api_negative.UserService.UserServiceV2Negative","PostSystemConfigV2"
"Validates GET /v1/inspection with dynamic parameters - Negative Test","736","GetInspectionNegative - Validate API fails when mixing valid and invalid field names","API_Regression_Suite","2026-03-11","passed","2026-03-11","autochek_api_negative.InventoryService.DynamicResponseNegative","Autochek_API_Automation","autochek_api_negative.InventoryService.DynamicResponseNegative","GetInspectionNegative"
"Submit Loan Customer Preferences","731","SubmitLoanPreferencesNegative - upfrontVehicleRegistration random text","API_Regression_Suite","2026-03-11","passed","2026-03-11","autochek_api_negative.OfferSimulation.OfferSimulationNegative","Autochek_API_Automation","autochek_api_negative.OfferSimulation.OfferSimulationNegative","SubmitLoanPreferencesNegative"
"Submit Loan Customer Preferences","559","SubmitLoanPreferencesNegative - upfrontInsurance XSS attack","API_Regression_Suite","2026-03-11","passed","2026-03-11","autochek_api_negative.OfferSimulation.OfferSimulationNegative","Autochek_API_Automation","autochek_api_negative.OfferSimulation.OfferSimulationNegative","SubmitLoanPreferencesNegative"
"Get TyreSpecs Details by Car ID","828","GetTyreSpecs - car_id invalid mix of symbols and letters","API_Regression_Suite","2026-03-11","passed","2026-03-11","autochek_api_negative.DetachTyresSpecification.DetachTyresSpecificationNegative","Autochek_API_Automation","autochek_api_negative.DetachTyresSpecification.DetachTyresSpecificationNegative","GetTyreSpecs"
"Validates GET /v1/inventory/model with dynamic parameters - Positive Test","567","GetModelList - Validate only make.name is returned inside make","API_Regression_Suite","2026-03-11","passed","2026-03-11","autochek_api_positive.InventoryService.DynamicResponsePositive","Autochek_API_Automation","autochek_api_positive.InventoryService.DynamicResponsePositive","GetModelList"
"Validate negative scenarios for template creation based on sheet data","12","CreateEmailTemplate - user_name contains only spaces while others are valid","API_Regression_Suite","2026-03-11","skipped","2026-03-11","autochek_api_negative.Template.TemplateV1Negative.TemplateV1Negative","Autochek_API_Automation","autochek_api_negative.Template.TemplateV1Negative.TemplateV1Negative","CreateEmailTemplate"
"Get Offer Details by OfferID","824","GetOffersByIdNegative - SQL injection with DROP statement","API_Regression_Suite","2026-03-11","passed","2026-03-11","autochek_api_negative.OriginationService.ResponsePayloadReductionV2APIsNegative","Autochek_API_Automation","autochek_api_negative.OriginationService.ResponsePayloadReductionV2APIsNegative","GetOffersByIdNegative"
"Validate negative scenarios for template creation based on sheet data","3","UpdateEmailTemplate - Name contains only spaces while others are valid","API_Regression_Suite","2026-03-11","skipped","2026-03-11","autochek_api_negative.Template.TemplateV1Negative.TemplateV1Negative","Autochek_API_Automation","autochek_api_negative.Template.TemplateV1Negative.TemplateV1Negative","UpdateEmailTemplate"
"Submit Loan Customer Preferences","3236","SubmitLoanPreferencesNegative - desiredLoanCurrency too long","API_Regression_Suite","2026-03-11","passed","2026-03-11","autochek_api_negative.OfferSimulation.OfferSimulationNegative","Autochek_API_Automation","autochek_api_negative.OfferSimulation.OfferSimulationNegative","SubmitLoanPreferencesNegative"
"","2","PostLoginV2Negative - Password is null","API_Regression_Suite","2026-03-11","skipped","2026-03-11","autochek_api_negative.UserService.UserServiceV2Negative","Autochek_API_Automation","autochek_api_negative.UserService.UserServiceV2Negative","PostLoginV2Negative"
"Filter templates based on audienceType and validate response","6","filterTemplate - Pass token as empty","API_Regression_Suite","2026-03-11","skipped","2026-03-11","autochek_api_negative.Template.TemplateV1Negative.TemplateV1Negative","Autochek_API_Automation","autochek_api_negative.Template.TemplateV1Negative.TemplateV1Negative","filterTemplate"
"Validate negative scenarios for template creation based on sheet data","6","CreateEmailTemplate - renderByUs contains special characters","API_Regression_Suite","2026-03-11","skipped","2026-03-11","autochek_api_negative.Template.TemplateV1Negative.TemplateV1Negative","Autochek_API_Automation","autochek_api_negative.Template.TemplateV1Negative.TemplateV1Negative","CreateEmailTemplate"
"Create Inspection for the carID generated in Car Creation","703","PostCreateInspection - id special characters + country lowercase","API_Regression_Suite","2026-03-11","passed","2026-03-11","autochek_api_negative.DetachTyresSpecification.DetachTyresSpecificationNegative","Autochek_API_Automation","autochek_api_negative.DetachTyresSpecification.DetachTyresSpecificationNegative","PostCreateInspection"
"Validates GET /v1/inventory/trims with dynamic parameters - Negative Test","568","GetTrimsNegative - Validate response when passing numeric value as field","API_Regression_Suite","2026-03-11","passed","2026-03-11","autochek_api_negative.InventoryService.DynamicResponseNegative","Autochek_API_Automation","autochek_api_negative.InventoryService.DynamicResponseNegative","GetTrimsNegative"
"Submit Loan Customer Preferences","986","SubmitLoanPreferencesNegative - Residual Percentage invalid value (out of range)","API_Regression_Suite","2026-03-11","failed","2026-03-11","autochek_api_negative.OfferSimulation.OfferSimulationNegative","Autochek_API_Automation","autochek_api_negative.OfferSimulation.OfferSimulationNegative","SubmitLoanPreferencesNegative"
"Validates GET /v1/inspection with dynamic parameters - Negative Test","504","GetInspectionNegative - Pass invalid structure in relations","API_Regression_Suite","2026-03-11","passed","2026-03-11","autochek_api_negative.InventoryService.DynamicResponseNegative","Autochek_API_Automation","autochek_api_negative.InventoryService.DynamicResponseNegative","GetInspectionNegative"
"Delete USER_SESSION and PASSWORD_POLICY using stored IDs","3","deleteSystemConfigs - Delete with alphabets instead of numeric ID","API_Regression_Suite","2026-03-11","skipped","2026-03-11","autochek_api_negative.UserService.UserServiceV2Negative","Autochek_API_Automation","autochek_api_negative.UserService.UserServiceV2Negative","deleteSystemConfigs"
"Validates GET /v1/inventory/body_type with dynamic parameters - Negative Test","662","GetBodyTypeNegative - Pass boolean instead of string","API_Regression_Suite","2026-03-11","passed","2026-03-11","autochek_api_negative.InventoryService.DynamicResponseNegative","Autochek_API_Automation","autochek_api_negative.InventoryService.DynamicResponseNegative","GetBodyTypeNegative"
"Validates GET /v1/inspection with dynamic parameters - Negative Test","759","GetInspectionNegative - Pass numeric value in fields","API_Regression_Suite","2026-03-11","passed","2026-03-11","autochek_api_negative.InventoryService.DynamicResponseNegative","Autochek_API_Automation","autochek_api_negative.InventoryService.DynamicResponseNegative","GetInspectionNegative"
"Negative test for Create System Config V2","0","PostSystemConfigV2 - REQUIRE_UPPERCASE array structure passed","API_Regression_Suite","2026-03-11","skipped","2026-03-11","autochek_api_negative.UserService.UserServiceV2Negative","Autochek_API_Automation","autochek_api_negative.UserService.UserServiceV2Negative","PostSystemConfigV2"
"Validates GET /v2/origination/partners with dynamic parameters - Positive Test","2","GetPartnersList - country is KE","API_Regression_Suite","2026-03-11","skipped","2026-03-11","autochek_api_positive.OriginationService.ResponsePayloadReductionV2APIs","Autochek_API_Automation","autochek_api_positive.OriginationService.ResponsePayloadReductionV2APIs","GetPartnersList"
